"statistic","country","year","day","date","deaths","quality"
"Statistik der Sterbefälle","Germany",2000,"01.01.",2000-01-01,2626,"e"
"Statistik der Sterbefälle","Germany",2000,"02.01.",2000-01-02,2618,"e"
"Statistik der Sterbefälle","Germany",2000,"03.01.",2000-01-03,2603,"e"
"Statistik der Sterbefälle","Germany",2000,"04.01.",2000-01-04,2612,"e"
"Statistik der Sterbefälle","Germany",2000,"05.01.",2000-01-05,2631,"e"
"Statistik der Sterbefälle","Germany",2000,"06.01.",2000-01-06,2721,"e"
"Statistik der Sterbefälle","Germany",2000,"07.01.",2000-01-07,2637,"e"
"Statistik der Sterbefälle","Germany",2000,"08.01.",2000-01-08,2608,"e"
"Statistik der Sterbefälle","Germany",2000,"09.01.",2000-01-09,2454,"e"
"Statistik der Sterbefälle","Germany",2000,"10.01.",2000-01-10,2615,"e"
"Statistik der Sterbefälle","Germany",2000,"11.01.",2000-01-11,2660,"e"
"Statistik der Sterbefälle","Germany",2000,"12.01.",2000-01-12,2631,"e"
"Statistik der Sterbefälle","Germany",2000,"13.01.",2000-01-13,2626,"e"
"Statistik der Sterbefälle","Germany",2000,"14.01.",2000-01-14,2695,"e"
"Statistik der Sterbefälle","Germany",2000,"15.01.",2000-01-15,2640,"e"
"Statistik der Sterbefälle","Germany",2000,"16.01.",2000-01-16,2593,"e"
"Statistik der Sterbefälle","Germany",2000,"17.01.",2000-01-17,2814,"e"
"Statistik der Sterbefälle","Germany",2000,"18.01.",2000-01-18,2728,"e"
"Statistik der Sterbefälle","Germany",2000,"19.01.",2000-01-19,2698,"e"
"Statistik der Sterbefälle","Germany",2000,"20.01.",2000-01-20,2722,"e"
"Statistik der Sterbefälle","Germany",2000,"21.01.",2000-01-21,2780,"e"
"Statistik der Sterbefälle","Germany",2000,"22.01.",2000-01-22,2685,"e"
"Statistik der Sterbefälle","Germany",2000,"23.01.",2000-01-23,2709,"e"
"Statistik der Sterbefälle","Germany",2000,"24.01.",2000-01-24,2749,"e"
"Statistik der Sterbefälle","Germany",2000,"25.01.",2000-01-25,2681,"e"
"Statistik der Sterbefälle","Germany",2000,"26.01.",2000-01-26,2719,"e"
"Statistik der Sterbefälle","Germany",2000,"27.01.",2000-01-27,2927,"e"
"Statistik der Sterbefälle","Germany",2000,"28.01.",2000-01-28,2867,"e"
"Statistik der Sterbefälle","Germany",2000,"29.01.",2000-01-29,2881,"e"
"Statistik der Sterbefälle","Germany",2000,"30.01.",2000-01-30,2891,"e"
"Statistik der Sterbefälle","Germany",2000,"31.01.",2000-01-31,3020,"e"
"Statistik der Sterbefälle","Germany",2000,"01.02.",2000-02-01,2982,"e"
"Statistik der Sterbefälle","Germany",2000,"02.02.",2000-02-02,3004,"e"
"Statistik der Sterbefälle","Germany",2000,"03.02.",2000-02-03,2912,"e"
"Statistik der Sterbefälle","Germany",2000,"04.02.",2000-02-04,2895,"e"
"Statistik der Sterbefälle","Germany",2000,"05.02.",2000-02-05,2852,"e"
"Statistik der Sterbefälle","Germany",2000,"06.02.",2000-02-06,2725,"e"
"Statistik der Sterbefälle","Germany",2000,"07.02.",2000-02-07,2886,"e"
"Statistik der Sterbefälle","Germany",2000,"08.02.",2000-02-08,2841,"e"
"Statistik der Sterbefälle","Germany",2000,"09.02.",2000-02-09,2778,"e"
"Statistik der Sterbefälle","Germany",2000,"10.02.",2000-02-10,2706,"e"
"Statistik der Sterbefälle","Germany",2000,"11.02.",2000-02-11,2699,"e"
"Statistik der Sterbefälle","Germany",2000,"12.02.",2000-02-12,2639,"e"
"Statistik der Sterbefälle","Germany",2000,"13.02.",2000-02-13,2680,"e"
"Statistik der Sterbefälle","Germany",2000,"14.02.",2000-02-14,2610,"e"
"Statistik der Sterbefälle","Germany",2000,"15.02.",2000-02-15,2688,"e"
"Statistik der Sterbefälle","Germany",2000,"16.02.",2000-02-16,2679,"e"
"Statistik der Sterbefälle","Germany",2000,"17.02.",2000-02-17,2604,"e"
"Statistik der Sterbefälle","Germany",2000,"18.02.",2000-02-18,2525,"e"
"Statistik der Sterbefälle","Germany",2000,"19.02.",2000-02-19,2675,"e"
"Statistik der Sterbefälle","Germany",2000,"20.02.",2000-02-20,2365,"e"
"Statistik der Sterbefälle","Germany",2000,"21.02.",2000-02-21,2559,"e"
"Statistik der Sterbefälle","Germany",2000,"22.02.",2000-02-22,2519,"e"
"Statistik der Sterbefälle","Germany",2000,"23.02.",2000-02-23,2471,"e"
"Statistik der Sterbefälle","Germany",2000,"24.02.",2000-02-24,2522,"e"
"Statistik der Sterbefälle","Germany",2000,"25.02.",2000-02-25,2470,"e"
"Statistik der Sterbefälle","Germany",2000,"26.02.",2000-02-26,2450,"e"
"Statistik der Sterbefälle","Germany",2000,"27.02.",2000-02-27,2441,"e"
"Statistik der Sterbefälle","Germany",2000,"28.02.",2000-02-28,2639,"e"
"Statistik der Sterbefälle","Germany",2000,"29.02.",2000-02-29,2491,"e"
"Statistik der Sterbefälle","Germany",2000,"01.03.",2000-03-01,2534,"e"
"Statistik der Sterbefälle","Germany",2000,"02.03.",2000-03-02,2357,"e"
"Statistik der Sterbefälle","Germany",2000,"03.03.",2000-03-03,2459,"e"
"Statistik der Sterbefälle","Germany",2000,"04.03.",2000-03-04,2467,"e"
"Statistik der Sterbefälle","Germany",2000,"05.03.",2000-03-05,2274,"e"
"Statistik der Sterbefälle","Germany",2000,"06.03.",2000-03-06,2365,"e"
"Statistik der Sterbefälle","Germany",2000,"07.03.",2000-03-07,2486,"e"
"Statistik der Sterbefälle","Germany",2000,"08.03.",2000-03-08,2494,"e"
"Statistik der Sterbefälle","Germany",2000,"09.03.",2000-03-09,2558,"e"
"Statistik der Sterbefälle","Germany",2000,"10.03.",2000-03-10,2371,"e"
"Statistik der Sterbefälle","Germany",2000,"11.03.",2000-03-11,2376,"e"
"Statistik der Sterbefälle","Germany",2000,"12.03.",2000-03-12,2258,"e"
"Statistik der Sterbefälle","Germany",2000,"13.03.",2000-03-13,2413,"e"
"Statistik der Sterbefälle","Germany",2000,"14.03.",2000-03-14,2272,"e"
"Statistik der Sterbefälle","Germany",2000,"15.03.",2000-03-15,2324,"e"
"Statistik der Sterbefälle","Germany",2000,"16.03.",2000-03-16,2309,"e"
"Statistik der Sterbefälle","Germany",2000,"17.03.",2000-03-17,2376,"e"
"Statistik der Sterbefälle","Germany",2000,"18.03.",2000-03-18,2328,"e"
"Statistik der Sterbefälle","Germany",2000,"19.03.",2000-03-19,2205,"e"
"Statistik der Sterbefälle","Germany",2000,"20.03.",2000-03-20,2348,"e"
"Statistik der Sterbefälle","Germany",2000,"21.03.",2000-03-21,2363,"e"
"Statistik der Sterbefälle","Germany",2000,"22.03.",2000-03-22,2428,"e"
"Statistik der Sterbefälle","Germany",2000,"23.03.",2000-03-23,2339,"e"
"Statistik der Sterbefälle","Germany",2000,"24.03.",2000-03-24,2329,"e"
"Statistik der Sterbefälle","Germany",2000,"25.03.",2000-03-25,2380,"e"
"Statistik der Sterbefälle","Germany",2000,"26.03.",2000-03-26,2153,"e"
"Statistik der Sterbefälle","Germany",2000,"27.03.",2000-03-27,2426,"e"
"Statistik der Sterbefälle","Germany",2000,"28.03.",2000-03-28,2231,"e"
"Statistik der Sterbefälle","Germany",2000,"29.03.",2000-03-29,2341,"e"
"Statistik der Sterbefälle","Germany",2000,"30.03.",2000-03-30,2301,"e"
"Statistik der Sterbefälle","Germany",2000,"31.03.",2000-03-31,2266,"e"
"Statistik der Sterbefälle","Germany",2000,"01.04.",2000-04-01,2349,"e"
"Statistik der Sterbefälle","Germany",2000,"02.04.",2000-04-02,2324,"e"
"Statistik der Sterbefälle","Germany",2000,"03.04.",2000-04-03,2396,"e"
"Statistik der Sterbefälle","Germany",2000,"04.04.",2000-04-04,2335,"e"
"Statistik der Sterbefälle","Germany",2000,"05.04.",2000-04-05,2280,"e"
"Statistik der Sterbefälle","Germany",2000,"06.04.",2000-04-06,2170,"e"
"Statistik der Sterbefälle","Germany",2000,"07.04.",2000-04-07,2287,"e"
"Statistik der Sterbefälle","Germany",2000,"08.04.",2000-04-08,2165,"e"
"Statistik der Sterbefälle","Germany",2000,"09.04.",2000-04-09,2282,"e"
"Statistik der Sterbefälle","Germany",2000,"10.04.",2000-04-10,2269,"e"
"Statistik der Sterbefälle","Germany",2000,"11.04.",2000-04-11,2289,"e"
"Statistik der Sterbefälle","Germany",2000,"12.04.",2000-04-12,2353,"e"
"Statistik der Sterbefälle","Germany",2000,"13.04.",2000-04-13,2306,"e"
"Statistik der Sterbefälle","Germany",2000,"14.04.",2000-04-14,2319,"e"
"Statistik der Sterbefälle","Germany",2000,"15.04.",2000-04-15,2276,"e"
"Statistik der Sterbefälle","Germany",2000,"16.04.",2000-04-16,2185,"e"
"Statistik der Sterbefälle","Germany",2000,"17.04.",2000-04-17,2359,"e"
"Statistik der Sterbefälle","Germany",2000,"18.04.",2000-04-18,2263,"e"
"Statistik der Sterbefälle","Germany",2000,"19.04.",2000-04-19,2249,"e"
"Statistik der Sterbefälle","Germany",2000,"20.04.",2000-04-20,2316,"e"
"Statistik der Sterbefälle","Germany",2000,"21.04.",2000-04-21,2269,"e"
"Statistik der Sterbefälle","Germany",2000,"22.04.",2000-04-22,2409,"e"
"Statistik der Sterbefälle","Germany",2000,"23.04.",2000-04-23,2217,"e"
"Statistik der Sterbefälle","Germany",2000,"24.04.",2000-04-24,2139,"e"
"Statistik der Sterbefälle","Germany",2000,"25.04.",2000-04-25,2218,"e"
"Statistik der Sterbefälle","Germany",2000,"26.04.",2000-04-26,2225,"e"
"Statistik der Sterbefälle","Germany",2000,"27.04.",2000-04-27,2283,"e"
"Statistik der Sterbefälle","Germany",2000,"28.04.",2000-04-28,2332,"e"
"Statistik der Sterbefälle","Germany",2000,"29.04.",2000-04-29,2258,"e"
"Statistik der Sterbefälle","Germany",2000,"30.04.",2000-04-30,2163,"e"
"Statistik der Sterbefälle","Germany",2000,"01.05.",2000-05-01,2139,"e"
"Statistik der Sterbefälle","Germany",2000,"02.05.",2000-05-02,2264,"e"
"Statistik der Sterbefälle","Germany",2000,"03.05.",2000-05-03,2129,"e"
"Statistik der Sterbefälle","Germany",2000,"04.05.",2000-05-04,2099,"e"
"Statistik der Sterbefälle","Germany",2000,"05.05.",2000-05-05,2200,"e"
"Statistik der Sterbefälle","Germany",2000,"06.05.",2000-05-06,2189,"e"
"Statistik der Sterbefälle","Germany",2000,"07.05.",2000-05-07,2122,"e"
"Statistik der Sterbefälle","Germany",2000,"08.05.",2000-05-08,2245,"e"
"Statistik der Sterbefälle","Germany",2000,"09.05.",2000-05-09,2278,"e"
"Statistik der Sterbefälle","Germany",2000,"10.05.",2000-05-10,2205,"e"
"Statistik der Sterbefälle","Germany",2000,"11.05.",2000-05-11,2231,"e"
"Statistik der Sterbefälle","Germany",2000,"12.05.",2000-05-12,2225,"e"
"Statistik der Sterbefälle","Germany",2000,"13.05.",2000-05-13,2143,"e"
"Statistik der Sterbefälle","Germany",2000,"14.05.",2000-05-14,2057,"e"
"Statistik der Sterbefälle","Germany",2000,"15.05.",2000-05-15,2316,"e"
"Statistik der Sterbefälle","Germany",2000,"16.05.",2000-05-16,2352,"e"
"Statistik der Sterbefälle","Germany",2000,"17.05.",2000-05-17,2315,"e"
"Statistik der Sterbefälle","Germany",2000,"18.05.",2000-05-18,2097,"e"
"Statistik der Sterbefälle","Germany",2000,"19.05.",2000-05-19,2153,"e"
"Statistik der Sterbefälle","Germany",2000,"20.05.",2000-05-20,2042,"e"
"Statistik der Sterbefälle","Germany",2000,"21.05.",2000-05-21,2036,"e"
"Statistik der Sterbefälle","Germany",2000,"22.05.",2000-05-22,2099,"e"
"Statistik der Sterbefälle","Germany",2000,"23.05.",2000-05-23,2042,"e"
"Statistik der Sterbefälle","Germany",2000,"24.05.",2000-05-24,2129,"e"
"Statistik der Sterbefälle","Germany",2000,"25.05.",2000-05-25,2080,"e"
"Statistik der Sterbefälle","Germany",2000,"26.05.",2000-05-26,2190,"e"
"Statistik der Sterbefälle","Germany",2000,"27.05.",2000-05-27,2004,"e"
"Statistik der Sterbefälle","Germany",2000,"28.05.",2000-05-28,2126,"e"
"Statistik der Sterbefälle","Germany",2000,"29.05.",2000-05-29,2111,"e"
"Statistik der Sterbefälle","Germany",2000,"30.05.",2000-05-30,2087,"e"
"Statistik der Sterbefälle","Germany",2000,"31.05.",2000-05-31,2125,"e"
"Statistik der Sterbefälle","Germany",2000,"01.06.",2000-06-01,2253,"e"
"Statistik der Sterbefälle","Germany",2000,"02.06.",2000-06-02,2290,"e"
"Statistik der Sterbefälle","Germany",2000,"03.06.",2000-06-03,2213,"e"
"Statistik der Sterbefälle","Germany",2000,"04.06.",2000-06-04,2192,"e"
"Statistik der Sterbefälle","Germany",2000,"05.06.",2000-06-05,2188,"e"
"Statistik der Sterbefälle","Germany",2000,"06.06.",2000-06-06,2144,"e"
"Statistik der Sterbefälle","Germany",2000,"07.06.",2000-06-07,2085,"e"
"Statistik der Sterbefälle","Germany",2000,"08.06.",2000-06-08,2140,"e"
"Statistik der Sterbefälle","Germany",2000,"09.06.",2000-06-09,2207,"e"
"Statistik der Sterbefälle","Germany",2000,"10.06.",2000-06-10,2299,"e"
"Statistik der Sterbefälle","Germany",2000,"11.06.",2000-06-11,2229,"e"
"Statistik der Sterbefälle","Germany",2000,"12.06.",2000-06-12,2066,"e"
"Statistik der Sterbefälle","Germany",2000,"13.06.",2000-06-13,2117,"e"
"Statistik der Sterbefälle","Germany",2000,"14.06.",2000-06-14,2325,"e"
"Statistik der Sterbefälle","Germany",2000,"15.06.",2000-06-15,2076,"e"
"Statistik der Sterbefälle","Germany",2000,"16.06.",2000-06-16,2020,"e"
"Statistik der Sterbefälle","Germany",2000,"17.06.",2000-06-17,2008,"e"
"Statistik der Sterbefälle","Germany",2000,"18.06.",2000-06-18,2083,"e"
"Statistik der Sterbefälle","Germany",2000,"19.06.",2000-06-19,2270,"e"
"Statistik der Sterbefälle","Germany",2000,"20.06.",2000-06-20,2497,"e"
"Statistik der Sterbefälle","Germany",2000,"21.06.",2000-06-21,2567,"e"
"Statistik der Sterbefälle","Germany",2000,"22.06.",2000-06-22,2405,"e"
"Statistik der Sterbefälle","Germany",2000,"23.06.",2000-06-23,2130,"e"
"Statistik der Sterbefälle","Germany",2000,"24.06.",2000-06-24,2050,"e"
"Statistik der Sterbefälle","Germany",2000,"25.06.",2000-06-25,2030,"e"
"Statistik der Sterbefälle","Germany",2000,"26.06.",2000-06-26,2099,"e"
"Statistik der Sterbefälle","Germany",2000,"27.06.",2000-06-27,2033,"e"
"Statistik der Sterbefälle","Germany",2000,"28.06.",2000-06-28,2028,"e"
"Statistik der Sterbefälle","Germany",2000,"29.06.",2000-06-29,2102,"e"
"Statistik der Sterbefälle","Germany",2000,"30.06.",2000-06-30,2074,"e"
"Statistik der Sterbefälle","Germany",2000,"01.07.",2000-07-01,2152,"e"
"Statistik der Sterbefälle","Germany",2000,"02.07.",2000-07-02,2061,"e"
"Statistik der Sterbefälle","Germany",2000,"03.07.",2000-07-03,2208,"e"
"Statistik der Sterbefälle","Germany",2000,"04.07.",2000-07-04,2220,"e"
"Statistik der Sterbefälle","Germany",2000,"05.07.",2000-07-05,2065,"e"
"Statistik der Sterbefälle","Germany",2000,"06.07.",2000-07-06,2107,"e"
"Statistik der Sterbefälle","Germany",2000,"07.07.",2000-07-07,2118,"e"
"Statistik der Sterbefälle","Germany",2000,"08.07.",2000-07-08,2008,"e"
"Statistik der Sterbefälle","Germany",2000,"09.07.",2000-07-09,1916,"e"
"Statistik der Sterbefälle","Germany",2000,"10.07.",2000-07-10,2153,"e"
"Statistik der Sterbefälle","Germany",2000,"11.07.",2000-07-11,2036,"e"
"Statistik der Sterbefälle","Germany",2000,"12.07.",2000-07-12,2049,"e"
"Statistik der Sterbefälle","Germany",2000,"13.07.",2000-07-13,1985,"e"
"Statistik der Sterbefälle","Germany",2000,"14.07.",2000-07-14,2140,"e"
"Statistik der Sterbefälle","Germany",2000,"15.07.",2000-07-15,2054,"e"
"Statistik der Sterbefälle","Germany",2000,"16.07.",2000-07-16,2025,"e"
"Statistik der Sterbefälle","Germany",2000,"17.07.",2000-07-17,2085,"e"
"Statistik der Sterbefälle","Germany",2000,"18.07.",2000-07-18,2129,"e"
"Statistik der Sterbefälle","Germany",2000,"19.07.",2000-07-19,2141,"e"
"Statistik der Sterbefälle","Germany",2000,"20.07.",2000-07-20,2109,"e"
"Statistik der Sterbefälle","Germany",2000,"21.07.",2000-07-21,2071,"e"
"Statistik der Sterbefälle","Germany",2000,"22.07.",2000-07-22,2067,"e"
"Statistik der Sterbefälle","Germany",2000,"23.07.",2000-07-23,2135,"e"
"Statistik der Sterbefälle","Germany",2000,"24.07.",2000-07-24,2179,"e"
"Statistik der Sterbefälle","Germany",2000,"25.07.",2000-07-25,2252,"e"
"Statistik der Sterbefälle","Germany",2000,"26.07.",2000-07-26,2145,"e"
"Statistik der Sterbefälle","Germany",2000,"27.07.",2000-07-27,2227,"e"
"Statistik der Sterbefälle","Germany",2000,"28.07.",2000-07-28,2087,"e"
"Statistik der Sterbefälle","Germany",2000,"29.07.",2000-07-29,2041,"e"
"Statistik der Sterbefälle","Germany",2000,"30.07.",2000-07-30,2005,"e"
"Statistik der Sterbefälle","Germany",2000,"31.07.",2000-07-31,2037,"e"
"Statistik der Sterbefälle","Germany",2000,"01.08.",2000-08-01,2203,"e"
"Statistik der Sterbefälle","Germany",2000,"02.08.",2000-08-02,2226,"e"
"Statistik der Sterbefälle","Germany",2000,"03.08.",2000-08-03,2218,"e"
"Statistik der Sterbefälle","Germany",2000,"04.08.",2000-08-04,2104,"e"
"Statistik der Sterbefälle","Germany",2000,"05.08.",2000-08-05,2114,"e"
"Statistik der Sterbefälle","Germany",2000,"06.08.",2000-08-06,2058,"e"
"Statistik der Sterbefälle","Germany",2000,"07.08.",2000-08-07,2192,"e"
"Statistik der Sterbefälle","Germany",2000,"08.08.",2000-08-08,2001,"e"
"Statistik der Sterbefälle","Germany",2000,"09.08.",2000-08-09,2063,"e"
"Statistik der Sterbefälle","Germany",2000,"10.08.",2000-08-10,2146,"e"
"Statistik der Sterbefälle","Germany",2000,"11.08.",2000-08-11,2143,"e"
"Statistik der Sterbefälle","Germany",2000,"12.08.",2000-08-12,2076,"e"
"Statistik der Sterbefälle","Germany",2000,"13.08.",2000-08-13,2114,"e"
"Statistik der Sterbefälle","Germany",2000,"14.08.",2000-08-14,2344,"e"
"Statistik der Sterbefälle","Germany",2000,"15.08.",2000-08-15,2306,"e"
"Statistik der Sterbefälle","Germany",2000,"16.08.",2000-08-16,2177,"e"
"Statistik der Sterbefälle","Germany",2000,"17.08.",2000-08-17,2192,"e"
"Statistik der Sterbefälle","Germany",2000,"18.08.",2000-08-18,2175,"e"
"Statistik der Sterbefälle","Germany",2000,"19.08.",2000-08-19,2166,"e"
"Statistik der Sterbefälle","Germany",2000,"20.08.",2000-08-20,2143,"e"
"Statistik der Sterbefälle","Germany",2000,"21.08.",2000-08-21,2092,"e"
"Statistik der Sterbefälle","Germany",2000,"22.08.",2000-08-22,2007,"e"
"Statistik der Sterbefälle","Germany",2000,"23.08.",2000-08-23,2071,"e"
"Statistik der Sterbefälle","Germany",2000,"24.08.",2000-08-24,1855,"e"
"Statistik der Sterbefälle","Germany",2000,"25.08.",2000-08-25,2055,"e"
"Statistik der Sterbefälle","Germany",2000,"26.08.",2000-08-26,2087,"e"
"Statistik der Sterbefälle","Germany",2000,"27.08.",2000-08-27,2001,"e"
"Statistik der Sterbefälle","Germany",2000,"28.08.",2000-08-28,2134,"e"
"Statistik der Sterbefälle","Germany",2000,"29.08.",2000-08-29,2062,"e"
"Statistik der Sterbefälle","Germany",2000,"30.08.",2000-08-30,2023,"e"
"Statistik der Sterbefälle","Germany",2000,"31.08.",2000-08-31,2056,"e"
"Statistik der Sterbefälle","Germany",2000,"01.09.",2000-09-01,2068,"e"
"Statistik der Sterbefälle","Germany",2000,"02.09.",2000-09-02,2124,"e"
"Statistik der Sterbefälle","Germany",2000,"03.09.",2000-09-03,2005,"e"
"Statistik der Sterbefälle","Germany",2000,"04.09.",2000-09-04,1981,"e"
"Statistik der Sterbefälle","Germany",2000,"05.09.",2000-09-05,2081,"e"
"Statistik der Sterbefälle","Germany",2000,"06.09.",2000-09-06,2135,"e"
"Statistik der Sterbefälle","Germany",2000,"07.09.",2000-09-07,2158,"e"
"Statistik der Sterbefälle","Germany",2000,"08.09.",2000-09-08,2073,"e"
"Statistik der Sterbefälle","Germany",2000,"09.09.",2000-09-09,2187,"e"
"Statistik der Sterbefälle","Germany",2000,"10.09.",2000-09-10,2201,"e"
"Statistik der Sterbefälle","Germany",2000,"11.09.",2000-09-11,2160,"e"
"Statistik der Sterbefälle","Germany",2000,"12.09.",2000-09-12,2175,"e"
"Statistik der Sterbefälle","Germany",2000,"13.09.",2000-09-13,2123,"e"
"Statistik der Sterbefälle","Germany",2000,"14.09.",2000-09-14,2144,"e"
"Statistik der Sterbefälle","Germany",2000,"15.09.",2000-09-15,2183,"e"
"Statistik der Sterbefälle","Germany",2000,"16.09.",2000-09-16,2068,"e"
"Statistik der Sterbefälle","Germany",2000,"17.09.",2000-09-17,2106,"e"
"Statistik der Sterbefälle","Germany",2000,"18.09.",2000-09-18,2059,"e"
"Statistik der Sterbefälle","Germany",2000,"19.09.",2000-09-19,2198,"e"
"Statistik der Sterbefälle","Germany",2000,"20.09.",2000-09-20,2153,"e"
"Statistik der Sterbefälle","Germany",2000,"21.09.",2000-09-21,2083,"e"
"Statistik der Sterbefälle","Germany",2000,"22.09.",2000-09-22,2099,"e"
"Statistik der Sterbefälle","Germany",2000,"23.09.",2000-09-23,2104,"e"
"Statistik der Sterbefälle","Germany",2000,"24.09.",2000-09-24,2079,"e"
"Statistik der Sterbefälle","Germany",2000,"25.09.",2000-09-25,2088,"e"
"Statistik der Sterbefälle","Germany",2000,"26.09.",2000-09-26,2176,"e"
"Statistik der Sterbefälle","Germany",2000,"27.09.",2000-09-27,2167,"e"
"Statistik der Sterbefälle","Germany",2000,"28.09.",2000-09-28,2117,"e"
"Statistik der Sterbefälle","Germany",2000,"29.09.",2000-09-29,2210,"e"
"Statistik der Sterbefälle","Germany",2000,"30.09.",2000-09-30,2182,"e"
"Statistik der Sterbefälle","Germany",2000,"01.10.",2000-10-01,2122,"e"
"Statistik der Sterbefälle","Germany",2000,"02.10.",2000-10-02,2160,"e"
"Statistik der Sterbefälle","Germany",2000,"03.10.",2000-10-03,2065,"e"
"Statistik der Sterbefälle","Germany",2000,"04.10.",2000-10-04,2138,"e"
"Statistik der Sterbefälle","Germany",2000,"05.10.",2000-10-05,2129,"e"
"Statistik der Sterbefälle","Germany",2000,"06.10.",2000-10-06,2094,"e"
"Statistik der Sterbefälle","Germany",2000,"07.10.",2000-10-07,2156,"e"
"Statistik der Sterbefälle","Germany",2000,"08.10.",2000-10-08,2128,"e"
"Statistik der Sterbefälle","Germany",2000,"09.10.",2000-10-09,2218,"e"
"Statistik der Sterbefälle","Germany",2000,"10.10.",2000-10-10,2332,"e"
"Statistik der Sterbefälle","Germany",2000,"11.10.",2000-10-11,2222,"e"
"Statistik der Sterbefälle","Germany",2000,"12.10.",2000-10-12,2243,"e"
"Statistik der Sterbefälle","Germany",2000,"13.10.",2000-10-13,2291,"e"
"Statistik der Sterbefälle","Germany",2000,"14.10.",2000-10-14,2277,"e"
"Statistik der Sterbefälle","Germany",2000,"15.10.",2000-10-15,2241,"e"
"Statistik der Sterbefälle","Germany",2000,"16.10.",2000-10-16,2287,"e"
"Statistik der Sterbefälle","Germany",2000,"17.10.",2000-10-17,2201,"e"
"Statistik der Sterbefälle","Germany",2000,"18.10.",2000-10-18,2264,"e"
"Statistik der Sterbefälle","Germany",2000,"19.10.",2000-10-19,2253,"e"
"Statistik der Sterbefälle","Germany",2000,"20.10.",2000-10-20,2246,"e"
"Statistik der Sterbefälle","Germany",2000,"21.10.",2000-10-21,2215,"e"
"Statistik der Sterbefälle","Germany",2000,"22.10.",2000-10-22,2157,"e"
"Statistik der Sterbefälle","Germany",2000,"23.10.",2000-10-23,2147,"e"
"Statistik der Sterbefälle","Germany",2000,"24.10.",2000-10-24,2378,"e"
"Statistik der Sterbefälle","Germany",2000,"25.10.",2000-10-25,2302,"e"
"Statistik der Sterbefälle","Germany",2000,"26.10.",2000-10-26,2223,"e"
"Statistik der Sterbefälle","Germany",2000,"27.10.",2000-10-27,2195,"e"
"Statistik der Sterbefälle","Germany",2000,"28.10.",2000-10-28,2142,"e"
"Statistik der Sterbefälle","Germany",2000,"29.10.",2000-10-29,2236,"e"
"Statistik der Sterbefälle","Germany",2000,"30.10.",2000-10-30,2221,"e"
"Statistik der Sterbefälle","Germany",2000,"31.10.",2000-10-31,2299,"e"
"Statistik der Sterbefälle","Germany",2000,"01.11.",2000-11-01,2177,"e"
"Statistik der Sterbefälle","Germany",2000,"02.11.",2000-11-02,2369,"e"
"Statistik der Sterbefälle","Germany",2000,"03.11.",2000-11-03,2331,"e"
"Statistik der Sterbefälle","Germany",2000,"04.11.",2000-11-04,2241,"e"
"Statistik der Sterbefälle","Germany",2000,"05.11.",2000-11-05,2121,"e"
"Statistik der Sterbefälle","Germany",2000,"06.11.",2000-11-06,2342,"e"
"Statistik der Sterbefälle","Germany",2000,"07.11.",2000-11-07,2323,"e"
"Statistik der Sterbefälle","Germany",2000,"08.11.",2000-11-08,2292,"e"
"Statistik der Sterbefälle","Germany",2000,"09.11.",2000-11-09,2298,"e"
"Statistik der Sterbefälle","Germany",2000,"10.11.",2000-11-10,2321,"e"
"Statistik der Sterbefälle","Germany",2000,"11.11.",2000-11-11,2224,"e"
"Statistik der Sterbefälle","Germany",2000,"12.11.",2000-11-12,2251,"e"
"Statistik der Sterbefälle","Germany",2000,"13.11.",2000-11-13,2476,"e"
"Statistik der Sterbefälle","Germany",2000,"14.11.",2000-11-14,2278,"e"
"Statistik der Sterbefälle","Germany",2000,"15.11.",2000-11-15,2287,"e"
"Statistik der Sterbefälle","Germany",2000,"16.11.",2000-11-16,2323,"e"
"Statistik der Sterbefälle","Germany",2000,"17.11.",2000-11-17,2266,"e"
"Statistik der Sterbefälle","Germany",2000,"18.11.",2000-11-18,2276,"e"
"Statistik der Sterbefälle","Germany",2000,"19.11.",2000-11-19,2196,"e"
"Statistik der Sterbefälle","Germany",2000,"20.11.",2000-11-20,2339,"e"
"Statistik der Sterbefälle","Germany",2000,"21.11.",2000-11-21,2253,"e"
"Statistik der Sterbefälle","Germany",2000,"22.11.",2000-11-22,2342,"e"
"Statistik der Sterbefälle","Germany",2000,"23.11.",2000-11-23,2359,"e"
"Statistik der Sterbefälle","Germany",2000,"24.11.",2000-11-24,2260,"e"
"Statistik der Sterbefälle","Germany",2000,"25.11.",2000-11-25,2237,"e"
"Statistik der Sterbefälle","Germany",2000,"26.11.",2000-11-26,2216,"e"
"Statistik der Sterbefälle","Germany",2000,"27.11.",2000-11-27,2288,"e"
"Statistik der Sterbefälle","Germany",2000,"28.11.",2000-11-28,2300,"e"
"Statistik der Sterbefälle","Germany",2000,"29.11.",2000-11-29,2289,"e"
"Statistik der Sterbefälle","Germany",2000,"30.11.",2000-11-30,2275,"e"
"Statistik der Sterbefälle","Germany",2000,"01.12.",2000-12-01,2325,"e"
"Statistik der Sterbefälle","Germany",2000,"02.12.",2000-12-02,2341,"e"
"Statistik der Sterbefälle","Germany",2000,"03.12.",2000-12-03,2209,"e"
"Statistik der Sterbefälle","Germany",2000,"04.12.",2000-12-04,2192,"e"
"Statistik der Sterbefälle","Germany",2000,"05.12.",2000-12-05,2316,"e"
"Statistik der Sterbefälle","Germany",2000,"06.12.",2000-12-06,2373,"e"
"Statistik der Sterbefälle","Germany",2000,"07.12.",2000-12-07,2338,"e"
"Statistik der Sterbefälle","Germany",2000,"08.12.",2000-12-08,2344,"e"
"Statistik der Sterbefälle","Germany",2000,"09.12.",2000-12-09,2282,"e"
"Statistik der Sterbefälle","Germany",2000,"10.12.",2000-12-10,2189,"e"
"Statistik der Sterbefälle","Germany",2000,"11.12.",2000-12-11,2238,"e"
"Statistik der Sterbefälle","Germany",2000,"12.12.",2000-12-12,2327,"e"
"Statistik der Sterbefälle","Germany",2000,"13.12.",2000-12-13,2336,"e"
"Statistik der Sterbefälle","Germany",2000,"14.12.",2000-12-14,2386,"e"
"Statistik der Sterbefälle","Germany",2000,"15.12.",2000-12-15,2426,"e"
"Statistik der Sterbefälle","Germany",2000,"16.12.",2000-12-16,2301,"e"
"Statistik der Sterbefälle","Germany",2000,"17.12.",2000-12-17,2233,"e"
"Statistik der Sterbefälle","Germany",2000,"18.12.",2000-12-18,2350,"e"
"Statistik der Sterbefälle","Germany",2000,"19.12.",2000-12-19,2204,"e"
"Statistik der Sterbefälle","Germany",2000,"20.12.",2000-12-20,2377,"e"
"Statistik der Sterbefälle","Germany",2000,"21.12.",2000-12-21,2217,"e"
"Statistik der Sterbefälle","Germany",2000,"22.12.",2000-12-22,2335,"e"
"Statistik der Sterbefälle","Germany",2000,"23.12.",2000-12-23,2439,"e"
"Statistik der Sterbefälle","Germany",2000,"24.12.",2000-12-24,2392,"e"
"Statistik der Sterbefälle","Germany",2000,"25.12.",2000-12-25,2452,"e"
"Statistik der Sterbefälle","Germany",2000,"26.12.",2000-12-26,2468,"e"
"Statistik der Sterbefälle","Germany",2000,"27.12.",2000-12-27,2394,"e"
"Statistik der Sterbefälle","Germany",2000,"28.12.",2000-12-28,2535,"e"
"Statistik der Sterbefälle","Germany",2000,"29.12.",2000-12-29,2502,"e"
"Statistik der Sterbefälle","Germany",2000,"30.12.",2000-12-30,2531,"e"
"Statistik der Sterbefälle","Germany",2000,"31.12.",2000-12-31,2401,"e"
"Statistik der Sterbefälle","Germany",2001,"01.01.",2001-01-01,2540,"e"
"Statistik der Sterbefälle","Germany",2001,"02.01.",2001-01-02,2650,"e"
"Statistik der Sterbefälle","Germany",2001,"03.01.",2001-01-03,2482,"e"
"Statistik der Sterbefälle","Germany",2001,"04.01.",2001-01-04,2462,"e"
"Statistik der Sterbefälle","Germany",2001,"05.01.",2001-01-05,2511,"e"
"Statistik der Sterbefälle","Germany",2001,"06.01.",2001-01-06,2426,"e"
"Statistik der Sterbefälle","Germany",2001,"07.01.",2001-01-07,2333,"e"
"Statistik der Sterbefälle","Germany",2001,"08.01.",2001-01-08,2496,"e"
"Statistik der Sterbefälle","Germany",2001,"09.01.",2001-01-09,2397,"e"
"Statistik der Sterbefälle","Germany",2001,"10.01.",2001-01-10,2332,"e"
"Statistik der Sterbefälle","Germany",2001,"11.01.",2001-01-11,2298,"e"
"Statistik der Sterbefälle","Germany",2001,"12.01.",2001-01-12,2319,"e"
"Statistik der Sterbefälle","Germany",2001,"13.01.",2001-01-13,2327,"e"
"Statistik der Sterbefälle","Germany",2001,"14.01.",2001-01-14,2326,"e"
"Statistik der Sterbefälle","Germany",2001,"15.01.",2001-01-15,2342,"e"
"Statistik der Sterbefälle","Germany",2001,"16.01.",2001-01-16,2313,"e"
"Statistik der Sterbefälle","Germany",2001,"17.01.",2001-01-17,2425,"e"
"Statistik der Sterbefälle","Germany",2001,"18.01.",2001-01-18,2471,"e"
"Statistik der Sterbefälle","Germany",2001,"19.01.",2001-01-19,2451,"e"
"Statistik der Sterbefälle","Germany",2001,"20.01.",2001-01-20,2284,"e"
"Statistik der Sterbefälle","Germany",2001,"21.01.",2001-01-21,2311,"e"
"Statistik der Sterbefälle","Germany",2001,"22.01.",2001-01-22,2465,"e"
"Statistik der Sterbefälle","Germany",2001,"23.01.",2001-01-23,2491,"e"
"Statistik der Sterbefälle","Germany",2001,"24.01.",2001-01-24,2540,"e"
"Statistik der Sterbefälle","Germany",2001,"25.01.",2001-01-25,2520,"e"
"Statistik der Sterbefälle","Germany",2001,"26.01.",2001-01-26,2391,"e"
"Statistik der Sterbefälle","Germany",2001,"27.01.",2001-01-27,2357,"e"
"Statistik der Sterbefälle","Germany",2001,"28.01.",2001-01-28,2387,"e"
"Statistik der Sterbefälle","Germany",2001,"29.01.",2001-01-29,2355,"e"
"Statistik der Sterbefälle","Germany",2001,"30.01.",2001-01-30,2400,"e"
"Statistik der Sterbefälle","Germany",2001,"31.01.",2001-01-31,2426,"e"
"Statistik der Sterbefälle","Germany",2001,"01.02.",2001-02-01,2384,"e"
"Statistik der Sterbefälle","Germany",2001,"02.02.",2001-02-02,2414,"e"
"Statistik der Sterbefälle","Germany",2001,"03.02.",2001-02-03,2374,"e"
"Statistik der Sterbefälle","Germany",2001,"04.02.",2001-02-04,2395,"e"
"Statistik der Sterbefälle","Germany",2001,"05.02.",2001-02-05,2513,"e"
"Statistik der Sterbefälle","Germany",2001,"06.02.",2001-02-06,2363,"e"
"Statistik der Sterbefälle","Germany",2001,"07.02.",2001-02-07,2441,"e"
"Statistik der Sterbefälle","Germany",2001,"08.02.",2001-02-08,2493,"e"
"Statistik der Sterbefälle","Germany",2001,"09.02.",2001-02-09,2350,"e"
"Statistik der Sterbefälle","Germany",2001,"10.02.",2001-02-10,2366,"e"
"Statistik der Sterbefälle","Germany",2001,"11.02.",2001-02-11,2158,"e"
"Statistik der Sterbefälle","Germany",2001,"12.02.",2001-02-12,2302,"e"
"Statistik der Sterbefälle","Germany",2001,"13.02.",2001-02-13,2256,"e"
"Statistik der Sterbefälle","Germany",2001,"14.02.",2001-02-14,2384,"e"
"Statistik der Sterbefälle","Germany",2001,"15.02.",2001-02-15,2252,"e"
"Statistik der Sterbefälle","Germany",2001,"16.02.",2001-02-16,2417,"e"
"Statistik der Sterbefälle","Germany",2001,"17.02.",2001-02-17,2248,"e"
"Statistik der Sterbefälle","Germany",2001,"18.02.",2001-02-18,2182,"e"
"Statistik der Sterbefälle","Germany",2001,"19.02.",2001-02-19,2291,"e"
"Statistik der Sterbefälle","Germany",2001,"20.02.",2001-02-20,2353,"e"
"Statistik der Sterbefälle","Germany",2001,"21.02.",2001-02-21,2297,"e"
"Statistik der Sterbefälle","Germany",2001,"22.02.",2001-02-22,2338,"e"
"Statistik der Sterbefälle","Germany",2001,"23.02.",2001-02-23,2321,"e"
"Statistik der Sterbefälle","Germany",2001,"24.02.",2001-02-24,2290,"e"
"Statistik der Sterbefälle","Germany",2001,"25.02.",2001-02-25,2252,"e"
"Statistik der Sterbefälle","Germany",2001,"26.02.",2001-02-26,2397,"e"
"Statistik der Sterbefälle","Germany",2001,"27.02.",2001-02-27,2446,"e"
"Statistik der Sterbefälle","Germany",2001,"28.02.",2001-02-28,2403,"e"
"Statistik der Sterbefälle","Germany",2001,"01.03.",2001-03-01,2540,"e"
"Statistik der Sterbefälle","Germany",2001,"02.03.",2001-03-02,2451,"e"
"Statistik der Sterbefälle","Germany",2001,"03.03.",2001-03-03,2399,"e"
"Statistik der Sterbefälle","Germany",2001,"04.03.",2001-03-04,2391,"e"
"Statistik der Sterbefälle","Germany",2001,"05.03.",2001-03-05,2428,"e"
"Statistik der Sterbefälle","Germany",2001,"06.03.",2001-03-06,2366,"e"
"Statistik der Sterbefälle","Germany",2001,"07.03.",2001-03-07,2360,"e"
"Statistik der Sterbefälle","Germany",2001,"08.03.",2001-03-08,2471,"e"
"Statistik der Sterbefälle","Germany",2001,"09.03.",2001-03-09,2433,"e"
"Statistik der Sterbefälle","Germany",2001,"10.03.",2001-03-10,2331,"e"
"Statistik der Sterbefälle","Germany",2001,"11.03.",2001-03-11,2300,"e"
"Statistik der Sterbefälle","Germany",2001,"12.03.",2001-03-12,2474,"e"
"Statistik der Sterbefälle","Germany",2001,"13.03.",2001-03-13,2359,"e"
"Statistik der Sterbefälle","Germany",2001,"14.03.",2001-03-14,2424,"e"
"Statistik der Sterbefälle","Germany",2001,"15.03.",2001-03-15,2311,"e"
"Statistik der Sterbefälle","Germany",2001,"16.03.",2001-03-16,2334,"e"
"Statistik der Sterbefälle","Germany",2001,"17.03.",2001-03-17,2323,"e"
"Statistik der Sterbefälle","Germany",2001,"18.03.",2001-03-18,2302,"e"
"Statistik der Sterbefälle","Germany",2001,"19.03.",2001-03-19,2300,"e"
"Statistik der Sterbefälle","Germany",2001,"20.03.",2001-03-20,2412,"e"
"Statistik der Sterbefälle","Germany",2001,"21.03.",2001-03-21,2365,"e"
"Statistik der Sterbefälle","Germany",2001,"22.03.",2001-03-22,2439,"e"
"Statistik der Sterbefälle","Germany",2001,"23.03.",2001-03-23,2303,"e"
"Statistik der Sterbefälle","Germany",2001,"24.03.",2001-03-24,2320,"e"
"Statistik der Sterbefälle","Germany",2001,"25.03.",2001-03-25,2182,"e"
"Statistik der Sterbefälle","Germany",2001,"26.03.",2001-03-26,2343,"e"
"Statistik der Sterbefälle","Germany",2001,"27.03.",2001-03-27,2288,"e"
"Statistik der Sterbefälle","Germany",2001,"28.03.",2001-03-28,2385,"e"
"Statistik der Sterbefälle","Germany",2001,"29.03.",2001-03-29,2363,"e"
"Statistik der Sterbefälle","Germany",2001,"30.03.",2001-03-30,2309,"e"
"Statistik der Sterbefälle","Germany",2001,"31.03.",2001-03-31,2287,"e"
"Statistik der Sterbefälle","Germany",2001,"01.04.",2001-04-01,2254,"e"
"Statistik der Sterbefälle","Germany",2001,"02.04.",2001-04-02,2420,"e"
"Statistik der Sterbefälle","Germany",2001,"03.04.",2001-04-03,2469,"e"
"Statistik der Sterbefälle","Germany",2001,"04.04.",2001-04-04,2342,"e"
"Statistik der Sterbefälle","Germany",2001,"05.04.",2001-04-05,2356,"e"
"Statistik der Sterbefälle","Germany",2001,"06.04.",2001-04-06,2249,"e"
"Statistik der Sterbefälle","Germany",2001,"07.04.",2001-04-07,2365,"e"
"Statistik der Sterbefälle","Germany",2001,"08.04.",2001-04-08,2167,"e"
"Statistik der Sterbefälle","Germany",2001,"09.04.",2001-04-09,2282,"e"
"Statistik der Sterbefälle","Germany",2001,"10.04.",2001-04-10,2293,"e"
"Statistik der Sterbefälle","Germany",2001,"11.04.",2001-04-11,2276,"e"
"Statistik der Sterbefälle","Germany",2001,"12.04.",2001-04-12,2212,"e"
"Statistik der Sterbefälle","Germany",2001,"13.04.",2001-04-13,2220,"e"
"Statistik der Sterbefälle","Germany",2001,"14.04.",2001-04-14,2216,"e"
"Statistik der Sterbefälle","Germany",2001,"15.04.",2001-04-15,2214,"e"
"Statistik der Sterbefälle","Germany",2001,"16.04.",2001-04-16,2253,"e"
"Statistik der Sterbefälle","Germany",2001,"17.04.",2001-04-17,2348,"e"
"Statistik der Sterbefälle","Germany",2001,"18.04.",2001-04-18,2343,"e"
"Statistik der Sterbefälle","Germany",2001,"19.04.",2001-04-19,2348,"e"
"Statistik der Sterbefälle","Germany",2001,"20.04.",2001-04-20,2380,"e"
"Statistik der Sterbefälle","Germany",2001,"21.04.",2001-04-21,2264,"e"
"Statistik der Sterbefälle","Germany",2001,"22.04.",2001-04-22,2281,"e"
"Statistik der Sterbefälle","Germany",2001,"23.04.",2001-04-23,2408,"e"
"Statistik der Sterbefälle","Germany",2001,"24.04.",2001-04-24,2274,"e"
"Statistik der Sterbefälle","Germany",2001,"25.04.",2001-04-25,2350,"e"
"Statistik der Sterbefälle","Germany",2001,"26.04.",2001-04-26,2368,"e"
"Statistik der Sterbefälle","Germany",2001,"27.04.",2001-04-27,2271,"e"
"Statistik der Sterbefälle","Germany",2001,"28.04.",2001-04-28,2315,"e"
"Statistik der Sterbefälle","Germany",2001,"29.04.",2001-04-29,2309,"e"
"Statistik der Sterbefälle","Germany",2001,"30.04.",2001-04-30,2274,"e"
"Statistik der Sterbefälle","Germany",2001,"01.05.",2001-05-01,2370,"e"
"Statistik der Sterbefälle","Germany",2001,"02.05.",2001-05-02,2265,"e"
"Statistik der Sterbefälle","Germany",2001,"03.05.",2001-05-03,2458,"e"
"Statistik der Sterbefälle","Germany",2001,"04.05.",2001-05-04,2342,"e"
"Statistik der Sterbefälle","Germany",2001,"05.05.",2001-05-05,2149,"e"
"Statistik der Sterbefälle","Germany",2001,"06.05.",2001-05-06,2180,"e"
"Statistik der Sterbefälle","Germany",2001,"07.05.",2001-05-07,2285,"e"
"Statistik der Sterbefälle","Germany",2001,"08.05.",2001-05-08,2286,"e"
"Statistik der Sterbefälle","Germany",2001,"09.05.",2001-05-09,2221,"e"
"Statistik der Sterbefälle","Germany",2001,"10.05.",2001-05-10,2255,"e"
"Statistik der Sterbefälle","Germany",2001,"11.05.",2001-05-11,2341,"e"
"Statistik der Sterbefälle","Germany",2001,"12.05.",2001-05-12,2189,"e"
"Statistik der Sterbefälle","Germany",2001,"13.05.",2001-05-13,2293,"e"
"Statistik der Sterbefälle","Germany",2001,"14.05.",2001-05-14,2255,"e"
"Statistik der Sterbefälle","Germany",2001,"15.05.",2001-05-15,2291,"e"
"Statistik der Sterbefälle","Germany",2001,"16.05.",2001-05-16,2248,"e"
"Statistik der Sterbefälle","Germany",2001,"17.05.",2001-05-17,2122,"e"
"Statistik der Sterbefälle","Germany",2001,"18.05.",2001-05-18,2098,"e"
"Statistik der Sterbefälle","Germany",2001,"19.05.",2001-05-19,2112,"e"
"Statistik der Sterbefälle","Germany",2001,"20.05.",2001-05-20,2081,"e"
"Statistik der Sterbefälle","Germany",2001,"21.05.",2001-05-21,2268,"e"
"Statistik der Sterbefälle","Germany",2001,"22.05.",2001-05-22,2289,"e"
"Statistik der Sterbefälle","Germany",2001,"23.05.",2001-05-23,2142,"e"
"Statistik der Sterbefälle","Germany",2001,"24.05.",2001-05-24,2290,"e"
"Statistik der Sterbefälle","Germany",2001,"25.05.",2001-05-25,2232,"e"
"Statistik der Sterbefälle","Germany",2001,"26.05.",2001-05-26,2154,"e"
"Statistik der Sterbefälle","Germany",2001,"27.05.",2001-05-27,2200,"e"
"Statistik der Sterbefälle","Germany",2001,"28.05.",2001-05-28,2274,"e"
"Statistik der Sterbefälle","Germany",2001,"29.05.",2001-05-29,2246,"e"
"Statistik der Sterbefälle","Germany",2001,"30.05.",2001-05-30,2189,"e"
"Statistik der Sterbefälle","Germany",2001,"31.05.",2001-05-31,2259,"e"
"Statistik der Sterbefälle","Germany",2001,"01.06.",2001-06-01,2212,"e"
"Statistik der Sterbefälle","Germany",2001,"02.06.",2001-06-02,2201,"e"
"Statistik der Sterbefälle","Germany",2001,"03.06.",2001-06-03,2050,"e"
"Statistik der Sterbefälle","Germany",2001,"04.06.",2001-06-04,2060,"e"
"Statistik der Sterbefälle","Germany",2001,"05.06.",2001-06-05,2198,"e"
"Statistik der Sterbefälle","Germany",2001,"06.06.",2001-06-06,2219,"e"
"Statistik der Sterbefälle","Germany",2001,"07.06.",2001-06-07,2238,"e"
"Statistik der Sterbefälle","Germany",2001,"08.06.",2001-06-08,2160,"e"
"Statistik der Sterbefälle","Germany",2001,"09.06.",2001-06-09,2065,"e"
"Statistik der Sterbefälle","Germany",2001,"10.06.",2001-06-10,2068,"e"
"Statistik der Sterbefälle","Germany",2001,"11.06.",2001-06-11,2224,"e"
"Statistik der Sterbefälle","Germany",2001,"12.06.",2001-06-12,2110,"e"
"Statistik der Sterbefälle","Germany",2001,"13.06.",2001-06-13,2195,"e"
"Statistik der Sterbefälle","Germany",2001,"14.06.",2001-06-14,2130,"e"
"Statistik der Sterbefälle","Germany",2001,"15.06.",2001-06-15,2242,"e"
"Statistik der Sterbefälle","Germany",2001,"16.06.",2001-06-16,2276,"e"
"Statistik der Sterbefälle","Germany",2001,"17.06.",2001-06-17,2137,"e"
"Statistik der Sterbefälle","Germany",2001,"18.06.",2001-06-18,2087,"e"
"Statistik der Sterbefälle","Germany",2001,"19.06.",2001-06-19,2115,"e"
"Statistik der Sterbefälle","Germany",2001,"20.06.",2001-06-20,2183,"e"
"Statistik der Sterbefälle","Germany",2001,"21.06.",2001-06-21,2117,"e"
"Statistik der Sterbefälle","Germany",2001,"22.06.",2001-06-22,2163,"e"
"Statistik der Sterbefälle","Germany",2001,"23.06.",2001-06-23,2035,"e"
"Statistik der Sterbefälle","Germany",2001,"24.06.",2001-06-24,2159,"e"
"Statistik der Sterbefälle","Germany",2001,"25.06.",2001-06-25,2217,"e"
"Statistik der Sterbefälle","Germany",2001,"26.06.",2001-06-26,2308,"e"
"Statistik der Sterbefälle","Germany",2001,"27.06.",2001-06-27,2352,"e"
"Statistik der Sterbefälle","Germany",2001,"28.06.",2001-06-28,2326,"e"
"Statistik der Sterbefälle","Germany",2001,"29.06.",2001-06-29,2182,"e"
"Statistik der Sterbefälle","Germany",2001,"30.06.",2001-06-30,2211,"e"
"Statistik der Sterbefälle","Germany",2001,"01.07.",2001-07-01,2193,"e"
"Statistik der Sterbefälle","Germany",2001,"02.07.",2001-07-02,2084,"e"
"Statistik der Sterbefälle","Germany",2001,"03.07.",2001-07-03,2116,"e"
"Statistik der Sterbefälle","Germany",2001,"04.07.",2001-07-04,2223,"e"
"Statistik der Sterbefälle","Germany",2001,"05.07.",2001-07-05,2344,"e"
"Statistik der Sterbefälle","Germany",2001,"06.07.",2001-07-06,2383,"e"
"Statistik der Sterbefälle","Germany",2001,"07.07.",2001-07-07,2525,"e"
"Statistik der Sterbefälle","Germany",2001,"08.07.",2001-07-08,2210,"e"
"Statistik der Sterbefälle","Germany",2001,"09.07.",2001-07-09,2180,"e"
"Statistik der Sterbefälle","Germany",2001,"10.07.",2001-07-10,2189,"e"
"Statistik der Sterbefälle","Germany",2001,"11.07.",2001-07-11,2120,"e"
"Statistik der Sterbefälle","Germany",2001,"12.07.",2001-07-12,2174,"e"
"Statistik der Sterbefälle","Germany",2001,"13.07.",2001-07-13,2176,"e"
"Statistik der Sterbefälle","Germany",2001,"14.07.",2001-07-14,2208,"e"
"Statistik der Sterbefälle","Germany",2001,"15.07.",2001-07-15,2032,"e"
"Statistik der Sterbefälle","Germany",2001,"16.07.",2001-07-16,2119,"e"
"Statistik der Sterbefälle","Germany",2001,"17.07.",2001-07-17,2151,"e"
"Statistik der Sterbefälle","Germany",2001,"18.07.",2001-07-18,2130,"e"
"Statistik der Sterbefälle","Germany",2001,"19.07.",2001-07-19,2235,"e"
"Statistik der Sterbefälle","Germany",2001,"20.07.",2001-07-20,2133,"e"
"Statistik der Sterbefälle","Germany",2001,"21.07.",2001-07-21,2055,"e"
"Statistik der Sterbefälle","Germany",2001,"22.07.",2001-07-22,2205,"e"
"Statistik der Sterbefälle","Germany",2001,"23.07.",2001-07-23,2266,"e"
"Statistik der Sterbefälle","Germany",2001,"24.07.",2001-07-24,2276,"e"
"Statistik der Sterbefälle","Germany",2001,"25.07.",2001-07-25,2207,"e"
"Statistik der Sterbefälle","Germany",2001,"26.07.",2001-07-26,2208,"e"
"Statistik der Sterbefälle","Germany",2001,"27.07.",2001-07-27,2277,"e"
"Statistik der Sterbefälle","Germany",2001,"28.07.",2001-07-28,2298,"e"
"Statistik der Sterbefälle","Germany",2001,"29.07.",2001-07-29,2253,"e"
"Statistik der Sterbefälle","Germany",2001,"30.07.",2001-07-30,2212,"e"
"Statistik der Sterbefälle","Germany",2001,"31.07.",2001-07-31,2335,"e"
"Statistik der Sterbefälle","Germany",2001,"01.08.",2001-08-01,2209,"e"
"Statistik der Sterbefälle","Germany",2001,"02.08.",2001-08-02,2203,"e"
"Statistik der Sterbefälle","Germany",2001,"03.08.",2001-08-03,2398,"e"
"Statistik der Sterbefälle","Germany",2001,"04.08.",2001-08-04,2162,"e"
"Statistik der Sterbefälle","Germany",2001,"05.08.",2001-08-05,2005,"e"
"Statistik der Sterbefälle","Germany",2001,"06.08.",2001-08-06,2133,"e"
"Statistik der Sterbefälle","Germany",2001,"07.08.",2001-08-07,2051,"e"
"Statistik der Sterbefälle","Germany",2001,"08.08.",2001-08-08,2104,"e"
"Statistik der Sterbefälle","Germany",2001,"09.08.",2001-08-09,2042,"e"
"Statistik der Sterbefälle","Germany",2001,"10.08.",2001-08-10,2041,"e"
"Statistik der Sterbefälle","Germany",2001,"11.08.",2001-08-11,2014,"e"
"Statistik der Sterbefälle","Germany",2001,"12.08.",2001-08-12,1963,"e"
"Statistik der Sterbefälle","Germany",2001,"13.08.",2001-08-13,2132,"e"
"Statistik der Sterbefälle","Germany",2001,"14.08.",2001-08-14,2239,"e"
"Statistik der Sterbefälle","Germany",2001,"15.08.",2001-08-15,2295,"e"
"Statistik der Sterbefälle","Germany",2001,"16.08.",2001-08-16,2349,"e"
"Statistik der Sterbefälle","Germany",2001,"17.08.",2001-08-17,2201,"e"
"Statistik der Sterbefälle","Germany",2001,"18.08.",2001-08-18,2197,"e"
"Statistik der Sterbefälle","Germany",2001,"19.08.",2001-08-19,2175,"e"
"Statistik der Sterbefälle","Germany",2001,"20.08.",2001-08-20,2147,"e"
"Statistik der Sterbefälle","Germany",2001,"21.08.",2001-08-21,2093,"e"
"Statistik der Sterbefälle","Germany",2001,"22.08.",2001-08-22,2093,"e"
"Statistik der Sterbefälle","Germany",2001,"23.08.",2001-08-23,2150,"e"
"Statistik der Sterbefälle","Germany",2001,"24.08.",2001-08-24,2300,"e"
"Statistik der Sterbefälle","Germany",2001,"25.08.",2001-08-25,2301,"e"
"Statistik der Sterbefälle","Germany",2001,"26.08.",2001-08-26,2255,"e"
"Statistik der Sterbefälle","Germany",2001,"27.08.",2001-08-27,2286,"e"
"Statistik der Sterbefälle","Germany",2001,"28.08.",2001-08-28,1965,"e"
"Statistik der Sterbefälle","Germany",2001,"29.08.",2001-08-29,2033,"e"
"Statistik der Sterbefälle","Germany",2001,"30.08.",2001-08-30,2094,"e"
"Statistik der Sterbefälle","Germany",2001,"31.08.",2001-08-31,2199,"e"
"Statistik der Sterbefälle","Germany",2001,"01.09.",2001-09-01,2156,"e"
"Statistik der Sterbefälle","Germany",2001,"02.09.",2001-09-02,2007,"e"
"Statistik der Sterbefälle","Germany",2001,"03.09.",2001-09-03,2159,"e"
"Statistik der Sterbefälle","Germany",2001,"04.09.",2001-09-04,2044,"e"
"Statistik der Sterbefälle","Germany",2001,"05.09.",2001-09-05,2079,"e"
"Statistik der Sterbefälle","Germany",2001,"06.09.",2001-09-06,2124,"e"
"Statistik der Sterbefälle","Germany",2001,"07.09.",2001-09-07,2033,"e"
"Statistik der Sterbefälle","Germany",2001,"08.09.",2001-09-08,2036,"e"
"Statistik der Sterbefälle","Germany",2001,"09.09.",2001-09-09,2045,"e"
"Statistik der Sterbefälle","Germany",2001,"10.09.",2001-09-10,2184,"e"
"Statistik der Sterbefälle","Germany",2001,"11.09.",2001-09-11,2142,"e"
"Statistik der Sterbefälle","Germany",2001,"12.09.",2001-09-12,2135,"e"
"Statistik der Sterbefälle","Germany",2001,"13.09.",2001-09-13,2248,"e"
"Statistik der Sterbefälle","Germany",2001,"14.09.",2001-09-14,2155,"e"
"Statistik der Sterbefälle","Germany",2001,"15.09.",2001-09-15,2171,"e"
"Statistik der Sterbefälle","Germany",2001,"16.09.",2001-09-16,2165,"e"
"Statistik der Sterbefälle","Germany",2001,"17.09.",2001-09-17,2120,"e"
"Statistik der Sterbefälle","Germany",2001,"18.09.",2001-09-18,2178,"e"
"Statistik der Sterbefälle","Germany",2001,"19.09.",2001-09-19,2099,"e"
"Statistik der Sterbefälle","Germany",2001,"20.09.",2001-09-20,2264,"e"
"Statistik der Sterbefälle","Germany",2001,"21.09.",2001-09-21,2242,"e"
"Statistik der Sterbefälle","Germany",2001,"22.09.",2001-09-22,2130,"e"
"Statistik der Sterbefälle","Germany",2001,"23.09.",2001-09-23,2163,"e"
"Statistik der Sterbefälle","Germany",2001,"24.09.",2001-09-24,2200,"e"
"Statistik der Sterbefälle","Germany",2001,"25.09.",2001-09-25,2207,"e"
"Statistik der Sterbefälle","Germany",2001,"26.09.",2001-09-26,2188,"e"
"Statistik der Sterbefälle","Germany",2001,"27.09.",2001-09-27,2204,"e"
"Statistik der Sterbefälle","Germany",2001,"28.09.",2001-09-28,2175,"e"
"Statistik der Sterbefälle","Germany",2001,"29.09.",2001-09-29,2242,"e"
"Statistik der Sterbefälle","Germany",2001,"30.09.",2001-09-30,2173,"e"
"Statistik der Sterbefälle","Germany",2001,"01.10.",2001-10-01,2305,"e"
"Statistik der Sterbefälle","Germany",2001,"02.10.",2001-10-02,2357,"e"
"Statistik der Sterbefälle","Germany",2001,"03.10.",2001-10-03,2248,"e"
"Statistik der Sterbefälle","Germany",2001,"04.10.",2001-10-04,2225,"e"
"Statistik der Sterbefälle","Germany",2001,"05.10.",2001-10-05,2199,"e"
"Statistik der Sterbefälle","Germany",2001,"06.10.",2001-10-06,2257,"e"
"Statistik der Sterbefälle","Germany",2001,"07.10.",2001-10-07,2145,"e"
"Statistik der Sterbefälle","Germany",2001,"08.10.",2001-10-08,2246,"e"
"Statistik der Sterbefälle","Germany",2001,"09.10.",2001-10-09,2187,"e"
"Statistik der Sterbefälle","Germany",2001,"10.10.",2001-10-10,2186,"e"
"Statistik der Sterbefälle","Germany",2001,"11.10.",2001-10-11,2187,"e"
"Statistik der Sterbefälle","Germany",2001,"12.10.",2001-10-12,2236,"e"
"Statistik der Sterbefälle","Germany",2001,"13.10.",2001-10-13,2174,"e"
"Statistik der Sterbefälle","Germany",2001,"14.10.",2001-10-14,2253,"e"
"Statistik der Sterbefälle","Germany",2001,"15.10.",2001-10-15,2313,"e"
"Statistik der Sterbefälle","Germany",2001,"16.10.",2001-10-16,2195,"e"
"Statistik der Sterbefälle","Germany",2001,"17.10.",2001-10-17,2223,"e"
"Statistik der Sterbefälle","Germany",2001,"18.10.",2001-10-18,2044,"e"
"Statistik der Sterbefälle","Germany",2001,"19.10.",2001-10-19,2224,"e"
"Statistik der Sterbefälle","Germany",2001,"20.10.",2001-10-20,2104,"e"
"Statistik der Sterbefälle","Germany",2001,"21.10.",2001-10-21,2060,"e"
"Statistik der Sterbefälle","Germany",2001,"22.10.",2001-10-22,2178,"e"
"Statistik der Sterbefälle","Germany",2001,"23.10.",2001-10-23,2133,"e"
"Statistik der Sterbefälle","Germany",2001,"24.10.",2001-10-24,2223,"e"
"Statistik der Sterbefälle","Germany",2001,"25.10.",2001-10-25,2163,"e"
"Statistik der Sterbefälle","Germany",2001,"26.10.",2001-10-26,2168,"e"
"Statistik der Sterbefälle","Germany",2001,"27.10.",2001-10-27,2167,"e"
"Statistik der Sterbefälle","Germany",2001,"28.10.",2001-10-28,2242,"e"
"Statistik der Sterbefälle","Germany",2001,"29.10.",2001-10-29,2196,"e"
"Statistik der Sterbefälle","Germany",2001,"30.10.",2001-10-30,2221,"e"
"Statistik der Sterbefälle","Germany",2001,"31.10.",2001-10-31,2241,"e"
"Statistik der Sterbefälle","Germany",2001,"01.11.",2001-11-01,2148,"e"
"Statistik der Sterbefälle","Germany",2001,"02.11.",2001-11-02,2134,"e"
"Statistik der Sterbefälle","Germany",2001,"03.11.",2001-11-03,2171,"e"
"Statistik der Sterbefälle","Germany",2001,"04.11.",2001-11-04,2204,"e"
"Statistik der Sterbefälle","Germany",2001,"05.11.",2001-11-05,2251,"e"
"Statistik der Sterbefälle","Germany",2001,"06.11.",2001-11-06,2206,"e"
"Statistik der Sterbefälle","Germany",2001,"07.11.",2001-11-07,2230,"e"
"Statistik der Sterbefälle","Germany",2001,"08.11.",2001-11-08,2293,"e"
"Statistik der Sterbefälle","Germany",2001,"09.11.",2001-11-09,2245,"e"
"Statistik der Sterbefälle","Germany",2001,"10.11.",2001-11-10,2271,"e"
"Statistik der Sterbefälle","Germany",2001,"11.11.",2001-11-11,2140,"e"
"Statistik der Sterbefälle","Germany",2001,"12.11.",2001-11-12,2500,"e"
"Statistik der Sterbefälle","Germany",2001,"13.11.",2001-11-13,2237,"e"
"Statistik der Sterbefälle","Germany",2001,"14.11.",2001-11-14,2314,"e"
"Statistik der Sterbefälle","Germany",2001,"15.11.",2001-11-15,2222,"e"
"Statistik der Sterbefälle","Germany",2001,"16.11.",2001-11-16,2315,"e"
"Statistik der Sterbefälle","Germany",2001,"17.11.",2001-11-17,2273,"e"
"Statistik der Sterbefälle","Germany",2001,"18.11.",2001-11-18,2325,"e"
"Statistik der Sterbefälle","Germany",2001,"19.11.",2001-11-19,2424,"e"
"Statistik der Sterbefälle","Germany",2001,"20.11.",2001-11-20,2312,"e"
"Statistik der Sterbefälle","Germany",2001,"21.11.",2001-11-21,2294,"e"
"Statistik der Sterbefälle","Germany",2001,"22.11.",2001-11-22,2422,"e"
"Statistik der Sterbefälle","Germany",2001,"23.11.",2001-11-23,2355,"e"
"Statistik der Sterbefälle","Germany",2001,"24.11.",2001-11-24,2281,"e"
"Statistik der Sterbefälle","Germany",2001,"25.11.",2001-11-25,2291,"e"
"Statistik der Sterbefälle","Germany",2001,"26.11.",2001-11-26,2344,"e"
"Statistik der Sterbefälle","Germany",2001,"27.11.",2001-11-27,2269,"e"
"Statistik der Sterbefälle","Germany",2001,"28.11.",2001-11-28,2302,"e"
"Statistik der Sterbefälle","Germany",2001,"29.11.",2001-11-29,2330,"e"
"Statistik der Sterbefälle","Germany",2001,"30.11.",2001-11-30,2349,"e"
"Statistik der Sterbefälle","Germany",2001,"01.12.",2001-12-01,2360,"e"
"Statistik der Sterbefälle","Germany",2001,"02.12.",2001-12-02,2314,"e"
"Statistik der Sterbefälle","Germany",2001,"03.12.",2001-12-03,2300,"e"
"Statistik der Sterbefälle","Germany",2001,"04.12.",2001-12-04,2392,"e"
"Statistik der Sterbefälle","Germany",2001,"05.12.",2001-12-05,2293,"e"
"Statistik der Sterbefälle","Germany",2001,"06.12.",2001-12-06,2257,"e"
"Statistik der Sterbefälle","Germany",2001,"07.12.",2001-12-07,2371,"e"
"Statistik der Sterbefälle","Germany",2001,"08.12.",2001-12-08,2233,"e"
"Statistik der Sterbefälle","Germany",2001,"09.12.",2001-12-09,2190,"e"
"Statistik der Sterbefälle","Germany",2001,"10.12.",2001-12-10,2252,"e"
"Statistik der Sterbefälle","Germany",2001,"11.12.",2001-12-11,2283,"e"
"Statistik der Sterbefälle","Germany",2001,"12.12.",2001-12-12,2340,"e"
"Statistik der Sterbefälle","Germany",2001,"13.12.",2001-12-13,2315,"e"
"Statistik der Sterbefälle","Germany",2001,"14.12.",2001-12-14,2441,"e"
"Statistik der Sterbefälle","Germany",2001,"15.12.",2001-12-15,2342,"e"
"Statistik der Sterbefälle","Germany",2001,"16.12.",2001-12-16,2335,"e"
"Statistik der Sterbefälle","Germany",2001,"17.12.",2001-12-17,2373,"e"
"Statistik der Sterbefälle","Germany",2001,"18.12.",2001-12-18,2444,"e"
"Statistik der Sterbefälle","Germany",2001,"19.12.",2001-12-19,2486,"e"
"Statistik der Sterbefälle","Germany",2001,"20.12.",2001-12-20,2463,"e"
"Statistik der Sterbefälle","Germany",2001,"21.12.",2001-12-21,2549,"e"
"Statistik der Sterbefälle","Germany",2001,"22.12.",2001-12-22,2548,"e"
"Statistik der Sterbefälle","Germany",2001,"23.12.",2001-12-23,2484,"e"
"Statistik der Sterbefälle","Germany",2001,"24.12.",2001-12-24,2470,"e"
"Statistik der Sterbefälle","Germany",2001,"25.12.",2001-12-25,2543,"e"
"Statistik der Sterbefälle","Germany",2001,"26.12.",2001-12-26,2460,"e"
"Statistik der Sterbefälle","Germany",2001,"27.12.",2001-12-27,2627,"e"
"Statistik der Sterbefälle","Germany",2001,"28.12.",2001-12-28,2580,"e"
"Statistik der Sterbefälle","Germany",2001,"29.12.",2001-12-29,2560,"e"
"Statistik der Sterbefälle","Germany",2001,"30.12.",2001-12-30,2447,"e"
"Statistik der Sterbefälle","Germany",2001,"31.12.",2001-12-31,2377,"e"
"Statistik der Sterbefälle","Germany",2002,"01.01.",2002-01-01,2534,"e"
"Statistik der Sterbefälle","Germany",2002,"02.01.",2002-01-02,2450,"e"
"Statistik der Sterbefälle","Germany",2002,"03.01.",2002-01-03,2503,"e"
"Statistik der Sterbefälle","Germany",2002,"04.01.",2002-01-04,2420,"e"
"Statistik der Sterbefälle","Germany",2002,"05.01.",2002-01-05,2512,"e"
"Statistik der Sterbefälle","Germany",2002,"06.01.",2002-01-06,2418,"e"
"Statistik der Sterbefälle","Germany",2002,"07.01.",2002-01-07,2513,"e"
"Statistik der Sterbefälle","Germany",2002,"08.01.",2002-01-08,2455,"e"
"Statistik der Sterbefälle","Germany",2002,"09.01.",2002-01-09,2401,"e"
"Statistik der Sterbefälle","Germany",2002,"10.01.",2002-01-10,2500,"e"
"Statistik der Sterbefälle","Germany",2002,"11.01.",2002-01-11,2545,"e"
"Statistik der Sterbefälle","Germany",2002,"12.01.",2002-01-12,2499,"e"
"Statistik der Sterbefälle","Germany",2002,"13.01.",2002-01-13,2407,"e"
"Statistik der Sterbefälle","Germany",2002,"14.01.",2002-01-14,2459,"e"
"Statistik der Sterbefälle","Germany",2002,"15.01.",2002-01-15,2432,"e"
"Statistik der Sterbefälle","Germany",2002,"16.01.",2002-01-16,2442,"e"
"Statistik der Sterbefälle","Germany",2002,"17.01.",2002-01-17,2392,"e"
"Statistik der Sterbefälle","Germany",2002,"18.01.",2002-01-18,2404,"e"
"Statistik der Sterbefälle","Germany",2002,"19.01.",2002-01-19,2518,"e"
"Statistik der Sterbefälle","Germany",2002,"20.01.",2002-01-20,2407,"e"
"Statistik der Sterbefälle","Germany",2002,"21.01.",2002-01-21,2677,"e"
"Statistik der Sterbefälle","Germany",2002,"22.01.",2002-01-22,2482,"e"
"Statistik der Sterbefälle","Germany",2002,"23.01.",2002-01-23,2534,"e"
"Statistik der Sterbefälle","Germany",2002,"24.01.",2002-01-24,2461,"e"
"Statistik der Sterbefälle","Germany",2002,"25.01.",2002-01-25,2360,"e"
"Statistik der Sterbefälle","Germany",2002,"26.01.",2002-01-26,2455,"e"
"Statistik der Sterbefälle","Germany",2002,"27.01.",2002-01-27,2315,"e"
"Statistik der Sterbefälle","Germany",2002,"28.01.",2002-01-28,2447,"e"
"Statistik der Sterbefälle","Germany",2002,"29.01.",2002-01-29,2419,"e"
"Statistik der Sterbefälle","Germany",2002,"30.01.",2002-01-30,2376,"e"
"Statistik der Sterbefälle","Germany",2002,"31.01.",2002-01-31,2285,"e"
"Statistik der Sterbefälle","Germany",2002,"01.02.",2002-02-01,2356,"e"
"Statistik der Sterbefälle","Germany",2002,"02.02.",2002-02-02,2301,"e"
"Statistik der Sterbefälle","Germany",2002,"03.02.",2002-02-03,2330,"e"
"Statistik der Sterbefälle","Germany",2002,"04.02.",2002-02-04,2391,"e"
"Statistik der Sterbefälle","Germany",2002,"05.02.",2002-02-05,2415,"e"
"Statistik der Sterbefälle","Germany",2002,"06.02.",2002-02-06,2316,"e"
"Statistik der Sterbefälle","Germany",2002,"07.02.",2002-02-07,2328,"e"
"Statistik der Sterbefälle","Germany",2002,"08.02.",2002-02-08,2355,"e"
"Statistik der Sterbefälle","Germany",2002,"09.02.",2002-02-09,2309,"e"
"Statistik der Sterbefälle","Germany",2002,"10.02.",2002-02-10,2227,"e"
"Statistik der Sterbefälle","Germany",2002,"11.02.",2002-02-11,2365,"e"
"Statistik der Sterbefälle","Germany",2002,"12.02.",2002-02-12,2396,"e"
"Statistik der Sterbefälle","Germany",2002,"13.02.",2002-02-13,2367,"e"
"Statistik der Sterbefälle","Germany",2002,"14.02.",2002-02-14,2319,"e"
"Statistik der Sterbefälle","Germany",2002,"15.02.",2002-02-15,2208,"e"
"Statistik der Sterbefälle","Germany",2002,"16.02.",2002-02-16,2207,"e"
"Statistik der Sterbefälle","Germany",2002,"17.02.",2002-02-17,2320,"e"
"Statistik der Sterbefälle","Germany",2002,"18.02.",2002-02-18,2296,"e"
"Statistik der Sterbefälle","Germany",2002,"19.02.",2002-02-19,2429,"e"
"Statistik der Sterbefälle","Germany",2002,"20.02.",2002-02-20,2463,"e"
"Statistik der Sterbefälle","Germany",2002,"21.02.",2002-02-21,2280,"e"
"Statistik der Sterbefälle","Germany",2002,"22.02.",2002-02-22,2531,"e"
"Statistik der Sterbefälle","Germany",2002,"23.02.",2002-02-23,2507,"e"
"Statistik der Sterbefälle","Germany",2002,"24.02.",2002-02-24,2363,"e"
"Statistik der Sterbefälle","Germany",2002,"25.02.",2002-02-25,2406,"e"
"Statistik der Sterbefälle","Germany",2002,"26.02.",2002-02-26,2505,"e"
"Statistik der Sterbefälle","Germany",2002,"27.02.",2002-02-27,2333,"e"
"Statistik der Sterbefälle","Germany",2002,"28.02.",2002-02-28,2474,"e"
"Statistik der Sterbefälle","Germany",2002,"01.03.",2002-03-01,2382,"e"
"Statistik der Sterbefälle","Germany",2002,"02.03.",2002-03-02,2373,"e"
"Statistik der Sterbefälle","Germany",2002,"03.03.",2002-03-03,2318,"e"
"Statistik der Sterbefälle","Germany",2002,"04.03.",2002-03-04,2442,"e"
"Statistik der Sterbefälle","Germany",2002,"05.03.",2002-03-05,2508,"e"
"Statistik der Sterbefälle","Germany",2002,"06.03.",2002-03-06,2458,"e"
"Statistik der Sterbefälle","Germany",2002,"07.03.",2002-03-07,2477,"e"
"Statistik der Sterbefälle","Germany",2002,"08.03.",2002-03-08,2468,"e"
"Statistik der Sterbefälle","Germany",2002,"09.03.",2002-03-09,2481,"e"
"Statistik der Sterbefälle","Germany",2002,"10.03.",2002-03-10,2302,"e"
"Statistik der Sterbefälle","Germany",2002,"11.03.",2002-03-11,2462,"e"
"Statistik der Sterbefälle","Germany",2002,"12.03.",2002-03-12,2553,"e"
"Statistik der Sterbefälle","Germany",2002,"13.03.",2002-03-13,2483,"e"
"Statistik der Sterbefälle","Germany",2002,"14.03.",2002-03-14,2441,"e"
"Statistik der Sterbefälle","Germany",2002,"15.03.",2002-03-15,2449,"e"
"Statistik der Sterbefälle","Germany",2002,"16.03.",2002-03-16,2351,"e"
"Statistik der Sterbefälle","Germany",2002,"17.03.",2002-03-17,2406,"e"
"Statistik der Sterbefälle","Germany",2002,"18.03.",2002-03-18,2495,"e"
"Statistik der Sterbefälle","Germany",2002,"19.03.",2002-03-19,2515,"e"
"Statistik der Sterbefälle","Germany",2002,"20.03.",2002-03-20,2444,"e"
"Statistik der Sterbefälle","Germany",2002,"21.03.",2002-03-21,2463,"e"
"Statistik der Sterbefälle","Germany",2002,"22.03.",2002-03-22,2383,"e"
"Statistik der Sterbefälle","Germany",2002,"23.03.",2002-03-23,2356,"e"
"Statistik der Sterbefälle","Germany",2002,"24.03.",2002-03-24,2281,"e"
"Statistik der Sterbefälle","Germany",2002,"25.03.",2002-03-25,2396,"e"
"Statistik der Sterbefälle","Germany",2002,"26.03.",2002-03-26,2414,"e"
"Statistik der Sterbefälle","Germany",2002,"27.03.",2002-03-27,2341,"e"
"Statistik der Sterbefälle","Germany",2002,"28.03.",2002-03-28,2428,"e"
"Statistik der Sterbefälle","Germany",2002,"29.03.",2002-03-29,2500,"e"
"Statistik der Sterbefälle","Germany",2002,"30.03.",2002-03-30,2406,"e"
"Statistik der Sterbefälle","Germany",2002,"31.03.",2002-03-31,2224,"e"
"Statistik der Sterbefälle","Germany",2002,"01.04.",2002-04-01,2322,"e"
"Statistik der Sterbefälle","Germany",2002,"02.04.",2002-04-02,2556,"e"
"Statistik der Sterbefälle","Germany",2002,"03.04.",2002-04-03,2599,"e"
"Statistik der Sterbefälle","Germany",2002,"04.04.",2002-04-04,2571,"e"
"Statistik der Sterbefälle","Germany",2002,"05.04.",2002-04-05,2400,"e"
"Statistik der Sterbefälle","Germany",2002,"06.04.",2002-04-06,2361,"e"
"Statistik der Sterbefälle","Germany",2002,"07.04.",2002-04-07,2410,"e"
"Statistik der Sterbefälle","Germany",2002,"08.04.",2002-04-08,2392,"e"
"Statistik der Sterbefälle","Germany",2002,"09.04.",2002-04-09,2412,"e"
"Statistik der Sterbefälle","Germany",2002,"10.04.",2002-04-10,2475,"e"
"Statistik der Sterbefälle","Germany",2002,"11.04.",2002-04-11,2472,"e"
"Statistik der Sterbefälle","Germany",2002,"12.04.",2002-04-12,2542,"e"
"Statistik der Sterbefälle","Germany",2002,"13.04.",2002-04-13,2477,"e"
"Statistik der Sterbefälle","Germany",2002,"14.04.",2002-04-14,2385,"e"
"Statistik der Sterbefälle","Germany",2002,"15.04.",2002-04-15,2412,"e"
"Statistik der Sterbefälle","Germany",2002,"16.04.",2002-04-16,2368,"e"
"Statistik der Sterbefälle","Germany",2002,"17.04.",2002-04-17,2453,"e"
"Statistik der Sterbefälle","Germany",2002,"18.04.",2002-04-18,2361,"e"
"Statistik der Sterbefälle","Germany",2002,"19.04.",2002-04-19,2304,"e"
"Statistik der Sterbefälle","Germany",2002,"20.04.",2002-04-20,2279,"e"
"Statistik der Sterbefälle","Germany",2002,"21.04.",2002-04-21,2268,"e"
"Statistik der Sterbefälle","Germany",2002,"22.04.",2002-04-22,2357,"e"
"Statistik der Sterbefälle","Germany",2002,"23.04.",2002-04-23,2386,"e"
"Statistik der Sterbefälle","Germany",2002,"24.04.",2002-04-24,2359,"e"
"Statistik der Sterbefälle","Germany",2002,"25.04.",2002-04-25,2409,"e"
"Statistik der Sterbefälle","Germany",2002,"26.04.",2002-04-26,2378,"e"
"Statistik der Sterbefälle","Germany",2002,"27.04.",2002-04-27,2346,"e"
"Statistik der Sterbefälle","Germany",2002,"28.04.",2002-04-28,2147,"e"
"Statistik der Sterbefälle","Germany",2002,"29.04.",2002-04-29,2332,"e"
"Statistik der Sterbefälle","Germany",2002,"30.04.",2002-04-30,2228,"e"
"Statistik der Sterbefälle","Germany",2002,"01.05.",2002-05-01,2257,"e"
"Statistik der Sterbefälle","Germany",2002,"02.05.",2002-05-02,2351,"e"
"Statistik der Sterbefälle","Germany",2002,"03.05.",2002-05-03,2293,"e"
"Statistik der Sterbefälle","Germany",2002,"04.05.",2002-05-04,2240,"e"
"Statistik der Sterbefälle","Germany",2002,"05.05.",2002-05-05,2209,"e"
"Statistik der Sterbefälle","Germany",2002,"06.05.",2002-05-06,2268,"e"
"Statistik der Sterbefälle","Germany",2002,"07.05.",2002-05-07,2202,"e"
"Statistik der Sterbefälle","Germany",2002,"08.05.",2002-05-08,2320,"e"
"Statistik der Sterbefälle","Germany",2002,"09.05.",2002-05-09,2377,"e"
"Statistik der Sterbefälle","Germany",2002,"10.05.",2002-05-10,2406,"e"
"Statistik der Sterbefälle","Germany",2002,"11.05.",2002-05-11,2302,"e"
"Statistik der Sterbefälle","Germany",2002,"12.05.",2002-05-12,2162,"e"
"Statistik der Sterbefälle","Germany",2002,"13.05.",2002-05-13,2240,"e"
"Statistik der Sterbefälle","Germany",2002,"14.05.",2002-05-14,2313,"e"
"Statistik der Sterbefälle","Germany",2002,"15.05.",2002-05-15,2208,"e"
"Statistik der Sterbefälle","Germany",2002,"16.05.",2002-05-16,2243,"e"
"Statistik der Sterbefälle","Germany",2002,"17.05.",2002-05-17,2303,"e"
"Statistik der Sterbefälle","Germany",2002,"18.05.",2002-05-18,2229,"e"
"Statistik der Sterbefälle","Germany",2002,"19.05.",2002-05-19,2147,"e"
"Statistik der Sterbefälle","Germany",2002,"20.05.",2002-05-20,2222,"e"
"Statistik der Sterbefälle","Germany",2002,"21.05.",2002-05-21,2300,"e"
"Statistik der Sterbefälle","Germany",2002,"22.05.",2002-05-22,2306,"e"
"Statistik der Sterbefälle","Germany",2002,"23.05.",2002-05-23,2198,"e"
"Statistik der Sterbefälle","Germany",2002,"24.05.",2002-05-24,2124,"e"
"Statistik der Sterbefälle","Germany",2002,"25.05.",2002-05-25,2153,"e"
"Statistik der Sterbefälle","Germany",2002,"26.05.",2002-05-26,1993,"e"
"Statistik der Sterbefälle","Germany",2002,"27.05.",2002-05-27,2175,"e"
"Statistik der Sterbefälle","Germany",2002,"28.05.",2002-05-28,2108,"e"
"Statistik der Sterbefälle","Germany",2002,"29.05.",2002-05-29,2169,"e"
"Statistik der Sterbefälle","Germany",2002,"30.05.",2002-05-30,2116,"e"
"Statistik der Sterbefälle","Germany",2002,"31.05.",2002-05-31,2100,"e"
"Statistik der Sterbefälle","Germany",2002,"01.06.",2002-06-01,2075,"e"
"Statistik der Sterbefälle","Germany",2002,"02.06.",2002-06-02,2114,"e"
"Statistik der Sterbefälle","Germany",2002,"03.06.",2002-06-03,2294,"e"
"Statistik der Sterbefälle","Germany",2002,"04.06.",2002-06-04,2300,"e"
"Statistik der Sterbefälle","Germany",2002,"05.06.",2002-06-05,2274,"e"
"Statistik der Sterbefälle","Germany",2002,"06.06.",2002-06-06,2318,"e"
"Statistik der Sterbefälle","Germany",2002,"07.06.",2002-06-07,2304,"e"
"Statistik der Sterbefälle","Germany",2002,"08.06.",2002-06-08,2088,"e"
"Statistik der Sterbefälle","Germany",2002,"09.06.",2002-06-09,2130,"e"
"Statistik der Sterbefälle","Germany",2002,"10.06.",2002-06-10,2303,"e"
"Statistik der Sterbefälle","Germany",2002,"11.06.",2002-06-11,2108,"e"
"Statistik der Sterbefälle","Germany",2002,"12.06.",2002-06-12,2177,"e"
"Statistik der Sterbefälle","Germany",2002,"13.06.",2002-06-13,2169,"e"
"Statistik der Sterbefälle","Germany",2002,"14.06.",2002-06-14,2234,"e"
"Statistik der Sterbefälle","Germany",2002,"15.06.",2002-06-15,2164,"e"
"Statistik der Sterbefälle","Germany",2002,"16.06.",2002-06-16,2158,"e"
"Statistik der Sterbefälle","Germany",2002,"17.06.",2002-06-17,2366,"e"
"Statistik der Sterbefälle","Germany",2002,"18.06.",2002-06-18,2670,"e"
"Statistik der Sterbefälle","Germany",2002,"19.06.",2002-06-19,2491,"e"
"Statistik der Sterbefälle","Germany",2002,"20.06.",2002-06-20,2452,"e"
"Statistik der Sterbefälle","Germany",2002,"21.06.",2002-06-21,2236,"e"
"Statistik der Sterbefälle","Germany",2002,"22.06.",2002-06-22,2208,"e"
"Statistik der Sterbefälle","Germany",2002,"23.06.",2002-06-23,2165,"e"
"Statistik der Sterbefälle","Germany",2002,"24.06.",2002-06-24,2109,"e"
"Statistik der Sterbefälle","Germany",2002,"25.06.",2002-06-25,2086,"e"
"Statistik der Sterbefälle","Germany",2002,"26.06.",2002-06-26,2168,"e"
"Statistik der Sterbefälle","Germany",2002,"27.06.",2002-06-27,2175,"e"
"Statistik der Sterbefälle","Germany",2002,"28.06.",2002-06-28,2091,"e"
"Statistik der Sterbefälle","Germany",2002,"29.06.",2002-06-29,2130,"e"
"Statistik der Sterbefälle","Germany",2002,"30.06.",2002-06-30,2038,"e"
"Statistik der Sterbefälle","Germany",2002,"01.07.",2002-07-01,2174,"e"
"Statistik der Sterbefälle","Germany",2002,"02.07.",2002-07-02,2063,"e"
"Statistik der Sterbefälle","Germany",2002,"03.07.",2002-07-03,2233,"e"
"Statistik der Sterbefälle","Germany",2002,"04.07.",2002-07-04,2163,"e"
"Statistik der Sterbefälle","Germany",2002,"05.07.",2002-07-05,2023,"e"
"Statistik der Sterbefälle","Germany",2002,"06.07.",2002-07-06,2129,"e"
"Statistik der Sterbefälle","Germany",2002,"07.07.",2002-07-07,2153,"e"
"Statistik der Sterbefälle","Germany",2002,"08.07.",2002-07-08,2227,"e"
"Statistik der Sterbefälle","Germany",2002,"09.07.",2002-07-09,2344,"e"
"Statistik der Sterbefälle","Germany",2002,"10.07.",2002-07-10,2298,"e"
"Statistik der Sterbefälle","Germany",2002,"11.07.",2002-07-11,2116,"e"
"Statistik der Sterbefälle","Germany",2002,"12.07.",2002-07-12,2088,"e"
"Statistik der Sterbefälle","Germany",2002,"13.07.",2002-07-13,2161,"e"
"Statistik der Sterbefälle","Germany",2002,"14.07.",2002-07-14,2076,"e"
"Statistik der Sterbefälle","Germany",2002,"15.07.",2002-07-15,2187,"e"
"Statistik der Sterbefälle","Germany",2002,"16.07.",2002-07-16,2126,"e"
"Statistik der Sterbefälle","Germany",2002,"17.07.",2002-07-17,2101,"e"
"Statistik der Sterbefälle","Germany",2002,"18.07.",2002-07-18,2074,"e"
"Statistik der Sterbefälle","Germany",2002,"19.07.",2002-07-19,2032,"e"
"Statistik der Sterbefälle","Germany",2002,"20.07.",2002-07-20,1998,"e"
"Statistik der Sterbefälle","Germany",2002,"21.07.",2002-07-21,2174,"e"
"Statistik der Sterbefälle","Germany",2002,"22.07.",2002-07-22,2112,"e"
"Statistik der Sterbefälle","Germany",2002,"23.07.",2002-07-23,2156,"e"
"Statistik der Sterbefälle","Germany",2002,"24.07.",2002-07-24,2107,"e"
"Statistik der Sterbefälle","Germany",2002,"25.07.",2002-07-25,2070,"e"
"Statistik der Sterbefälle","Germany",2002,"26.07.",2002-07-26,2144,"e"
"Statistik der Sterbefälle","Germany",2002,"27.07.",2002-07-27,2124,"e"
"Statistik der Sterbefälle","Germany",2002,"28.07.",2002-07-28,2199,"e"
"Statistik der Sterbefälle","Germany",2002,"29.07.",2002-07-29,2298,"e"
"Statistik der Sterbefälle","Germany",2002,"30.07.",2002-07-30,2463,"e"
"Statistik der Sterbefälle","Germany",2002,"31.07.",2002-07-31,2422,"e"
"Statistik der Sterbefälle","Germany",2002,"01.08.",2002-08-01,2446,"e"
"Statistik der Sterbefälle","Germany",2002,"02.08.",2002-08-02,2235,"e"
"Statistik der Sterbefälle","Germany",2002,"03.08.",2002-08-03,2139,"e"
"Statistik der Sterbefälle","Germany",2002,"04.08.",2002-08-04,2115,"e"
"Statistik der Sterbefälle","Germany",2002,"05.08.",2002-08-05,2110,"e"
"Statistik der Sterbefälle","Germany",2002,"06.08.",2002-08-06,2048,"e"
"Statistik der Sterbefälle","Germany",2002,"07.08.",2002-08-07,2115,"e"
"Statistik der Sterbefälle","Germany",2002,"08.08.",2002-08-08,2027,"e"
"Statistik der Sterbefälle","Germany",2002,"09.08.",2002-08-09,2126,"e"
"Statistik der Sterbefälle","Germany",2002,"10.08.",2002-08-10,2056,"e"
"Statistik der Sterbefälle","Germany",2002,"11.08.",2002-08-11,2117,"e"
"Statistik der Sterbefälle","Germany",2002,"12.08.",2002-08-12,2109,"e"
"Statistik der Sterbefälle","Germany",2002,"13.08.",2002-08-13,2098,"e"
"Statistik der Sterbefälle","Germany",2002,"14.08.",2002-08-14,2136,"e"
"Statistik der Sterbefälle","Germany",2002,"15.08.",2002-08-15,2232,"e"
"Statistik der Sterbefälle","Germany",2002,"16.08.",2002-08-16,2153,"e"
"Statistik der Sterbefälle","Germany",2002,"17.08.",2002-08-17,2268,"e"
"Statistik der Sterbefälle","Germany",2002,"18.08.",2002-08-18,2133,"e"
"Statistik der Sterbefälle","Germany",2002,"19.08.",2002-08-19,2366,"e"
"Statistik der Sterbefälle","Germany",2002,"20.08.",2002-08-20,2336,"e"
"Statistik der Sterbefälle","Germany",2002,"21.08.",2002-08-21,2227,"e"
"Statistik der Sterbefälle","Germany",2002,"22.08.",2002-08-22,2109,"e"
"Statistik der Sterbefälle","Germany",2002,"23.08.",2002-08-23,2257,"e"
"Statistik der Sterbefälle","Germany",2002,"24.08.",2002-08-24,2087,"e"
"Statistik der Sterbefälle","Germany",2002,"25.08.",2002-08-25,2059,"e"
"Statistik der Sterbefälle","Germany",2002,"26.08.",2002-08-26,2255,"e"
"Statistik der Sterbefälle","Germany",2002,"27.08.",2002-08-27,2148,"e"
"Statistik der Sterbefälle","Germany",2002,"28.08.",2002-08-28,2225,"e"
"Statistik der Sterbefälle","Germany",2002,"29.08.",2002-08-29,2186,"e"
"Statistik der Sterbefälle","Germany",2002,"30.08.",2002-08-30,2224,"e"
"Statistik der Sterbefälle","Germany",2002,"31.08.",2002-08-31,2117,"e"
"Statistik der Sterbefälle","Germany",2002,"01.09.",2002-09-01,1934,"e"
"Statistik der Sterbefälle","Germany",2002,"02.09.",2002-09-02,2045,"e"
"Statistik der Sterbefälle","Germany",2002,"03.09.",2002-09-03,2092,"e"
"Statistik der Sterbefälle","Germany",2002,"04.09.",2002-09-04,2162,"e"
"Statistik der Sterbefälle","Germany",2002,"05.09.",2002-09-05,2031,"e"
"Statistik der Sterbefälle","Germany",2002,"06.09.",2002-09-06,2136,"e"
"Statistik der Sterbefälle","Germany",2002,"07.09.",2002-09-07,2065,"e"
"Statistik der Sterbefälle","Germany",2002,"08.09.",2002-09-08,2116,"e"
"Statistik der Sterbefälle","Germany",2002,"09.09.",2002-09-09,2178,"e"
"Statistik der Sterbefälle","Germany",2002,"10.09.",2002-09-10,2235,"e"
"Statistik der Sterbefälle","Germany",2002,"11.09.",2002-09-11,2174,"e"
"Statistik der Sterbefälle","Germany",2002,"12.09.",2002-09-12,2069,"e"
"Statistik der Sterbefälle","Germany",2002,"13.09.",2002-09-13,1992,"e"
"Statistik der Sterbefälle","Germany",2002,"14.09.",2002-09-14,2091,"e"
"Statistik der Sterbefälle","Germany",2002,"15.09.",2002-09-15,2030,"e"
"Statistik der Sterbefälle","Germany",2002,"16.09.",2002-09-16,2065,"e"
"Statistik der Sterbefälle","Germany",2002,"17.09.",2002-09-17,2165,"e"
"Statistik der Sterbefälle","Germany",2002,"18.09.",2002-09-18,2117,"e"
"Statistik der Sterbefälle","Germany",2002,"19.09.",2002-09-19,2187,"e"
"Statistik der Sterbefälle","Germany",2002,"20.09.",2002-09-20,2213,"e"
"Statistik der Sterbefälle","Germany",2002,"21.09.",2002-09-21,2131,"e"
"Statistik der Sterbefälle","Germany",2002,"22.09.",2002-09-22,2095,"e"
"Statistik der Sterbefälle","Germany",2002,"23.09.",2002-09-23,2244,"e"
"Statistik der Sterbefälle","Germany",2002,"24.09.",2002-09-24,2189,"e"
"Statistik der Sterbefälle","Germany",2002,"25.09.",2002-09-25,2204,"e"
"Statistik der Sterbefälle","Germany",2002,"26.09.",2002-09-26,2251,"e"
"Statistik der Sterbefälle","Germany",2002,"27.09.",2002-09-27,2207,"e"
"Statistik der Sterbefälle","Germany",2002,"28.09.",2002-09-28,2203,"e"
"Statistik der Sterbefälle","Germany",2002,"29.09.",2002-09-29,2169,"e"
"Statistik der Sterbefälle","Germany",2002,"30.09.",2002-09-30,2161,"e"
"Statistik der Sterbefälle","Germany",2002,"01.10.",2002-10-01,2197,"e"
"Statistik der Sterbefälle","Germany",2002,"02.10.",2002-10-02,2245,"e"
"Statistik der Sterbefälle","Germany",2002,"03.10.",2002-10-03,2193,"e"
"Statistik der Sterbefälle","Germany",2002,"04.10.",2002-10-04,2273,"e"
"Statistik der Sterbefälle","Germany",2002,"05.10.",2002-10-05,2238,"e"
"Statistik der Sterbefälle","Germany",2002,"06.10.",2002-10-06,2185,"e"
"Statistik der Sterbefälle","Germany",2002,"07.10.",2002-10-07,2306,"e"
"Statistik der Sterbefälle","Germany",2002,"08.10.",2002-10-08,2229,"e"
"Statistik der Sterbefälle","Germany",2002,"09.10.",2002-10-09,2191,"e"
"Statistik der Sterbefälle","Germany",2002,"10.10.",2002-10-10,2277,"e"
"Statistik der Sterbefälle","Germany",2002,"11.10.",2002-10-11,2259,"e"
"Statistik der Sterbefälle","Germany",2002,"12.10.",2002-10-12,2359,"e"
"Statistik der Sterbefälle","Germany",2002,"13.10.",2002-10-13,2219,"e"
"Statistik der Sterbefälle","Germany",2002,"14.10.",2002-10-14,2420,"e"
"Statistik der Sterbefälle","Germany",2002,"15.10.",2002-10-15,2330,"e"
"Statistik der Sterbefälle","Germany",2002,"16.10.",2002-10-16,2414,"e"
"Statistik der Sterbefälle","Germany",2002,"17.10.",2002-10-17,2401,"e"
"Statistik der Sterbefälle","Germany",2002,"18.10.",2002-10-18,2288,"e"
"Statistik der Sterbefälle","Germany",2002,"19.10.",2002-10-19,2175,"e"
"Statistik der Sterbefälle","Germany",2002,"20.10.",2002-10-20,2184,"e"
"Statistik der Sterbefälle","Germany",2002,"21.10.",2002-10-21,2348,"e"
"Statistik der Sterbefälle","Germany",2002,"22.10.",2002-10-22,2404,"e"
"Statistik der Sterbefälle","Germany",2002,"23.10.",2002-10-23,2507,"e"
"Statistik der Sterbefälle","Germany",2002,"24.10.",2002-10-24,2261,"e"
"Statistik der Sterbefälle","Germany",2002,"25.10.",2002-10-25,2380,"e"
"Statistik der Sterbefälle","Germany",2002,"26.10.",2002-10-26,2310,"e"
"Statistik der Sterbefälle","Germany",2002,"27.10.",2002-10-27,2281,"e"
"Statistik der Sterbefälle","Germany",2002,"28.10.",2002-10-28,2319,"e"
"Statistik der Sterbefälle","Germany",2002,"29.10.",2002-10-29,2232,"e"
"Statistik der Sterbefälle","Germany",2002,"30.10.",2002-10-30,2321,"e"
"Statistik der Sterbefälle","Germany",2002,"31.10.",2002-10-31,2338,"e"
"Statistik der Sterbefälle","Germany",2002,"01.11.",2002-11-01,2320,"e"
"Statistik der Sterbefälle","Germany",2002,"02.11.",2002-11-02,2274,"e"
"Statistik der Sterbefälle","Germany",2002,"03.11.",2002-11-03,2159,"e"
"Statistik der Sterbefälle","Germany",2002,"04.11.",2002-11-04,2246,"e"
"Statistik der Sterbefälle","Germany",2002,"05.11.",2002-11-05,2205,"e"
"Statistik der Sterbefälle","Germany",2002,"06.11.",2002-11-06,2306,"e"
"Statistik der Sterbefälle","Germany",2002,"07.11.",2002-11-07,2319,"e"
"Statistik der Sterbefälle","Germany",2002,"08.11.",2002-11-08,2280,"e"
"Statistik der Sterbefälle","Germany",2002,"09.11.",2002-11-09,2383,"e"
"Statistik der Sterbefälle","Germany",2002,"10.11.",2002-11-10,2240,"e"
"Statistik der Sterbefälle","Germany",2002,"11.11.",2002-11-11,2409,"e"
"Statistik der Sterbefälle","Germany",2002,"12.11.",2002-11-12,2379,"e"
"Statistik der Sterbefälle","Germany",2002,"13.11.",2002-11-13,2376,"e"
"Statistik der Sterbefälle","Germany",2002,"14.11.",2002-11-14,2341,"e"
"Statistik der Sterbefälle","Germany",2002,"15.11.",2002-11-15,2433,"e"
"Statistik der Sterbefälle","Germany",2002,"16.11.",2002-11-16,2294,"e"
"Statistik der Sterbefälle","Germany",2002,"17.11.",2002-11-17,2282,"e"
"Statistik der Sterbefälle","Germany",2002,"18.11.",2002-11-18,2279,"e"
"Statistik der Sterbefälle","Germany",2002,"19.11.",2002-11-19,2335,"e"
"Statistik der Sterbefälle","Germany",2002,"20.11.",2002-11-20,2349,"e"
"Statistik der Sterbefälle","Germany",2002,"21.11.",2002-11-21,2361,"e"
"Statistik der Sterbefälle","Germany",2002,"22.11.",2002-11-22,2401,"e"
"Statistik der Sterbefälle","Germany",2002,"23.11.",2002-11-23,2324,"e"
"Statistik der Sterbefälle","Germany",2002,"24.11.",2002-11-24,2279,"e"
"Statistik der Sterbefälle","Germany",2002,"25.11.",2002-11-25,2371,"e"
"Statistik der Sterbefälle","Germany",2002,"26.11.",2002-11-26,2356,"e"
"Statistik der Sterbefälle","Germany",2002,"27.11.",2002-11-27,2313,"e"
"Statistik der Sterbefälle","Germany",2002,"28.11.",2002-11-28,2365,"e"
"Statistik der Sterbefälle","Germany",2002,"29.11.",2002-11-29,2373,"e"
"Statistik der Sterbefälle","Germany",2002,"30.11.",2002-11-30,2225,"e"
"Statistik der Sterbefälle","Germany",2002,"01.12.",2002-12-01,2269,"e"
"Statistik der Sterbefälle","Germany",2002,"02.12.",2002-12-02,2418,"e"
"Statistik der Sterbefälle","Germany",2002,"03.12.",2002-12-03,2411,"e"
"Statistik der Sterbefälle","Germany",2002,"04.12.",2002-12-04,2402,"e"
"Statistik der Sterbefälle","Germany",2002,"05.12.",2002-12-05,2358,"e"
"Statistik der Sterbefälle","Germany",2002,"06.12.",2002-12-06,2392,"e"
"Statistik der Sterbefälle","Germany",2002,"07.12.",2002-12-07,2294,"e"
"Statistik der Sterbefälle","Germany",2002,"08.12.",2002-12-08,2325,"e"
"Statistik der Sterbefälle","Germany",2002,"09.12.",2002-12-09,2440,"e"
"Statistik der Sterbefälle","Germany",2002,"10.12.",2002-12-10,2465,"e"
"Statistik der Sterbefälle","Germany",2002,"11.12.",2002-12-11,2464,"e"
"Statistik der Sterbefälle","Germany",2002,"12.12.",2002-12-12,2505,"e"
"Statistik der Sterbefälle","Germany",2002,"13.12.",2002-12-13,2591,"e"
"Statistik der Sterbefälle","Germany",2002,"14.12.",2002-12-14,2536,"e"
"Statistik der Sterbefälle","Germany",2002,"15.12.",2002-12-15,2526,"e"
"Statistik der Sterbefälle","Germany",2002,"16.12.",2002-12-16,2664,"e"
"Statistik der Sterbefälle","Germany",2002,"17.12.",2002-12-17,2619,"e"
"Statistik der Sterbefälle","Germany",2002,"18.12.",2002-12-18,2515,"e"
"Statistik der Sterbefälle","Germany",2002,"19.12.",2002-12-19,2608,"e"
"Statistik der Sterbefälle","Germany",2002,"20.12.",2002-12-20,2616,"e"
"Statistik der Sterbefälle","Germany",2002,"21.12.",2002-12-21,2654,"e"
"Statistik der Sterbefälle","Germany",2002,"22.12.",2002-12-22,2563,"e"
"Statistik der Sterbefälle","Germany",2002,"23.12.",2002-12-23,2655,"e"
"Statistik der Sterbefälle","Germany",2002,"24.12.",2002-12-24,2672,"e"
"Statistik der Sterbefälle","Germany",2002,"25.12.",2002-12-25,2590,"e"
"Statistik der Sterbefälle","Germany",2002,"26.12.",2002-12-26,2575,"e"
"Statistik der Sterbefälle","Germany",2002,"27.12.",2002-12-27,2679,"e"
"Statistik der Sterbefälle","Germany",2002,"28.12.",2002-12-28,2574,"e"
"Statistik der Sterbefälle","Germany",2002,"29.12.",2002-12-29,2596,"e"
"Statistik der Sterbefälle","Germany",2002,"30.12.",2002-12-30,2703,"e"
"Statistik der Sterbefälle","Germany",2002,"31.12.",2002-12-31,2593,"e"
"Statistik der Sterbefälle","Germany",2003,"01.01.",2003-01-01,2560,"e"
"Statistik der Sterbefälle","Germany",2003,"02.01.",2003-01-02,2742,"e"
"Statistik der Sterbefälle","Germany",2003,"03.01.",2003-01-03,2632,"e"
"Statistik der Sterbefälle","Germany",2003,"04.01.",2003-01-04,2470,"e"
"Statistik der Sterbefälle","Germany",2003,"05.01.",2003-01-05,2535,"e"
"Statistik der Sterbefälle","Germany",2003,"06.01.",2003-01-06,2644,"e"
"Statistik der Sterbefälle","Germany",2003,"07.01.",2003-01-07,2624,"e"
"Statistik der Sterbefälle","Germany",2003,"08.01.",2003-01-08,2609,"e"
"Statistik der Sterbefälle","Germany",2003,"09.01.",2003-01-09,2517,"e"
"Statistik der Sterbefälle","Germany",2003,"10.01.",2003-01-10,2716,"e"
"Statistik der Sterbefälle","Germany",2003,"11.01.",2003-01-11,2630,"e"
"Statistik der Sterbefälle","Germany",2003,"12.01.",2003-01-12,2525,"e"
"Statistik der Sterbefälle","Germany",2003,"13.01.",2003-01-13,2654,"e"
"Statistik der Sterbefälle","Germany",2003,"14.01.",2003-01-14,2615,"e"
"Statistik der Sterbefälle","Germany",2003,"15.01.",2003-01-15,2594,"e"
"Statistik der Sterbefälle","Germany",2003,"16.01.",2003-01-16,2565,"e"
"Statistik der Sterbefälle","Germany",2003,"17.01.",2003-01-17,2509,"e"
"Statistik der Sterbefälle","Germany",2003,"18.01.",2003-01-18,2460,"e"
"Statistik der Sterbefälle","Germany",2003,"19.01.",2003-01-19,2464,"e"
"Statistik der Sterbefälle","Germany",2003,"20.01.",2003-01-20,2588,"e"
"Statistik der Sterbefälle","Germany",2003,"21.01.",2003-01-21,2565,"e"
"Statistik der Sterbefälle","Germany",2003,"22.01.",2003-01-22,2631,"e"
"Statistik der Sterbefälle","Germany",2003,"23.01.",2003-01-23,2477,"e"
"Statistik der Sterbefälle","Germany",2003,"24.01.",2003-01-24,2435,"e"
"Statistik der Sterbefälle","Germany",2003,"25.01.",2003-01-25,2423,"e"
"Statistik der Sterbefälle","Germany",2003,"26.01.",2003-01-26,2390,"e"
"Statistik der Sterbefälle","Germany",2003,"27.01.",2003-01-27,2517,"e"
"Statistik der Sterbefälle","Germany",2003,"28.01.",2003-01-28,2583,"e"
"Statistik der Sterbefälle","Germany",2003,"29.01.",2003-01-29,2508,"e"
"Statistik der Sterbefälle","Germany",2003,"30.01.",2003-01-30,2489,"e"
"Statistik der Sterbefälle","Germany",2003,"31.01.",2003-01-31,2442,"e"
"Statistik der Sterbefälle","Germany",2003,"01.02.",2003-02-01,2363,"e"
"Statistik der Sterbefälle","Germany",2003,"02.02.",2003-02-02,2331,"e"
"Statistik der Sterbefälle","Germany",2003,"03.02.",2003-02-03,2583,"e"
"Statistik der Sterbefälle","Germany",2003,"04.02.",2003-02-04,2480,"e"
"Statistik der Sterbefälle","Germany",2003,"05.02.",2003-02-05,2509,"e"
"Statistik der Sterbefälle","Germany",2003,"06.02.",2003-02-06,2461,"e"
"Statistik der Sterbefälle","Germany",2003,"07.02.",2003-02-07,2468,"e"
"Statistik der Sterbefälle","Germany",2003,"08.02.",2003-02-08,2459,"e"
"Statistik der Sterbefälle","Germany",2003,"09.02.",2003-02-09,2412,"e"
"Statistik der Sterbefälle","Germany",2003,"10.02.",2003-02-10,2372,"e"
"Statistik der Sterbefälle","Germany",2003,"11.02.",2003-02-11,2401,"e"
"Statistik der Sterbefälle","Germany",2003,"12.02.",2003-02-12,2532,"e"
"Statistik der Sterbefälle","Germany",2003,"13.02.",2003-02-13,2525,"e"
"Statistik der Sterbefälle","Germany",2003,"14.02.",2003-02-14,2491,"e"
"Statistik der Sterbefälle","Germany",2003,"15.02.",2003-02-15,2451,"e"
"Statistik der Sterbefälle","Germany",2003,"16.02.",2003-02-16,2484,"e"
"Statistik der Sterbefälle","Germany",2003,"17.02.",2003-02-17,2616,"e"
"Statistik der Sterbefälle","Germany",2003,"18.02.",2003-02-18,2546,"e"
"Statistik der Sterbefälle","Germany",2003,"19.02.",2003-02-19,2682,"e"
"Statistik der Sterbefälle","Germany",2003,"20.02.",2003-02-20,2699,"e"
"Statistik der Sterbefälle","Germany",2003,"21.02.",2003-02-21,2718,"e"
"Statistik der Sterbefälle","Germany",2003,"22.02.",2003-02-22,2657,"e"
"Statistik der Sterbefälle","Germany",2003,"23.02.",2003-02-23,2689,"e"
"Statistik der Sterbefälle","Germany",2003,"24.02.",2003-02-24,2890,"e"
"Statistik der Sterbefälle","Germany",2003,"25.02.",2003-02-25,2907,"e"
"Statistik der Sterbefälle","Germany",2003,"26.02.",2003-02-26,2859,"e"
"Statistik der Sterbefälle","Germany",2003,"27.02.",2003-02-27,2902,"e"
"Statistik der Sterbefälle","Germany",2003,"28.02.",2003-02-28,2854,"e"
"Statistik der Sterbefälle","Germany",2003,"01.03.",2003-03-01,2944,"e"
"Statistik der Sterbefälle","Germany",2003,"02.03.",2003-03-02,2939,"e"
"Statistik der Sterbefälle","Germany",2003,"03.03.",2003-03-03,2805,"e"
"Statistik der Sterbefälle","Germany",2003,"04.03.",2003-03-04,2927,"e"
"Statistik der Sterbefälle","Germany",2003,"05.03.",2003-03-05,2979,"e"
"Statistik der Sterbefälle","Germany",2003,"06.03.",2003-03-06,2920,"e"
"Statistik der Sterbefälle","Germany",2003,"07.03.",2003-03-07,2877,"e"
"Statistik der Sterbefälle","Germany",2003,"08.03.",2003-03-08,2789,"e"
"Statistik der Sterbefälle","Germany",2003,"09.03.",2003-03-09,2779,"e"
"Statistik der Sterbefälle","Germany",2003,"10.03.",2003-03-10,2864,"e"
"Statistik der Sterbefälle","Germany",2003,"11.03.",2003-03-11,2868,"e"
"Statistik der Sterbefälle","Germany",2003,"12.03.",2003-03-12,2802,"e"
"Statistik der Sterbefälle","Germany",2003,"13.03.",2003-03-13,2700,"e"
"Statistik der Sterbefälle","Germany",2003,"14.03.",2003-03-14,2685,"e"
"Statistik der Sterbefälle","Germany",2003,"15.03.",2003-03-15,2725,"e"
"Statistik der Sterbefälle","Germany",2003,"16.03.",2003-03-16,2494,"e"
"Statistik der Sterbefälle","Germany",2003,"17.03.",2003-03-17,2706,"e"
"Statistik der Sterbefälle","Germany",2003,"18.03.",2003-03-18,2703,"e"
"Statistik der Sterbefälle","Germany",2003,"19.03.",2003-03-19,2708,"e"
"Statistik der Sterbefälle","Germany",2003,"20.03.",2003-03-20,2604,"e"
"Statistik der Sterbefälle","Germany",2003,"21.03.",2003-03-21,2622,"e"
"Statistik der Sterbefälle","Germany",2003,"22.03.",2003-03-22,2430,"e"
"Statistik der Sterbefälle","Germany",2003,"23.03.",2003-03-23,2475,"e"
"Statistik der Sterbefälle","Germany",2003,"24.03.",2003-03-24,2627,"e"
"Statistik der Sterbefälle","Germany",2003,"25.03.",2003-03-25,2608,"e"
"Statistik der Sterbefälle","Germany",2003,"26.03.",2003-03-26,2439,"e"
"Statistik der Sterbefälle","Germany",2003,"27.03.",2003-03-27,2575,"e"
"Statistik der Sterbefälle","Germany",2003,"28.03.",2003-03-28,2629,"e"
"Statistik der Sterbefälle","Germany",2003,"29.03.",2003-03-29,2535,"e"
"Statistik der Sterbefälle","Germany",2003,"30.03.",2003-03-30,2257,"e"
"Statistik der Sterbefälle","Germany",2003,"31.03.",2003-03-31,2482,"e"
"Statistik der Sterbefälle","Germany",2003,"01.04.",2003-04-01,2448,"e"
"Statistik der Sterbefälle","Germany",2003,"02.04.",2003-04-02,2473,"e"
"Statistik der Sterbefälle","Germany",2003,"03.04.",2003-04-03,2419,"e"
"Statistik der Sterbefälle","Germany",2003,"04.04.",2003-04-04,2395,"e"
"Statistik der Sterbefälle","Germany",2003,"05.04.",2003-04-05,2393,"e"
"Statistik der Sterbefälle","Germany",2003,"06.04.",2003-04-06,2263,"e"
"Statistik der Sterbefälle","Germany",2003,"07.04.",2003-04-07,2351,"e"
"Statistik der Sterbefälle","Germany",2003,"08.04.",2003-04-08,2398,"e"
"Statistik der Sterbefälle","Germany",2003,"09.04.",2003-04-09,2306,"e"
"Statistik der Sterbefälle","Germany",2003,"10.04.",2003-04-10,2436,"e"
"Statistik der Sterbefälle","Germany",2003,"11.04.",2003-04-11,2395,"e"
"Statistik der Sterbefälle","Germany",2003,"12.04.",2003-04-12,2341,"e"
"Statistik der Sterbefälle","Germany",2003,"13.04.",2003-04-13,2251,"e"
"Statistik der Sterbefälle","Germany",2003,"14.04.",2003-04-14,2440,"e"
"Statistik der Sterbefälle","Germany",2003,"15.04.",2003-04-15,2406,"e"
"Statistik der Sterbefälle","Germany",2003,"16.04.",2003-04-16,2316,"e"
"Statistik der Sterbefälle","Germany",2003,"17.04.",2003-04-17,2382,"e"
"Statistik der Sterbefälle","Germany",2003,"18.04.",2003-04-18,2307,"e"
"Statistik der Sterbefälle","Germany",2003,"19.04.",2003-04-19,2243,"e"
"Statistik der Sterbefälle","Germany",2003,"20.04.",2003-04-20,2282,"e"
"Statistik der Sterbefälle","Germany",2003,"21.04.",2003-04-21,2282,"e"
"Statistik der Sterbefälle","Germany",2003,"22.04.",2003-04-22,2352,"e"
"Statistik der Sterbefälle","Germany",2003,"23.04.",2003-04-23,2312,"e"
"Statistik der Sterbefälle","Germany",2003,"24.04.",2003-04-24,2334,"e"
"Statistik der Sterbefälle","Germany",2003,"25.04.",2003-04-25,2342,"e"
"Statistik der Sterbefälle","Germany",2003,"26.04.",2003-04-26,2276,"e"
"Statistik der Sterbefälle","Germany",2003,"27.04.",2003-04-27,2145,"e"
"Statistik der Sterbefälle","Germany",2003,"28.04.",2003-04-28,2374,"e"
"Statistik der Sterbefälle","Germany",2003,"29.04.",2003-04-29,2244,"e"
"Statistik der Sterbefälle","Germany",2003,"30.04.",2003-04-30,2238,"e"
"Statistik der Sterbefälle","Germany",2003,"01.05.",2003-05-01,2201,"e"
"Statistik der Sterbefälle","Germany",2003,"02.05.",2003-05-02,2250,"e"
"Statistik der Sterbefälle","Germany",2003,"03.05.",2003-05-03,2136,"e"
"Statistik der Sterbefälle","Germany",2003,"04.05.",2003-05-04,2132,"e"
"Statistik der Sterbefälle","Germany",2003,"05.05.",2003-05-05,2321,"e"
"Statistik der Sterbefälle","Germany",2003,"06.05.",2003-05-06,2320,"e"
"Statistik der Sterbefälle","Germany",2003,"07.05.",2003-05-07,2189,"e"
"Statistik der Sterbefälle","Germany",2003,"08.05.",2003-05-08,2254,"e"
"Statistik der Sterbefälle","Germany",2003,"09.05.",2003-05-09,2274,"e"
"Statistik der Sterbefälle","Germany",2003,"10.05.",2003-05-10,2204,"e"
"Statistik der Sterbefälle","Germany",2003,"11.05.",2003-05-11,2106,"e"
"Statistik der Sterbefälle","Germany",2003,"12.05.",2003-05-12,2218,"e"
"Statistik der Sterbefälle","Germany",2003,"13.05.",2003-05-13,2137,"e"
"Statistik der Sterbefälle","Germany",2003,"14.05.",2003-05-14,2134,"e"
"Statistik der Sterbefälle","Germany",2003,"15.05.",2003-05-15,2115,"e"
"Statistik der Sterbefälle","Germany",2003,"16.05.",2003-05-16,2190,"e"
"Statistik der Sterbefälle","Germany",2003,"17.05.",2003-05-17,2097,"e"
"Statistik der Sterbefälle","Germany",2003,"18.05.",2003-05-18,2151,"e"
"Statistik der Sterbefälle","Germany",2003,"19.05.",2003-05-19,2315,"e"
"Statistik der Sterbefälle","Germany",2003,"20.05.",2003-05-20,2113,"e"
"Statistik der Sterbefälle","Germany",2003,"21.05.",2003-05-21,2144,"e"
"Statistik der Sterbefälle","Germany",2003,"22.05.",2003-05-22,2124,"e"
"Statistik der Sterbefälle","Germany",2003,"23.05.",2003-05-23,2255,"e"
"Statistik der Sterbefälle","Germany",2003,"24.05.",2003-05-24,2186,"e"
"Statistik der Sterbefälle","Germany",2003,"25.05.",2003-05-25,2242,"e"
"Statistik der Sterbefälle","Germany",2003,"26.05.",2003-05-26,2135,"e"
"Statistik der Sterbefälle","Germany",2003,"27.05.",2003-05-27,2216,"e"
"Statistik der Sterbefälle","Germany",2003,"28.05.",2003-05-28,2121,"e"
"Statistik der Sterbefälle","Germany",2003,"29.05.",2003-05-29,2203,"e"
"Statistik der Sterbefälle","Germany",2003,"30.05.",2003-05-30,2396,"e"
"Statistik der Sterbefälle","Germany",2003,"31.05.",2003-05-31,2346,"e"
"Statistik der Sterbefälle","Germany",2003,"01.06.",2003-06-01,2259,"e"
"Statistik der Sterbefälle","Germany",2003,"02.06.",2003-06-02,2290,"e"
"Statistik der Sterbefälle","Germany",2003,"03.06.",2003-06-03,2425,"e"
"Statistik der Sterbefälle","Germany",2003,"04.06.",2003-06-04,2312,"e"
"Statistik der Sterbefälle","Germany",2003,"05.06.",2003-06-05,2455,"e"
"Statistik der Sterbefälle","Germany",2003,"06.06.",2003-06-06,2352,"e"
"Statistik der Sterbefälle","Germany",2003,"07.06.",2003-06-07,2321,"e"
"Statistik der Sterbefälle","Germany",2003,"08.06.",2003-06-08,2250,"e"
"Statistik der Sterbefälle","Germany",2003,"09.06.",2003-06-09,2130,"e"
"Statistik der Sterbefälle","Germany",2003,"10.06.",2003-06-10,2254,"e"
"Statistik der Sterbefälle","Germany",2003,"11.06.",2003-06-11,2309,"e"
"Statistik der Sterbefälle","Germany",2003,"12.06.",2003-06-12,2328,"e"
"Statistik der Sterbefälle","Germany",2003,"13.06.",2003-06-13,2235,"e"
"Statistik der Sterbefälle","Germany",2003,"14.06.",2003-06-14,2040,"e"
"Statistik der Sterbefälle","Germany",2003,"15.06.",2003-06-15,2077,"e"
"Statistik der Sterbefälle","Germany",2003,"16.06.",2003-06-16,2121,"e"
"Statistik der Sterbefälle","Germany",2003,"17.06.",2003-06-17,2196,"e"
"Statistik der Sterbefälle","Germany",2003,"18.06.",2003-06-18,2156,"e"
"Statistik der Sterbefälle","Germany",2003,"19.06.",2003-06-19,2025,"e"
"Statistik der Sterbefälle","Germany",2003,"20.06.",2003-06-20,2135,"e"
"Statistik der Sterbefälle","Germany",2003,"21.06.",2003-06-21,1947,"e"
"Statistik der Sterbefälle","Germany",2003,"22.06.",2003-06-22,2023,"e"
"Statistik der Sterbefälle","Germany",2003,"23.06.",2003-06-23,2208,"e"
"Statistik der Sterbefälle","Germany",2003,"24.06.",2003-06-24,2179,"e"
"Statistik der Sterbefälle","Germany",2003,"25.06.",2003-06-25,2158,"e"
"Statistik der Sterbefälle","Germany",2003,"26.06.",2003-06-26,2111,"e"
"Statistik der Sterbefälle","Germany",2003,"27.06.",2003-06-27,2193,"e"
"Statistik der Sterbefälle","Germany",2003,"28.06.",2003-06-28,2166,"e"
"Statistik der Sterbefälle","Germany",2003,"29.06.",2003-06-29,2128,"e"
"Statistik der Sterbefälle","Germany",2003,"30.06.",2003-06-30,2246,"e"
"Statistik der Sterbefälle","Germany",2003,"01.07.",2003-07-01,2251,"e"
"Statistik der Sterbefälle","Germany",2003,"02.07.",2003-07-02,2200,"e"
"Statistik der Sterbefälle","Germany",2003,"03.07.",2003-07-03,2046,"e"
"Statistik der Sterbefälle","Germany",2003,"04.07.",2003-07-04,2126,"e"
"Statistik der Sterbefälle","Germany",2003,"05.07.",2003-07-05,2023,"e"
"Statistik der Sterbefälle","Germany",2003,"06.07.",2003-07-06,1977,"e"
"Statistik der Sterbefälle","Germany",2003,"07.07.",2003-07-07,2187,"e"
"Statistik der Sterbefälle","Germany",2003,"08.07.",2003-07-08,2231,"e"
"Statistik der Sterbefälle","Germany",2003,"09.07.",2003-07-09,2128,"e"
"Statistik der Sterbefälle","Germany",2003,"10.07.",2003-07-10,2061,"e"
"Statistik der Sterbefälle","Germany",2003,"11.07.",2003-07-11,2214,"e"
"Statistik der Sterbefälle","Germany",2003,"12.07.",2003-07-12,2125,"e"
"Statistik der Sterbefälle","Germany",2003,"13.07.",2003-07-13,2076,"e"
"Statistik der Sterbefälle","Germany",2003,"14.07.",2003-07-14,2152,"e"
"Statistik der Sterbefälle","Germany",2003,"15.07.",2003-07-15,2276,"e"
"Statistik der Sterbefälle","Germany",2003,"16.07.",2003-07-16,2526,"e"
"Statistik der Sterbefälle","Germany",2003,"17.07.",2003-07-17,2473,"e"
"Statistik der Sterbefälle","Germany",2003,"18.07.",2003-07-18,2255,"e"
"Statistik der Sterbefälle","Germany",2003,"19.07.",2003-07-19,2193,"e"
"Statistik der Sterbefälle","Germany",2003,"20.07.",2003-07-20,2320,"e"
"Statistik der Sterbefälle","Germany",2003,"21.07.",2003-07-21,2564,"e"
"Statistik der Sterbefälle","Germany",2003,"22.07.",2003-07-22,2387,"e"
"Statistik der Sterbefälle","Germany",2003,"23.07.",2003-07-23,2294,"e"
"Statistik der Sterbefälle","Germany",2003,"24.07.",2003-07-24,2243,"e"
"Statistik der Sterbefälle","Germany",2003,"25.07.",2003-07-25,2179,"e"
"Statistik der Sterbefälle","Germany",2003,"26.07.",2003-07-26,2222,"e"
"Statistik der Sterbefälle","Germany",2003,"27.07.",2003-07-27,2146,"e"
"Statistik der Sterbefälle","Germany",2003,"28.07.",2003-07-28,2073,"e"
"Statistik der Sterbefälle","Germany",2003,"29.07.",2003-07-29,2068,"e"
"Statistik der Sterbefälle","Germany",2003,"30.07.",2003-07-30,2064,"e"
"Statistik der Sterbefälle","Germany",2003,"31.07.",2003-07-31,2053,"e"
"Statistik der Sterbefälle","Germany",2003,"01.08.",2003-08-01,2253,"e"
"Statistik der Sterbefälle","Germany",2003,"02.08.",2003-08-02,2261,"e"
"Statistik der Sterbefälle","Germany",2003,"03.08.",2003-08-03,2317,"e"
"Statistik der Sterbefälle","Germany",2003,"04.08.",2003-08-04,2382,"e"
"Statistik der Sterbefälle","Germany",2003,"05.08.",2003-08-05,2546,"e"
"Statistik der Sterbefälle","Germany",2003,"06.08.",2003-08-06,2388,"e"
"Statistik der Sterbefälle","Germany",2003,"07.08.",2003-08-07,2589,"e"
"Statistik der Sterbefälle","Germany",2003,"08.08.",2003-08-08,2722,"e"
"Statistik der Sterbefälle","Germany",2003,"09.08.",2003-08-09,2859,"e"
"Statistik der Sterbefälle","Germany",2003,"10.08.",2003-08-10,2820,"e"
"Statistik der Sterbefälle","Germany",2003,"11.08.",2003-08-11,2892,"e"
"Statistik der Sterbefälle","Germany",2003,"12.08.",2003-08-12,2885,"e"
"Statistik der Sterbefälle","Germany",2003,"13.08.",2003-08-13,3282,"e"
"Statistik der Sterbefälle","Germany",2003,"14.08.",2003-08-14,2852,"e"
"Statistik der Sterbefälle","Germany",2003,"15.08.",2003-08-15,2420,"e"
"Statistik der Sterbefälle","Germany",2003,"16.08.",2003-08-16,2274,"e"
"Statistik der Sterbefälle","Germany",2003,"17.08.",2003-08-17,2205,"e"
"Statistik der Sterbefälle","Germany",2003,"18.08.",2003-08-18,2439,"e"
"Statistik der Sterbefälle","Germany",2003,"19.08.",2003-08-19,2236,"e"
"Statistik der Sterbefälle","Germany",2003,"20.08.",2003-08-20,2110,"e"
"Statistik der Sterbefälle","Germany",2003,"21.08.",2003-08-21,2201,"e"
"Statistik der Sterbefälle","Germany",2003,"22.08.",2003-08-22,2123,"e"
"Statistik der Sterbefälle","Germany",2003,"23.08.",2003-08-23,2060,"e"
"Statistik der Sterbefälle","Germany",2003,"24.08.",2003-08-24,2075,"e"
"Statistik der Sterbefälle","Germany",2003,"25.08.",2003-08-25,2119,"e"
"Statistik der Sterbefälle","Germany",2003,"26.08.",2003-08-26,2207,"e"
"Statistik der Sterbefälle","Germany",2003,"27.08.",2003-08-27,2027,"e"
"Statistik der Sterbefälle","Germany",2003,"28.08.",2003-08-28,2028,"e"
"Statistik der Sterbefälle","Germany",2003,"29.08.",2003-08-29,2168,"e"
"Statistik der Sterbefälle","Germany",2003,"30.08.",2003-08-30,2018,"e"
"Statistik der Sterbefälle","Germany",2003,"31.08.",2003-08-31,2009,"e"
"Statistik der Sterbefälle","Germany",2003,"01.09.",2003-09-01,2161,"e"
"Statistik der Sterbefälle","Germany",2003,"02.09.",2003-09-02,2047,"e"
"Statistik der Sterbefälle","Germany",2003,"03.09.",2003-09-03,2031,"e"
"Statistik der Sterbefälle","Germany",2003,"04.09.",2003-09-04,2154,"e"
"Statistik der Sterbefälle","Germany",2003,"05.09.",2003-09-05,2242,"e"
"Statistik der Sterbefälle","Germany",2003,"06.09.",2003-09-06,2146,"e"
"Statistik der Sterbefälle","Germany",2003,"07.09.",2003-09-07,2262,"e"
"Statistik der Sterbefälle","Germany",2003,"08.09.",2003-09-08,2271,"e"
"Statistik der Sterbefälle","Germany",2003,"09.09.",2003-09-09,2119,"e"
"Statistik der Sterbefälle","Germany",2003,"10.09.",2003-09-10,2130,"e"
"Statistik der Sterbefälle","Germany",2003,"11.09.",2003-09-11,2023,"e"
"Statistik der Sterbefälle","Germany",2003,"12.09.",2003-09-12,2085,"e"
"Statistik der Sterbefälle","Germany",2003,"13.09.",2003-09-13,2087,"e"
"Statistik der Sterbefälle","Germany",2003,"14.09.",2003-09-14,2061,"e"
"Statistik der Sterbefälle","Germany",2003,"15.09.",2003-09-15,2130,"e"
"Statistik der Sterbefälle","Germany",2003,"16.09.",2003-09-16,2121,"e"
"Statistik der Sterbefälle","Germany",2003,"17.09.",2003-09-17,2204,"e"
"Statistik der Sterbefälle","Germany",2003,"18.09.",2003-09-18,2249,"e"
"Statistik der Sterbefälle","Germany",2003,"19.09.",2003-09-19,2314,"e"
"Statistik der Sterbefälle","Germany",2003,"20.09.",2003-09-20,2279,"e"
"Statistik der Sterbefälle","Germany",2003,"21.09.",2003-09-21,2183,"e"
"Statistik der Sterbefälle","Germany",2003,"22.09.",2003-09-22,2303,"e"
"Statistik der Sterbefälle","Germany",2003,"23.09.",2003-09-23,2248,"e"
"Statistik der Sterbefälle","Germany",2003,"24.09.",2003-09-24,2048,"e"
"Statistik der Sterbefälle","Germany",2003,"25.09.",2003-09-25,2028,"e"
"Statistik der Sterbefälle","Germany",2003,"26.09.",2003-09-26,2117,"e"
"Statistik der Sterbefälle","Germany",2003,"27.09.",2003-09-27,2158,"e"
"Statistik der Sterbefälle","Germany",2003,"28.09.",2003-09-28,2084,"e"
"Statistik der Sterbefälle","Germany",2003,"29.09.",2003-09-29,2157,"e"
"Statistik der Sterbefälle","Germany",2003,"30.09.",2003-09-30,2077,"e"
"Statistik der Sterbefälle","Germany",2003,"01.10.",2003-10-01,2113,"e"
"Statistik der Sterbefälle","Germany",2003,"02.10.",2003-10-02,2217,"e"
"Statistik der Sterbefälle","Germany",2003,"03.10.",2003-10-03,2186,"e"
"Statistik der Sterbefälle","Germany",2003,"04.10.",2003-10-04,2099,"e"
"Statistik der Sterbefälle","Germany",2003,"05.10.",2003-10-05,2075,"e"
"Statistik der Sterbefälle","Germany",2003,"06.10.",2003-10-06,2126,"e"
"Statistik der Sterbefälle","Germany",2003,"07.10.",2003-10-07,2215,"e"
"Statistik der Sterbefälle","Germany",2003,"08.10.",2003-10-08,2092,"e"
"Statistik der Sterbefälle","Germany",2003,"09.10.",2003-10-09,2228,"e"
"Statistik der Sterbefälle","Germany",2003,"10.10.",2003-10-10,2257,"e"
"Statistik der Sterbefälle","Germany",2003,"11.10.",2003-10-11,2154,"e"
"Statistik der Sterbefälle","Germany",2003,"12.10.",2003-10-12,2115,"e"
"Statistik der Sterbefälle","Germany",2003,"13.10.",2003-10-13,2218,"e"
"Statistik der Sterbefälle","Germany",2003,"14.10.",2003-10-14,2154,"e"
"Statistik der Sterbefälle","Germany",2003,"15.10.",2003-10-15,2169,"e"
"Statistik der Sterbefälle","Germany",2003,"16.10.",2003-10-16,2208,"e"
"Statistik der Sterbefälle","Germany",2003,"17.10.",2003-10-17,2155,"e"
"Statistik der Sterbefälle","Germany",2003,"18.10.",2003-10-18,2253,"e"
"Statistik der Sterbefälle","Germany",2003,"19.10.",2003-10-19,2215,"e"
"Statistik der Sterbefälle","Germany",2003,"20.10.",2003-10-20,2267,"e"
"Statistik der Sterbefälle","Germany",2003,"21.10.",2003-10-21,2270,"e"
"Statistik der Sterbefälle","Germany",2003,"22.10.",2003-10-22,2271,"e"
"Statistik der Sterbefälle","Germany",2003,"23.10.",2003-10-23,2234,"e"
"Statistik der Sterbefälle","Germany",2003,"24.10.",2003-10-24,2275,"e"
"Statistik der Sterbefälle","Germany",2003,"25.10.",2003-10-25,2244,"e"
"Statistik der Sterbefälle","Germany",2003,"26.10.",2003-10-26,2367,"e"
"Statistik der Sterbefälle","Germany",2003,"27.10.",2003-10-27,2345,"e"
"Statistik der Sterbefälle","Germany",2003,"28.10.",2003-10-28,2285,"e"
"Statistik der Sterbefälle","Germany",2003,"29.10.",2003-10-29,2280,"e"
"Statistik der Sterbefälle","Germany",2003,"30.10.",2003-10-30,2411,"e"
"Statistik der Sterbefälle","Germany",2003,"31.10.",2003-10-31,2308,"e"
"Statistik der Sterbefälle","Germany",2003,"01.11.",2003-11-01,2354,"e"
"Statistik der Sterbefälle","Germany",2003,"02.11.",2003-11-02,2319,"e"
"Statistik der Sterbefälle","Germany",2003,"03.11.",2003-11-03,2311,"e"
"Statistik der Sterbefälle","Germany",2003,"04.11.",2003-11-04,2245,"e"
"Statistik der Sterbefälle","Germany",2003,"05.11.",2003-11-05,2223,"e"
"Statistik der Sterbefälle","Germany",2003,"06.11.",2003-11-06,2202,"e"
"Statistik der Sterbefälle","Germany",2003,"07.11.",2003-11-07,2262,"e"
"Statistik der Sterbefälle","Germany",2003,"08.11.",2003-11-08,2184,"e"
"Statistik der Sterbefälle","Germany",2003,"09.11.",2003-11-09,2116,"e"
"Statistik der Sterbefälle","Germany",2003,"10.11.",2003-11-10,2294,"e"
"Statistik der Sterbefälle","Germany",2003,"11.11.",2003-11-11,2253,"e"
"Statistik der Sterbefälle","Germany",2003,"12.11.",2003-11-12,2226,"e"
"Statistik der Sterbefälle","Germany",2003,"13.11.",2003-11-13,2221,"e"
"Statistik der Sterbefälle","Germany",2003,"14.11.",2003-11-14,2381,"e"
"Statistik der Sterbefälle","Germany",2003,"15.11.",2003-11-15,2217,"e"
"Statistik der Sterbefälle","Germany",2003,"16.11.",2003-11-16,2249,"e"
"Statistik der Sterbefälle","Germany",2003,"17.11.",2003-11-17,2302,"e"
"Statistik der Sterbefälle","Germany",2003,"18.11.",2003-11-18,2280,"e"
"Statistik der Sterbefälle","Germany",2003,"19.11.",2003-11-19,2278,"e"
"Statistik der Sterbefälle","Germany",2003,"20.11.",2003-11-20,2231,"e"
"Statistik der Sterbefälle","Germany",2003,"21.11.",2003-11-21,2173,"e"
"Statistik der Sterbefälle","Germany",2003,"22.11.",2003-11-22,2224,"e"
"Statistik der Sterbefälle","Germany",2003,"23.11.",2003-11-23,2159,"e"
"Statistik der Sterbefälle","Germany",2003,"24.11.",2003-11-24,2199,"e"
"Statistik der Sterbefälle","Germany",2003,"25.11.",2003-11-25,2163,"e"
"Statistik der Sterbefälle","Germany",2003,"26.11.",2003-11-26,2191,"e"
"Statistik der Sterbefälle","Germany",2003,"27.11.",2003-11-27,2248,"e"
"Statistik der Sterbefälle","Germany",2003,"28.11.",2003-11-28,2171,"e"
"Statistik der Sterbefälle","Germany",2003,"29.11.",2003-11-29,2182,"e"
"Statistik der Sterbefälle","Germany",2003,"30.11.",2003-11-30,2097,"e"
"Statistik der Sterbefälle","Germany",2003,"01.12.",2003-12-01,2256,"e"
"Statistik der Sterbefälle","Germany",2003,"02.12.",2003-12-02,2168,"e"
"Statistik der Sterbefälle","Germany",2003,"03.12.",2003-12-03,2198,"e"
"Statistik der Sterbefälle","Germany",2003,"04.12.",2003-12-04,2187,"e"
"Statistik der Sterbefälle","Germany",2003,"05.12.",2003-12-05,2217,"e"
"Statistik der Sterbefälle","Germany",2003,"06.12.",2003-12-06,2241,"e"
"Statistik der Sterbefälle","Germany",2003,"07.12.",2003-12-07,2212,"e"
"Statistik der Sterbefälle","Germany",2003,"08.12.",2003-12-08,2242,"e"
"Statistik der Sterbefälle","Germany",2003,"09.12.",2003-12-09,2242,"e"
"Statistik der Sterbefälle","Germany",2003,"10.12.",2003-12-10,2399,"e"
"Statistik der Sterbefälle","Germany",2003,"11.12.",2003-12-11,2341,"e"
"Statistik der Sterbefälle","Germany",2003,"12.12.",2003-12-12,2394,"e"
"Statistik der Sterbefälle","Germany",2003,"13.12.",2003-12-13,2435,"e"
"Statistik der Sterbefälle","Germany",2003,"14.12.",2003-12-14,2366,"e"
"Statistik der Sterbefälle","Germany",2003,"15.12.",2003-12-15,2380,"e"
"Statistik der Sterbefälle","Germany",2003,"16.12.",2003-12-16,2312,"e"
"Statistik der Sterbefälle","Germany",2003,"17.12.",2003-12-17,2234,"e"
"Statistik der Sterbefälle","Germany",2003,"18.12.",2003-12-18,2329,"e"
"Statistik der Sterbefälle","Germany",2003,"19.12.",2003-12-19,2372,"e"
"Statistik der Sterbefälle","Germany",2003,"20.12.",2003-12-20,2408,"e"
"Statistik der Sterbefälle","Germany",2003,"21.12.",2003-12-21,2379,"e"
"Statistik der Sterbefälle","Germany",2003,"22.12.",2003-12-22,2442,"e"
"Statistik der Sterbefälle","Germany",2003,"23.12.",2003-12-23,2298,"e"
"Statistik der Sterbefälle","Germany",2003,"24.12.",2003-12-24,2403,"e"
"Statistik der Sterbefälle","Germany",2003,"25.12.",2003-12-25,2417,"e"
"Statistik der Sterbefälle","Germany",2003,"26.12.",2003-12-26,2427,"e"
"Statistik der Sterbefälle","Germany",2003,"27.12.",2003-12-27,2453,"e"
"Statistik der Sterbefälle","Germany",2003,"28.12.",2003-12-28,2371,"e"
"Statistik der Sterbefälle","Germany",2003,"29.12.",2003-12-29,2435,"e"
"Statistik der Sterbefälle","Germany",2003,"30.12.",2003-12-30,2439,"e"
"Statistik der Sterbefälle","Germany",2003,"31.12.",2003-12-31,2420,"e"
"Statistik der Sterbefälle","Germany",2004,"01.01.",2004-01-01,2418,"e"
"Statistik der Sterbefälle","Germany",2004,"02.01.",2004-01-02,2558,"e"
"Statistik der Sterbefälle","Germany",2004,"03.01.",2004-01-03,2431,"e"
"Statistik der Sterbefälle","Germany",2004,"04.01.",2004-01-04,2442,"e"
"Statistik der Sterbefälle","Germany",2004,"05.01.",2004-01-05,2513,"e"
"Statistik der Sterbefälle","Germany",2004,"06.01.",2004-01-06,2458,"e"
"Statistik der Sterbefälle","Germany",2004,"07.01.",2004-01-07,2440,"e"
"Statistik der Sterbefälle","Germany",2004,"08.01.",2004-01-08,2575,"e"
"Statistik der Sterbefälle","Germany",2004,"09.01.",2004-01-09,2441,"e"
"Statistik der Sterbefälle","Germany",2004,"10.01.",2004-01-10,2425,"e"
"Statistik der Sterbefälle","Germany",2004,"11.01.",2004-01-11,2367,"e"
"Statistik der Sterbefälle","Germany",2004,"12.01.",2004-01-12,2490,"e"
"Statistik der Sterbefälle","Germany",2004,"13.01.",2004-01-13,2516,"e"
"Statistik der Sterbefälle","Germany",2004,"14.01.",2004-01-14,2512,"e"
"Statistik der Sterbefälle","Germany",2004,"15.01.",2004-01-15,2440,"e"
"Statistik der Sterbefälle","Germany",2004,"16.01.",2004-01-16,2470,"e"
"Statistik der Sterbefälle","Germany",2004,"17.01.",2004-01-17,2391,"e"
"Statistik der Sterbefälle","Germany",2004,"18.01.",2004-01-18,2279,"e"
"Statistik der Sterbefälle","Germany",2004,"19.01.",2004-01-19,2364,"e"
"Statistik der Sterbefälle","Germany",2004,"20.01.",2004-01-20,2414,"e"
"Statistik der Sterbefälle","Germany",2004,"21.01.",2004-01-21,2404,"e"
"Statistik der Sterbefälle","Germany",2004,"22.01.",2004-01-22,2348,"e"
"Statistik der Sterbefälle","Germany",2004,"23.01.",2004-01-23,2360,"e"
"Statistik der Sterbefälle","Germany",2004,"24.01.",2004-01-24,2376,"e"
"Statistik der Sterbefälle","Germany",2004,"25.01.",2004-01-25,2337,"e"
"Statistik der Sterbefälle","Germany",2004,"26.01.",2004-01-26,2414,"e"
"Statistik der Sterbefälle","Germany",2004,"27.01.",2004-01-27,2431,"e"
"Statistik der Sterbefälle","Germany",2004,"28.01.",2004-01-28,2484,"e"
"Statistik der Sterbefälle","Germany",2004,"29.01.",2004-01-29,2418,"e"
"Statistik der Sterbefälle","Germany",2004,"30.01.",2004-01-30,2434,"e"
"Statistik der Sterbefälle","Germany",2004,"31.01.",2004-01-31,2382,"e"
"Statistik der Sterbefälle","Germany",2004,"01.02.",2004-02-01,2433,"e"
"Statistik der Sterbefälle","Germany",2004,"02.02.",2004-02-02,2460,"e"
"Statistik der Sterbefälle","Germany",2004,"03.02.",2004-02-03,2496,"e"
"Statistik der Sterbefälle","Germany",2004,"04.02.",2004-02-04,2423,"e"
"Statistik der Sterbefälle","Germany",2004,"05.02.",2004-02-05,2418,"e"
"Statistik der Sterbefälle","Germany",2004,"06.02.",2004-02-06,2423,"e"
"Statistik der Sterbefälle","Germany",2004,"07.02.",2004-02-07,2379,"e"
"Statistik der Sterbefälle","Germany",2004,"08.02.",2004-02-08,2231,"e"
"Statistik der Sterbefälle","Germany",2004,"09.02.",2004-02-09,2414,"e"
"Statistik der Sterbefälle","Germany",2004,"10.02.",2004-02-10,2281,"e"
"Statistik der Sterbefälle","Germany",2004,"11.02.",2004-02-11,2414,"e"
"Statistik der Sterbefälle","Germany",2004,"12.02.",2004-02-12,2326,"e"
"Statistik der Sterbefälle","Germany",2004,"13.02.",2004-02-13,2305,"e"
"Statistik der Sterbefälle","Germany",2004,"14.02.",2004-02-14,2321,"e"
"Statistik der Sterbefälle","Germany",2004,"15.02.",2004-02-15,2257,"e"
"Statistik der Sterbefälle","Germany",2004,"16.02.",2004-02-16,2344,"e"
"Statistik der Sterbefälle","Germany",2004,"17.02.",2004-02-17,2274,"e"
"Statistik der Sterbefälle","Germany",2004,"18.02.",2004-02-18,2213,"e"
"Statistik der Sterbefälle","Germany",2004,"19.02.",2004-02-19,2320,"e"
"Statistik der Sterbefälle","Germany",2004,"20.02.",2004-02-20,2295,"e"
"Statistik der Sterbefälle","Germany",2004,"21.02.",2004-02-21,2340,"e"
"Statistik der Sterbefälle","Germany",2004,"22.02.",2004-02-22,2338,"e"
"Statistik der Sterbefälle","Germany",2004,"23.02.",2004-02-23,2346,"e"
"Statistik der Sterbefälle","Germany",2004,"24.02.",2004-02-24,2287,"e"
"Statistik der Sterbefälle","Germany",2004,"25.02.",2004-02-25,2367,"e"
"Statistik der Sterbefälle","Germany",2004,"26.02.",2004-02-26,2427,"e"
"Statistik der Sterbefälle","Germany",2004,"27.02.",2004-02-27,2513,"e"
"Statistik der Sterbefälle","Germany",2004,"28.02.",2004-02-28,2297,"e"
"Statistik der Sterbefälle","Germany",2004,"29.02.",2004-02-29,2358,"e"
"Statistik der Sterbefälle","Germany",2004,"01.03.",2004-03-01,2425,"e"
"Statistik der Sterbefälle","Germany",2004,"02.03.",2004-03-02,2311,"e"
"Statistik der Sterbefälle","Germany",2004,"03.03.",2004-03-03,2326,"e"
"Statistik der Sterbefälle","Germany",2004,"04.03.",2004-03-04,2446,"e"
"Statistik der Sterbefälle","Germany",2004,"05.03.",2004-03-05,2328,"e"
"Statistik der Sterbefälle","Germany",2004,"06.03.",2004-03-06,2374,"e"
"Statistik der Sterbefälle","Germany",2004,"07.03.",2004-03-07,2302,"e"
"Statistik der Sterbefälle","Germany",2004,"08.03.",2004-03-08,2475,"e"
"Statistik der Sterbefälle","Germany",2004,"09.03.",2004-03-09,2461,"e"
"Statistik der Sterbefälle","Germany",2004,"10.03.",2004-03-10,2343,"e"
"Statistik der Sterbefälle","Germany",2004,"11.03.",2004-03-11,2523,"e"
"Statistik der Sterbefälle","Germany",2004,"12.03.",2004-03-12,2472,"e"
"Statistik der Sterbefälle","Germany",2004,"13.03.",2004-03-13,2490,"e"
"Statistik der Sterbefälle","Germany",2004,"14.03.",2004-03-14,2364,"e"
"Statistik der Sterbefälle","Germany",2004,"15.03.",2004-03-15,2452,"e"
"Statistik der Sterbefälle","Germany",2004,"16.03.",2004-03-16,2514,"e"
"Statistik der Sterbefälle","Germany",2004,"17.03.",2004-03-17,2487,"e"
"Statistik der Sterbefälle","Germany",2004,"18.03.",2004-03-18,2381,"e"
"Statistik der Sterbefälle","Germany",2004,"19.03.",2004-03-19,2529,"e"
"Statistik der Sterbefälle","Germany",2004,"20.03.",2004-03-20,2355,"e"
"Statistik der Sterbefälle","Germany",2004,"21.03.",2004-03-21,2349,"e"
"Statistik der Sterbefälle","Germany",2004,"22.03.",2004-03-22,2245,"e"
"Statistik der Sterbefälle","Germany",2004,"23.03.",2004-03-23,2200,"e"
"Statistik der Sterbefälle","Germany",2004,"24.03.",2004-03-24,2312,"e"
"Statistik der Sterbefälle","Germany",2004,"25.03.",2004-03-25,2265,"e"
"Statistik der Sterbefälle","Germany",2004,"26.03.",2004-03-26,2233,"e"
"Statistik der Sterbefälle","Germany",2004,"27.03.",2004-03-27,2245,"e"
"Statistik der Sterbefälle","Germany",2004,"28.03.",2004-03-28,2132,"e"
"Statistik der Sterbefälle","Germany",2004,"29.03.",2004-03-29,2302,"e"
"Statistik der Sterbefälle","Germany",2004,"30.03.",2004-03-30,2371,"e"
"Statistik der Sterbefälle","Germany",2004,"31.03.",2004-03-31,2276,"e"
"Statistik der Sterbefälle","Germany",2004,"01.04.",2004-04-01,2349,"e"
"Statistik der Sterbefälle","Germany",2004,"02.04.",2004-04-02,2417,"e"
"Statistik der Sterbefälle","Germany",2004,"03.04.",2004-04-03,2373,"e"
"Statistik der Sterbefälle","Germany",2004,"04.04.",2004-04-04,2305,"e"
"Statistik der Sterbefälle","Germany",2004,"05.04.",2004-04-05,2280,"e"
"Statistik der Sterbefälle","Germany",2004,"06.04.",2004-04-06,2342,"e"
"Statistik der Sterbefälle","Germany",2004,"07.04.",2004-04-07,2286,"e"
"Statistik der Sterbefälle","Germany",2004,"08.04.",2004-04-08,2252,"e"
"Statistik der Sterbefälle","Germany",2004,"09.04.",2004-04-09,2161,"e"
"Statistik der Sterbefälle","Germany",2004,"10.04.",2004-04-10,2197,"e"
"Statistik der Sterbefälle","Germany",2004,"11.04.",2004-04-11,2163,"e"
"Statistik der Sterbefälle","Germany",2004,"12.04.",2004-04-12,2087,"e"
"Statistik der Sterbefälle","Germany",2004,"13.04.",2004-04-13,2292,"e"
"Statistik der Sterbefälle","Germany",2004,"14.04.",2004-04-14,2182,"e"
"Statistik der Sterbefälle","Germany",2004,"15.04.",2004-04-15,2344,"e"
"Statistik der Sterbefälle","Germany",2004,"16.04.",2004-04-16,2314,"e"
"Statistik der Sterbefälle","Germany",2004,"17.04.",2004-04-17,2266,"e"
"Statistik der Sterbefälle","Germany",2004,"18.04.",2004-04-18,2256,"e"
"Statistik der Sterbefälle","Germany",2004,"19.04.",2004-04-19,2269,"e"
"Statistik der Sterbefälle","Germany",2004,"20.04.",2004-04-20,2294,"e"
"Statistik der Sterbefälle","Germany",2004,"21.04.",2004-04-21,2222,"e"
"Statistik der Sterbefälle","Germany",2004,"22.04.",2004-04-22,2276,"e"
"Statistik der Sterbefälle","Germany",2004,"23.04.",2004-04-23,2270,"e"
"Statistik der Sterbefälle","Germany",2004,"24.04.",2004-04-24,2151,"e"
"Statistik der Sterbefälle","Germany",2004,"25.04.",2004-04-25,2072,"e"
"Statistik der Sterbefälle","Germany",2004,"26.04.",2004-04-26,2298,"e"
"Statistik der Sterbefälle","Germany",2004,"27.04.",2004-04-27,2129,"e"
"Statistik der Sterbefälle","Germany",2004,"28.04.",2004-04-28,2285,"e"
"Statistik der Sterbefälle","Germany",2004,"29.04.",2004-04-29,2262,"e"
"Statistik der Sterbefälle","Germany",2004,"30.04.",2004-04-30,2244,"e"
"Statistik der Sterbefälle","Germany",2004,"01.05.",2004-05-01,2243,"e"
"Statistik der Sterbefälle","Germany",2004,"02.05.",2004-05-02,2191,"e"
"Statistik der Sterbefälle","Germany",2004,"03.05.",2004-05-03,2097,"e"
"Statistik der Sterbefälle","Germany",2004,"04.05.",2004-05-04,2237,"e"
"Statistik der Sterbefälle","Germany",2004,"05.05.",2004-05-05,2195,"e"
"Statistik der Sterbefälle","Germany",2004,"06.05.",2004-05-06,2219,"e"
"Statistik der Sterbefälle","Germany",2004,"07.05.",2004-05-07,2184,"e"
"Statistik der Sterbefälle","Germany",2004,"08.05.",2004-05-08,2202,"e"
"Statistik der Sterbefälle","Germany",2004,"09.05.",2004-05-09,2079,"e"
"Statistik der Sterbefälle","Germany",2004,"10.05.",2004-05-10,2278,"e"
"Statistik der Sterbefälle","Germany",2004,"11.05.",2004-05-11,2134,"e"
"Statistik der Sterbefälle","Germany",2004,"12.05.",2004-05-12,2087,"e"
"Statistik der Sterbefälle","Germany",2004,"13.05.",2004-05-13,2068,"e"
"Statistik der Sterbefälle","Germany",2004,"14.05.",2004-05-14,2117,"e"
"Statistik der Sterbefälle","Germany",2004,"15.05.",2004-05-15,2145,"e"
"Statistik der Sterbefälle","Germany",2004,"16.05.",2004-05-16,2079,"e"
"Statistik der Sterbefälle","Germany",2004,"17.05.",2004-05-17,2096,"e"
"Statistik der Sterbefälle","Germany",2004,"18.05.",2004-05-18,2253,"e"
"Statistik der Sterbefälle","Germany",2004,"19.05.",2004-05-19,2194,"e"
"Statistik der Sterbefälle","Germany",2004,"20.05.",2004-05-20,2098,"e"
"Statistik der Sterbefälle","Germany",2004,"21.05.",2004-05-21,2133,"e"
"Statistik der Sterbefälle","Germany",2004,"22.05.",2004-05-22,2058,"e"
"Statistik der Sterbefälle","Germany",2004,"23.05.",2004-05-23,2040,"e"
"Statistik der Sterbefälle","Germany",2004,"24.05.",2004-05-24,2166,"e"
"Statistik der Sterbefälle","Germany",2004,"25.05.",2004-05-25,2068,"e"
"Statistik der Sterbefälle","Germany",2004,"26.05.",2004-05-26,2138,"e"
"Statistik der Sterbefälle","Germany",2004,"27.05.",2004-05-27,2162,"e"
"Statistik der Sterbefälle","Germany",2004,"28.05.",2004-05-28,2089,"e"
"Statistik der Sterbefälle","Germany",2004,"29.05.",2004-05-29,2145,"e"
"Statistik der Sterbefälle","Germany",2004,"30.05.",2004-05-30,2171,"e"
"Statistik der Sterbefälle","Germany",2004,"31.05.",2004-05-31,2166,"e"
"Statistik der Sterbefälle","Germany",2004,"01.06.",2004-06-01,2259,"e"
"Statistik der Sterbefälle","Germany",2004,"02.06.",2004-06-02,2198,"e"
"Statistik der Sterbefälle","Germany",2004,"03.06.",2004-06-03,2233,"e"
"Statistik der Sterbefälle","Germany",2004,"04.06.",2004-06-04,2156,"e"
"Statistik der Sterbefälle","Germany",2004,"05.06.",2004-06-05,2087,"e"
"Statistik der Sterbefälle","Germany",2004,"06.06.",2004-06-06,2080,"e"
"Statistik der Sterbefälle","Germany",2004,"07.06.",2004-06-07,2309,"e"
"Statistik der Sterbefälle","Germany",2004,"08.06.",2004-06-08,2281,"e"
"Statistik der Sterbefälle","Germany",2004,"09.06.",2004-06-09,2442,"e"
"Statistik der Sterbefälle","Germany",2004,"10.06.",2004-06-10,2358,"e"
"Statistik der Sterbefälle","Germany",2004,"11.06.",2004-06-11,2225,"e"
"Statistik der Sterbefälle","Germany",2004,"12.06.",2004-06-12,2114,"e"
"Statistik der Sterbefälle","Germany",2004,"13.06.",2004-06-13,2033,"e"
"Statistik der Sterbefälle","Germany",2004,"14.06.",2004-06-14,2088,"e"
"Statistik der Sterbefälle","Germany",2004,"15.06.",2004-06-15,2214,"e"
"Statistik der Sterbefälle","Germany",2004,"16.06.",2004-06-16,2094,"e"
"Statistik der Sterbefälle","Germany",2004,"17.06.",2004-06-17,2150,"e"
"Statistik der Sterbefälle","Germany",2004,"18.06.",2004-06-18,2116,"e"
"Statistik der Sterbefälle","Germany",2004,"19.06.",2004-06-19,2040,"e"
"Statistik der Sterbefälle","Germany",2004,"20.06.",2004-06-20,2039,"e"
"Statistik der Sterbefälle","Germany",2004,"21.06.",2004-06-21,2056,"e"
"Statistik der Sterbefälle","Germany",2004,"22.06.",2004-06-22,2093,"e"
"Statistik der Sterbefälle","Germany",2004,"23.06.",2004-06-23,2086,"e"
"Statistik der Sterbefälle","Germany",2004,"24.06.",2004-06-24,2168,"e"
"Statistik der Sterbefälle","Germany",2004,"25.06.",2004-06-25,2018,"e"
"Statistik der Sterbefälle","Germany",2004,"26.06.",2004-06-26,2091,"e"
"Statistik der Sterbefälle","Germany",2004,"27.06.",2004-06-27,2029,"e"
"Statistik der Sterbefälle","Germany",2004,"28.06.",2004-06-28,2163,"e"
"Statistik der Sterbefälle","Germany",2004,"29.06.",2004-06-29,2151,"e"
"Statistik der Sterbefälle","Germany",2004,"30.06.",2004-06-30,2106,"e"
"Statistik der Sterbefälle","Germany",2004,"01.07.",2004-07-01,2068,"e"
"Statistik der Sterbefälle","Germany",2004,"02.07.",2004-07-02,2170,"e"
"Statistik der Sterbefälle","Germany",2004,"03.07.",2004-07-03,2037,"e"
"Statistik der Sterbefälle","Germany",2004,"04.07.",2004-07-04,2010,"e"
"Statistik der Sterbefälle","Germany",2004,"05.07.",2004-07-05,2069,"e"
"Statistik der Sterbefälle","Germany",2004,"06.07.",2004-07-06,1997,"e"
"Statistik der Sterbefälle","Germany",2004,"07.07.",2004-07-07,2191,"e"
"Statistik der Sterbefälle","Germany",2004,"08.07.",2004-07-08,2114,"e"
"Statistik der Sterbefälle","Germany",2004,"09.07.",2004-07-09,2112,"e"
"Statistik der Sterbefälle","Germany",2004,"10.07.",2004-07-10,2076,"e"
"Statistik der Sterbefälle","Germany",2004,"11.07.",2004-07-11,1944,"e"
"Statistik der Sterbefälle","Germany",2004,"12.07.",2004-07-12,2200,"e"
"Statistik der Sterbefälle","Germany",2004,"13.07.",2004-07-13,2017,"e"
"Statistik der Sterbefälle","Germany",2004,"14.07.",2004-07-14,2110,"e"
"Statistik der Sterbefälle","Germany",2004,"15.07.",2004-07-15,2100,"e"
"Statistik der Sterbefälle","Germany",2004,"16.07.",2004-07-16,2266,"e"
"Statistik der Sterbefälle","Germany",2004,"17.07.",2004-07-17,2153,"e"
"Statistik der Sterbefälle","Germany",2004,"18.07.",2004-07-18,2122,"e"
"Statistik der Sterbefälle","Germany",2004,"19.07.",2004-07-19,2175,"e"
"Statistik der Sterbefälle","Germany",2004,"20.07.",2004-07-20,2109,"e"
"Statistik der Sterbefälle","Germany",2004,"21.07.",2004-07-21,2212,"e"
"Statistik der Sterbefälle","Germany",2004,"22.07.",2004-07-22,2099,"e"
"Statistik der Sterbefälle","Germany",2004,"23.07.",2004-07-23,2284,"e"
"Statistik der Sterbefälle","Germany",2004,"24.07.",2004-07-24,2140,"e"
"Statistik der Sterbefälle","Germany",2004,"25.07.",2004-07-25,2027,"e"
"Statistik der Sterbefälle","Germany",2004,"26.07.",2004-07-26,2026,"e"
"Statistik der Sterbefälle","Germany",2004,"27.07.",2004-07-27,2009,"e"
"Statistik der Sterbefälle","Germany",2004,"28.07.",2004-07-28,1960,"e"
"Statistik der Sterbefälle","Germany",2004,"29.07.",2004-07-29,2111,"e"
"Statistik der Sterbefälle","Germany",2004,"30.07.",2004-07-30,2115,"e"
"Statistik der Sterbefälle","Germany",2004,"31.07.",2004-07-31,2132,"e"
"Statistik der Sterbefälle","Germany",2004,"01.08.",2004-08-01,2116,"e"
"Statistik der Sterbefälle","Germany",2004,"02.08.",2004-08-02,2157,"e"
"Statistik der Sterbefälle","Germany",2004,"03.08.",2004-08-03,2260,"e"
"Statistik der Sterbefälle","Germany",2004,"04.08.",2004-08-04,2131,"e"
"Statistik der Sterbefälle","Germany",2004,"05.08.",2004-08-05,2263,"e"
"Statistik der Sterbefälle","Germany",2004,"06.08.",2004-08-06,2342,"e"
"Statistik der Sterbefälle","Germany",2004,"07.08.",2004-08-07,2233,"e"
"Statistik der Sterbefälle","Germany",2004,"08.08.",2004-08-08,2193,"e"
"Statistik der Sterbefälle","Germany",2004,"09.08.",2004-08-09,2300,"e"
"Statistik der Sterbefälle","Germany",2004,"10.08.",2004-08-10,2344,"e"
"Statistik der Sterbefälle","Germany",2004,"11.08.",2004-08-11,2261,"e"
"Statistik der Sterbefälle","Germany",2004,"12.08.",2004-08-12,2278,"e"
"Statistik der Sterbefälle","Germany",2004,"13.08.",2004-08-13,2091,"e"
"Statistik der Sterbefälle","Germany",2004,"14.08.",2004-08-14,2014,"e"
"Statistik der Sterbefälle","Germany",2004,"15.08.",2004-08-15,2005,"e"
"Statistik der Sterbefälle","Germany",2004,"16.08.",2004-08-16,2030,"e"
"Statistik der Sterbefälle","Germany",2004,"17.08.",2004-08-17,2107,"e"
"Statistik der Sterbefälle","Germany",2004,"18.08.",2004-08-18,2178,"e"
"Statistik der Sterbefälle","Germany",2004,"19.08.",2004-08-19,2127,"e"
"Statistik der Sterbefälle","Germany",2004,"20.08.",2004-08-20,2184,"e"
"Statistik der Sterbefälle","Germany",2004,"21.08.",2004-08-21,1960,"e"
"Statistik der Sterbefälle","Germany",2004,"22.08.",2004-08-22,1900,"e"
"Statistik der Sterbefälle","Germany",2004,"23.08.",2004-08-23,2014,"e"
"Statistik der Sterbefälle","Germany",2004,"24.08.",2004-08-24,2122,"e"
"Statistik der Sterbefälle","Germany",2004,"25.08.",2004-08-25,2079,"e"
"Statistik der Sterbefälle","Germany",2004,"26.08.",2004-08-26,2037,"e"
"Statistik der Sterbefälle","Germany",2004,"27.08.",2004-08-27,2003,"e"
"Statistik der Sterbefälle","Germany",2004,"28.08.",2004-08-28,1999,"e"
"Statistik der Sterbefälle","Germany",2004,"29.08.",2004-08-29,2043,"e"
"Statistik der Sterbefälle","Germany",2004,"30.08.",2004-08-30,2039,"e"
"Statistik der Sterbefälle","Germany",2004,"31.08.",2004-08-31,1974,"e"
"Statistik der Sterbefälle","Germany",2004,"01.09.",2004-09-01,2054,"e"
"Statistik der Sterbefälle","Germany",2004,"02.09.",2004-09-02,2095,"e"
"Statistik der Sterbefälle","Germany",2004,"03.09.",2004-09-03,2207,"e"
"Statistik der Sterbefälle","Germany",2004,"04.09.",2004-09-04,2162,"e"
"Statistik der Sterbefälle","Germany",2004,"05.09.",2004-09-05,2108,"e"
"Statistik der Sterbefälle","Germany",2004,"06.09.",2004-09-06,2207,"e"
"Statistik der Sterbefälle","Germany",2004,"07.09.",2004-09-07,2151,"e"
"Statistik der Sterbefälle","Germany",2004,"08.09.",2004-09-08,2036,"e"
"Statistik der Sterbefälle","Germany",2004,"09.09.",2004-09-09,2032,"e"
"Statistik der Sterbefälle","Germany",2004,"10.09.",2004-09-10,2197,"e"
"Statistik der Sterbefälle","Germany",2004,"11.09.",2004-09-11,2123,"e"
"Statistik der Sterbefälle","Germany",2004,"12.09.",2004-09-12,2104,"e"
"Statistik der Sterbefälle","Germany",2004,"13.09.",2004-09-13,2068,"e"
"Statistik der Sterbefälle","Germany",2004,"14.09.",2004-09-14,2077,"e"
"Statistik der Sterbefälle","Germany",2004,"15.09.",2004-09-15,2109,"e"
"Statistik der Sterbefälle","Germany",2004,"16.09.",2004-09-16,2065,"e"
"Statistik der Sterbefälle","Germany",2004,"17.09.",2004-09-17,2139,"e"
"Statistik der Sterbefälle","Germany",2004,"18.09.",2004-09-18,2108,"e"
"Statistik der Sterbefälle","Germany",2004,"19.09.",2004-09-19,2064,"e"
"Statistik der Sterbefälle","Germany",2004,"20.09.",2004-09-20,2126,"e"
"Statistik der Sterbefälle","Germany",2004,"21.09.",2004-09-21,2074,"e"
"Statistik der Sterbefälle","Germany",2004,"22.09.",2004-09-22,2089,"e"
"Statistik der Sterbefälle","Germany",2004,"23.09.",2004-09-23,2176,"e"
"Statistik der Sterbefälle","Germany",2004,"24.09.",2004-09-24,2159,"e"
"Statistik der Sterbefälle","Germany",2004,"25.09.",2004-09-25,2133,"e"
"Statistik der Sterbefälle","Germany",2004,"26.09.",2004-09-26,2056,"e"
"Statistik der Sterbefälle","Germany",2004,"27.09.",2004-09-27,2146,"e"
"Statistik der Sterbefälle","Germany",2004,"28.09.",2004-09-28,2153,"e"
"Statistik der Sterbefälle","Germany",2004,"29.09.",2004-09-29,2135,"e"
"Statistik der Sterbefälle","Germany",2004,"30.09.",2004-09-30,2157,"e"
"Statistik der Sterbefälle","Germany",2004,"01.10.",2004-10-01,2139,"e"
"Statistik der Sterbefälle","Germany",2004,"02.10.",2004-10-02,2239,"e"
"Statistik der Sterbefälle","Germany",2004,"03.10.",2004-10-03,2129,"e"
"Statistik der Sterbefälle","Germany",2004,"04.10.",2004-10-04,2256,"e"
"Statistik der Sterbefälle","Germany",2004,"05.10.",2004-10-05,2308,"e"
"Statistik der Sterbefälle","Germany",2004,"06.10.",2004-10-06,2145,"e"
"Statistik der Sterbefälle","Germany",2004,"07.10.",2004-10-07,2153,"e"
"Statistik der Sterbefälle","Germany",2004,"08.10.",2004-10-08,2193,"e"
"Statistik der Sterbefälle","Germany",2004,"09.10.",2004-10-09,2044,"e"
"Statistik der Sterbefälle","Germany",2004,"10.10.",2004-10-10,2060,"e"
"Statistik der Sterbefälle","Germany",2004,"11.10.",2004-10-11,2160,"e"
"Statistik der Sterbefälle","Germany",2004,"12.10.",2004-10-12,2076,"e"
"Statistik der Sterbefälle","Germany",2004,"13.10.",2004-10-13,2109,"e"
"Statistik der Sterbefälle","Germany",2004,"14.10.",2004-10-14,2219,"e"
"Statistik der Sterbefälle","Germany",2004,"15.10.",2004-10-15,2333,"e"
"Statistik der Sterbefälle","Germany",2004,"16.10.",2004-10-16,2199,"e"
"Statistik der Sterbefälle","Germany",2004,"17.10.",2004-10-17,2232,"e"
"Statistik der Sterbefälle","Germany",2004,"18.10.",2004-10-18,2273,"e"
"Statistik der Sterbefälle","Germany",2004,"19.10.",2004-10-19,2211,"e"
"Statistik der Sterbefälle","Germany",2004,"20.10.",2004-10-20,2273,"e"
"Statistik der Sterbefälle","Germany",2004,"21.10.",2004-10-21,2284,"e"
"Statistik der Sterbefälle","Germany",2004,"22.10.",2004-10-22,2206,"e"
"Statistik der Sterbefälle","Germany",2004,"23.10.",2004-10-23,2322,"e"
"Statistik der Sterbefälle","Germany",2004,"24.10.",2004-10-24,2321,"e"
"Statistik der Sterbefälle","Germany",2004,"25.10.",2004-10-25,2223,"e"
"Statistik der Sterbefälle","Germany",2004,"26.10.",2004-10-26,2226,"e"
"Statistik der Sterbefälle","Germany",2004,"27.10.",2004-10-27,2183,"e"
"Statistik der Sterbefälle","Germany",2004,"28.10.",2004-10-28,2233,"e"
"Statistik der Sterbefälle","Germany",2004,"29.10.",2004-10-29,2274,"e"
"Statistik der Sterbefälle","Germany",2004,"30.10.",2004-10-30,2209,"e"
"Statistik der Sterbefälle","Germany",2004,"31.10.",2004-10-31,2174,"e"
"Statistik der Sterbefälle","Germany",2004,"01.11.",2004-11-01,2074,"e"
"Statistik der Sterbefälle","Germany",2004,"02.11.",2004-11-02,2109,"e"
"Statistik der Sterbefälle","Germany",2004,"03.11.",2004-11-03,2151,"e"
"Statistik der Sterbefälle","Germany",2004,"04.11.",2004-11-04,2163,"e"
"Statistik der Sterbefälle","Germany",2004,"05.11.",2004-11-05,2210,"e"
"Statistik der Sterbefälle","Germany",2004,"06.11.",2004-11-06,2047,"e"
"Statistik der Sterbefälle","Germany",2004,"07.11.",2004-11-07,1999,"e"
"Statistik der Sterbefälle","Germany",2004,"08.11.",2004-11-08,2194,"e"
"Statistik der Sterbefälle","Germany",2004,"09.11.",2004-11-09,2216,"e"
"Statistik der Sterbefälle","Germany",2004,"10.11.",2004-11-10,2221,"e"
"Statistik der Sterbefälle","Germany",2004,"11.11.",2004-11-11,2228,"e"
"Statistik der Sterbefälle","Germany",2004,"12.11.",2004-11-12,2311,"e"
"Statistik der Sterbefälle","Germany",2004,"13.11.",2004-11-13,2267,"e"
"Statistik der Sterbefälle","Germany",2004,"14.11.",2004-11-14,2175,"e"
"Statistik der Sterbefälle","Germany",2004,"15.11.",2004-11-15,2274,"e"
"Statistik der Sterbefälle","Germany",2004,"16.11.",2004-11-16,2339,"e"
"Statistik der Sterbefälle","Germany",2004,"17.11.",2004-11-17,2238,"e"
"Statistik der Sterbefälle","Germany",2004,"18.11.",2004-11-18,2334,"e"
"Statistik der Sterbefälle","Germany",2004,"19.11.",2004-11-19,2374,"e"
"Statistik der Sterbefälle","Germany",2004,"20.11.",2004-11-20,2255,"e"
"Statistik der Sterbefälle","Germany",2004,"21.11.",2004-11-21,2139,"e"
"Statistik der Sterbefälle","Germany",2004,"22.11.",2004-11-22,2279,"e"
"Statistik der Sterbefälle","Germany",2004,"23.11.",2004-11-23,2358,"e"
"Statistik der Sterbefälle","Germany",2004,"24.11.",2004-11-24,2216,"e"
"Statistik der Sterbefälle","Germany",2004,"25.11.",2004-11-25,2294,"e"
"Statistik der Sterbefälle","Germany",2004,"26.11.",2004-11-26,2258,"e"
"Statistik der Sterbefälle","Germany",2004,"27.11.",2004-11-27,2349,"e"
"Statistik der Sterbefälle","Germany",2004,"28.11.",2004-11-28,2249,"e"
"Statistik der Sterbefälle","Germany",2004,"29.11.",2004-11-29,2298,"e"
"Statistik der Sterbefälle","Germany",2004,"30.11.",2004-11-30,2208,"e"
"Statistik der Sterbefälle","Germany",2004,"01.12.",2004-12-01,2319,"e"
"Statistik der Sterbefälle","Germany",2004,"02.12.",2004-12-02,2348,"e"
"Statistik der Sterbefälle","Germany",2004,"03.12.",2004-12-03,2361,"e"
"Statistik der Sterbefälle","Germany",2004,"04.12.",2004-12-04,2191,"e"
"Statistik der Sterbefälle","Germany",2004,"05.12.",2004-12-05,2198,"e"
"Statistik der Sterbefälle","Germany",2004,"06.12.",2004-12-06,2347,"e"
"Statistik der Sterbefälle","Germany",2004,"07.12.",2004-12-07,2320,"e"
"Statistik der Sterbefälle","Germany",2004,"08.12.",2004-12-08,2343,"e"
"Statistik der Sterbefälle","Germany",2004,"09.12.",2004-12-09,2334,"e"
"Statistik der Sterbefälle","Germany",2004,"10.12.",2004-12-10,2323,"e"
"Statistik der Sterbefälle","Germany",2004,"11.12.",2004-12-11,2261,"e"
"Statistik der Sterbefälle","Germany",2004,"12.12.",2004-12-12,2151,"e"
"Statistik der Sterbefälle","Germany",2004,"13.12.",2004-12-13,2331,"e"
"Statistik der Sterbefälle","Germany",2004,"14.12.",2004-12-14,2215,"e"
"Statistik der Sterbefälle","Germany",2004,"15.12.",2004-12-15,2315,"e"
"Statistik der Sterbefälle","Germany",2004,"16.12.",2004-12-16,2363,"e"
"Statistik der Sterbefälle","Germany",2004,"17.12.",2004-12-17,2451,"e"
"Statistik der Sterbefälle","Germany",2004,"18.12.",2004-12-18,2463,"e"
"Statistik der Sterbefälle","Germany",2004,"19.12.",2004-12-19,2372,"e"
"Statistik der Sterbefälle","Germany",2004,"20.12.",2004-12-20,2398,"e"
"Statistik der Sterbefälle","Germany",2004,"21.12.",2004-12-21,2380,"e"
"Statistik der Sterbefälle","Germany",2004,"22.12.",2004-12-22,2412,"e"
"Statistik der Sterbefälle","Germany",2004,"23.12.",2004-12-23,2450,"e"
"Statistik der Sterbefälle","Germany",2004,"24.12.",2004-12-24,2453,"e"
"Statistik der Sterbefälle","Germany",2004,"25.12.",2004-12-25,2388,"e"
"Statistik der Sterbefälle","Germany",2004,"26.12.",2004-12-26,2380,"e"
"Statistik der Sterbefälle","Germany",2004,"27.12.",2004-12-27,2527,"e"
"Statistik der Sterbefälle","Germany",2004,"28.12.",2004-12-28,2440,"e"
"Statistik der Sterbefälle","Germany",2004,"29.12.",2004-12-29,2329,"e"
"Statistik der Sterbefälle","Germany",2004,"30.12.",2004-12-30,2424,"e"
"Statistik der Sterbefälle","Germany",2004,"31.12.",2004-12-31,2435,"e"
"Statistik der Sterbefälle","Germany",2005,"01.01.",2005-01-01,2393,"e"
"Statistik der Sterbefälle","Germany",2005,"02.01.",2005-01-02,2304,"e"
"Statistik der Sterbefälle","Germany",2005,"03.01.",2005-01-03,2483,"e"
"Statistik der Sterbefälle","Germany",2005,"04.01.",2005-01-04,2428,"e"
"Statistik der Sterbefälle","Germany",2005,"05.01.",2005-01-05,2449,"e"
"Statistik der Sterbefälle","Germany",2005,"06.01.",2005-01-06,2411,"e"
"Statistik der Sterbefälle","Germany",2005,"07.01.",2005-01-07,2422,"e"
"Statistik der Sterbefälle","Germany",2005,"08.01.",2005-01-08,2420,"e"
"Statistik der Sterbefälle","Germany",2005,"09.01.",2005-01-09,2389,"e"
"Statistik der Sterbefälle","Germany",2005,"10.01.",2005-01-10,2427,"e"
"Statistik der Sterbefälle","Germany",2005,"11.01.",2005-01-11,2474,"e"
"Statistik der Sterbefälle","Germany",2005,"12.01.",2005-01-12,2368,"e"
"Statistik der Sterbefälle","Germany",2005,"13.01.",2005-01-13,2262,"e"
"Statistik der Sterbefälle","Germany",2005,"14.01.",2005-01-14,2312,"e"
"Statistik der Sterbefälle","Germany",2005,"15.01.",2005-01-15,2306,"e"
"Statistik der Sterbefälle","Germany",2005,"16.01.",2005-01-16,2212,"e"
"Statistik der Sterbefälle","Germany",2005,"17.01.",2005-01-17,2417,"e"
"Statistik der Sterbefälle","Germany",2005,"18.01.",2005-01-18,2500,"e"
"Statistik der Sterbefälle","Germany",2005,"19.01.",2005-01-19,2299,"e"
"Statistik der Sterbefälle","Germany",2005,"20.01.",2005-01-20,2415,"e"
"Statistik der Sterbefälle","Germany",2005,"21.01.",2005-01-21,2409,"e"
"Statistik der Sterbefälle","Germany",2005,"22.01.",2005-01-22,2287,"e"
"Statistik der Sterbefälle","Germany",2005,"23.01.",2005-01-23,2177,"e"
"Statistik der Sterbefälle","Germany",2005,"24.01.",2005-01-24,2373,"e"
"Statistik der Sterbefälle","Germany",2005,"25.01.",2005-01-25,2350,"e"
"Statistik der Sterbefälle","Germany",2005,"26.01.",2005-01-26,2342,"e"
"Statistik der Sterbefälle","Germany",2005,"27.01.",2005-01-27,2373,"e"
"Statistik der Sterbefälle","Germany",2005,"28.01.",2005-01-28,2465,"e"
"Statistik der Sterbefälle","Germany",2005,"29.01.",2005-01-29,2355,"e"
"Statistik der Sterbefälle","Germany",2005,"30.01.",2005-01-30,2330,"e"
"Statistik der Sterbefälle","Germany",2005,"31.01.",2005-01-31,2407,"e"
"Statistik der Sterbefälle","Germany",2005,"01.02.",2005-02-01,2466,"e"
"Statistik der Sterbefälle","Germany",2005,"02.02.",2005-02-02,2458,"e"
"Statistik der Sterbefälle","Germany",2005,"03.02.",2005-02-03,2403,"e"
"Statistik der Sterbefälle","Germany",2005,"04.02.",2005-02-04,2371,"e"
"Statistik der Sterbefälle","Germany",2005,"05.02.",2005-02-05,2412,"e"
"Statistik der Sterbefälle","Germany",2005,"06.02.",2005-02-06,2342,"e"
"Statistik der Sterbefälle","Germany",2005,"07.02.",2005-02-07,2546,"e"
"Statistik der Sterbefälle","Germany",2005,"08.02.",2005-02-08,2444,"e"
"Statistik der Sterbefälle","Germany",2005,"09.02.",2005-02-09,2462,"e"
"Statistik der Sterbefälle","Germany",2005,"10.02.",2005-02-10,2499,"e"
"Statistik der Sterbefälle","Germany",2005,"11.02.",2005-02-11,2484,"e"
"Statistik der Sterbefälle","Germany",2005,"12.02.",2005-02-12,2504,"e"
"Statistik der Sterbefälle","Germany",2005,"13.02.",2005-02-13,2693,"e"
"Statistik der Sterbefälle","Germany",2005,"14.02.",2005-02-14,2665,"e"
"Statistik der Sterbefälle","Germany",2005,"15.02.",2005-02-15,2596,"e"
"Statistik der Sterbefälle","Germany",2005,"16.02.",2005-02-16,2597,"e"
"Statistik der Sterbefälle","Germany",2005,"17.02.",2005-02-17,2576,"e"
"Statistik der Sterbefälle","Germany",2005,"18.02.",2005-02-18,2621,"e"
"Statistik der Sterbefälle","Germany",2005,"19.02.",2005-02-19,2674,"e"
"Statistik der Sterbefälle","Germany",2005,"20.02.",2005-02-20,2555,"e"
"Statistik der Sterbefälle","Germany",2005,"21.02.",2005-02-21,2707,"e"
"Statistik der Sterbefälle","Germany",2005,"22.02.",2005-02-22,2766,"e"
"Statistik der Sterbefälle","Germany",2005,"23.02.",2005-02-23,2720,"e"
"Statistik der Sterbefälle","Germany",2005,"24.02.",2005-02-24,2779,"e"
"Statistik der Sterbefälle","Germany",2005,"25.02.",2005-02-25,2725,"e"
"Statistik der Sterbefälle","Germany",2005,"26.02.",2005-02-26,2661,"e"
"Statistik der Sterbefälle","Germany",2005,"27.02.",2005-02-27,2668,"e"
"Statistik der Sterbefälle","Germany",2005,"28.02.",2005-02-28,2881,"e"
"Statistik der Sterbefälle","Germany",2005,"01.03.",2005-03-01,2798,"e"
"Statistik der Sterbefälle","Germany",2005,"02.03.",2005-03-02,2876,"e"
"Statistik der Sterbefälle","Germany",2005,"03.03.",2005-03-03,2842,"e"
"Statistik der Sterbefälle","Germany",2005,"04.03.",2005-03-04,2857,"e"
"Statistik der Sterbefälle","Germany",2005,"05.03.",2005-03-05,2935,"e"
"Statistik der Sterbefälle","Germany",2005,"06.03.",2005-03-06,2703,"e"
"Statistik der Sterbefälle","Germany",2005,"07.03.",2005-03-07,2875,"e"
"Statistik der Sterbefälle","Germany",2005,"08.03.",2005-03-08,2831,"e"
"Statistik der Sterbefälle","Germany",2005,"09.03.",2005-03-09,2816,"e"
"Statistik der Sterbefälle","Germany",2005,"10.03.",2005-03-10,2863,"e"
"Statistik der Sterbefälle","Germany",2005,"11.03.",2005-03-11,2849,"e"
"Statistik der Sterbefälle","Germany",2005,"12.03.",2005-03-12,2864,"e"
"Statistik der Sterbefälle","Germany",2005,"13.03.",2005-03-13,2691,"e"
"Statistik der Sterbefälle","Germany",2005,"14.03.",2005-03-14,2800,"e"
"Statistik der Sterbefälle","Germany",2005,"15.03.",2005-03-15,2793,"e"
"Statistik der Sterbefälle","Germany",2005,"16.03.",2005-03-16,2829,"e"
"Statistik der Sterbefälle","Germany",2005,"17.03.",2005-03-17,2760,"e"
"Statistik der Sterbefälle","Germany",2005,"18.03.",2005-03-18,2855,"e"
"Statistik der Sterbefälle","Germany",2005,"19.03.",2005-03-19,2639,"e"
"Statistik der Sterbefälle","Germany",2005,"20.03.",2005-03-20,2562,"e"
"Statistik der Sterbefälle","Germany",2005,"21.03.",2005-03-21,2540,"e"
"Statistik der Sterbefälle","Germany",2005,"22.03.",2005-03-22,2624,"e"
"Statistik der Sterbefälle","Germany",2005,"23.03.",2005-03-23,2615,"e"
"Statistik der Sterbefälle","Germany",2005,"24.03.",2005-03-24,2668,"e"
"Statistik der Sterbefälle","Germany",2005,"25.03.",2005-03-25,2485,"e"
"Statistik der Sterbefälle","Germany",2005,"26.03.",2005-03-26,2436,"e"
"Statistik der Sterbefälle","Germany",2005,"27.03.",2005-03-27,2453,"e"
"Statistik der Sterbefälle","Germany",2005,"28.03.",2005-03-28,2265,"e"
"Statistik der Sterbefälle","Germany",2005,"29.03.",2005-03-29,2491,"e"
"Statistik der Sterbefälle","Germany",2005,"30.03.",2005-03-30,2371,"e"
"Statistik der Sterbefälle","Germany",2005,"31.03.",2005-03-31,2285,"e"
"Statistik der Sterbefälle","Germany",2005,"01.04.",2005-04-01,2300,"e"
"Statistik der Sterbefälle","Germany",2005,"02.04.",2005-04-02,2317,"e"
"Statistik der Sterbefälle","Germany",2005,"03.04.",2005-04-03,2325,"e"
"Statistik der Sterbefälle","Germany",2005,"04.04.",2005-04-04,2442,"e"
"Statistik der Sterbefälle","Germany",2005,"05.04.",2005-04-05,2301,"e"
"Statistik der Sterbefälle","Germany",2005,"06.04.",2005-04-06,2306,"e"
"Statistik der Sterbefälle","Germany",2005,"07.04.",2005-04-07,2372,"e"
"Statistik der Sterbefälle","Germany",2005,"08.04.",2005-04-08,2438,"e"
"Statistik der Sterbefälle","Germany",2005,"09.04.",2005-04-09,2192,"e"
"Statistik der Sterbefälle","Germany",2005,"10.04.",2005-04-10,2244,"e"
"Statistik der Sterbefälle","Germany",2005,"11.04.",2005-04-11,2322,"e"
"Statistik der Sterbefälle","Germany",2005,"12.04.",2005-04-12,2299,"e"
"Statistik der Sterbefälle","Germany",2005,"13.04.",2005-04-13,2329,"e"
"Statistik der Sterbefälle","Germany",2005,"14.04.",2005-04-14,2304,"e"
"Statistik der Sterbefälle","Germany",2005,"15.04.",2005-04-15,2380,"e"
"Statistik der Sterbefälle","Germany",2005,"16.04.",2005-04-16,2273,"e"
"Statistik der Sterbefälle","Germany",2005,"17.04.",2005-04-17,2257,"e"
"Statistik der Sterbefälle","Germany",2005,"18.04.",2005-04-18,2288,"e"
"Statistik der Sterbefälle","Germany",2005,"19.04.",2005-04-19,2289,"e"
"Statistik der Sterbefälle","Germany",2005,"20.04.",2005-04-20,2104,"e"
"Statistik der Sterbefälle","Germany",2005,"21.04.",2005-04-21,2222,"e"
"Statistik der Sterbefälle","Germany",2005,"22.04.",2005-04-22,2206,"e"
"Statistik der Sterbefälle","Germany",2005,"23.04.",2005-04-23,2254,"e"
"Statistik der Sterbefälle","Germany",2005,"24.04.",2005-04-24,2186,"e"
"Statistik der Sterbefälle","Germany",2005,"25.04.",2005-04-25,2334,"e"
"Statistik der Sterbefälle","Germany",2005,"26.04.",2005-04-26,2216,"e"
"Statistik der Sterbefälle","Germany",2005,"27.04.",2005-04-27,2101,"e"
"Statistik der Sterbefälle","Germany",2005,"28.04.",2005-04-28,2245,"e"
"Statistik der Sterbefälle","Germany",2005,"29.04.",2005-04-29,2148,"e"
"Statistik der Sterbefälle","Germany",2005,"30.04.",2005-04-30,2251,"e"
"Statistik der Sterbefälle","Germany",2005,"01.05.",2005-05-01,2320,"e"
"Statistik der Sterbefälle","Germany",2005,"02.05.",2005-05-02,2440,"e"
"Statistik der Sterbefälle","Germany",2005,"03.05.",2005-05-03,2351,"e"
"Statistik der Sterbefälle","Germany",2005,"04.05.",2005-05-04,2191,"e"
"Statistik der Sterbefälle","Germany",2005,"05.05.",2005-05-05,2120,"e"
"Statistik der Sterbefälle","Germany",2005,"06.05.",2005-05-06,2133,"e"
"Statistik der Sterbefälle","Germany",2005,"07.05.",2005-05-07,2072,"e"
"Statistik der Sterbefälle","Germany",2005,"08.05.",2005-05-08,2119,"e"
"Statistik der Sterbefälle","Germany",2005,"09.05.",2005-05-09,2211,"e"
"Statistik der Sterbefälle","Germany",2005,"10.05.",2005-05-10,2129,"e"
"Statistik der Sterbefälle","Germany",2005,"11.05.",2005-05-11,2244,"e"
"Statistik der Sterbefälle","Germany",2005,"12.05.",2005-05-12,2169,"e"
"Statistik der Sterbefälle","Germany",2005,"13.05.",2005-05-13,2264,"e"
"Statistik der Sterbefälle","Germany",2005,"14.05.",2005-05-14,2209,"e"
"Statistik der Sterbefälle","Germany",2005,"15.05.",2005-05-15,2210,"e"
"Statistik der Sterbefälle","Germany",2005,"16.05.",2005-05-16,2126,"e"
"Statistik der Sterbefälle","Germany",2005,"17.05.",2005-05-17,2204,"e"
"Statistik der Sterbefälle","Germany",2005,"18.05.",2005-05-18,2182,"e"
"Statistik der Sterbefälle","Germany",2005,"19.05.",2005-05-19,2141,"e"
"Statistik der Sterbefälle","Germany",2005,"20.05.",2005-05-20,2284,"e"
"Statistik der Sterbefälle","Germany",2005,"21.05.",2005-05-21,2275,"e"
"Statistik der Sterbefälle","Germany",2005,"22.05.",2005-05-22,2178,"e"
"Statistik der Sterbefälle","Germany",2005,"23.05.",2005-05-23,2211,"e"
"Statistik der Sterbefälle","Germany",2005,"24.05.",2005-05-24,2140,"e"
"Statistik der Sterbefälle","Germany",2005,"25.05.",2005-05-25,2220,"e"
"Statistik der Sterbefälle","Germany",2005,"26.05.",2005-05-26,2249,"e"
"Statistik der Sterbefälle","Germany",2005,"27.05.",2005-05-27,2476,"e"
"Statistik der Sterbefälle","Germany",2005,"28.05.",2005-05-28,2633,"e"
"Statistik der Sterbefälle","Germany",2005,"29.05.",2005-05-29,2335,"e"
"Statistik der Sterbefälle","Germany",2005,"30.05.",2005-05-30,2326,"e"
"Statistik der Sterbefälle","Germany",2005,"31.05.",2005-05-31,2166,"e"
"Statistik der Sterbefälle","Germany",2005,"01.06.",2005-06-01,2147,"e"
"Statistik der Sterbefälle","Germany",2005,"02.06.",2005-06-02,2159,"e"
"Statistik der Sterbefälle","Germany",2005,"03.06.",2005-06-03,2175,"e"
"Statistik der Sterbefälle","Germany",2005,"04.06.",2005-06-04,2158,"e"
"Statistik der Sterbefälle","Germany",2005,"05.06.",2005-06-05,1994,"e"
"Statistik der Sterbefälle","Germany",2005,"06.06.",2005-06-06,2127,"e"
"Statistik der Sterbefälle","Germany",2005,"07.06.",2005-06-07,1981,"e"
"Statistik der Sterbefälle","Germany",2005,"08.06.",2005-06-08,2035,"e"
"Statistik der Sterbefälle","Germany",2005,"09.06.",2005-06-09,1995,"e"
"Statistik der Sterbefälle","Germany",2005,"10.06.",2005-06-10,2090,"e"
"Statistik der Sterbefälle","Germany",2005,"11.06.",2005-06-11,2022,"e"
"Statistik der Sterbefälle","Germany",2005,"12.06.",2005-06-12,1995,"e"
"Statistik der Sterbefälle","Germany",2005,"13.06.",2005-06-13,2210,"e"
"Statistik der Sterbefälle","Germany",2005,"14.06.",2005-06-14,2120,"e"
"Statistik der Sterbefälle","Germany",2005,"15.06.",2005-06-15,2179,"e"
"Statistik der Sterbefälle","Germany",2005,"16.06.",2005-06-16,2218,"e"
"Statistik der Sterbefälle","Germany",2005,"17.06.",2005-06-17,2197,"e"
"Statistik der Sterbefälle","Germany",2005,"18.06.",2005-06-18,2155,"e"
"Statistik der Sterbefälle","Germany",2005,"19.06.",2005-06-19,2059,"e"
"Statistik der Sterbefälle","Germany",2005,"20.06.",2005-06-20,2261,"e"
"Statistik der Sterbefälle","Germany",2005,"21.06.",2005-06-21,2346,"e"
"Statistik der Sterbefälle","Germany",2005,"22.06.",2005-06-22,2241,"e"
"Statistik der Sterbefälle","Germany",2005,"23.06.",2005-06-23,2213,"e"
"Statistik der Sterbefälle","Germany",2005,"24.06.",2005-06-24,2384,"e"
"Statistik der Sterbefälle","Germany",2005,"25.06.",2005-06-25,2421,"e"
"Statistik der Sterbefälle","Germany",2005,"26.06.",2005-06-26,2102,"e"
"Statistik der Sterbefälle","Germany",2005,"27.06.",2005-06-27,2066,"e"
"Statistik der Sterbefälle","Germany",2005,"28.06.",2005-06-28,2199,"e"
"Statistik der Sterbefälle","Germany",2005,"29.06.",2005-06-29,2166,"e"
"Statistik der Sterbefälle","Germany",2005,"30.06.",2005-06-30,2070,"e"
"Statistik der Sterbefälle","Germany",2005,"01.07.",2005-07-01,2089,"e"
"Statistik der Sterbefälle","Germany",2005,"02.07.",2005-07-02,1992,"e"
"Statistik der Sterbefälle","Germany",2005,"03.07.",2005-07-03,2078,"e"
"Statistik der Sterbefälle","Germany",2005,"04.07.",2005-07-04,2148,"e"
"Statistik der Sterbefälle","Germany",2005,"05.07.",2005-07-05,2006,"e"
"Statistik der Sterbefälle","Germany",2005,"06.07.",2005-07-06,1965,"e"
"Statistik der Sterbefälle","Germany",2005,"07.07.",2005-07-07,2051,"e"
"Statistik der Sterbefälle","Germany",2005,"08.07.",2005-07-08,1998,"e"
"Statistik der Sterbefälle","Germany",2005,"09.07.",2005-07-09,2030,"e"
"Statistik der Sterbefälle","Germany",2005,"10.07.",2005-07-10,2017,"e"
"Statistik der Sterbefälle","Germany",2005,"11.07.",2005-07-11,2112,"e"
"Statistik der Sterbefälle","Germany",2005,"12.07.",2005-07-12,2080,"e"
"Statistik der Sterbefälle","Germany",2005,"13.07.",2005-07-13,2167,"e"
"Statistik der Sterbefälle","Germany",2005,"14.07.",2005-07-14,2195,"e"
"Statistik der Sterbefälle","Germany",2005,"15.07.",2005-07-15,2211,"e"
"Statistik der Sterbefälle","Germany",2005,"16.07.",2005-07-16,2197,"e"
"Statistik der Sterbefälle","Germany",2005,"17.07.",2005-07-17,2107,"e"
"Statistik der Sterbefälle","Germany",2005,"18.07.",2005-07-18,2118,"e"
"Statistik der Sterbefälle","Germany",2005,"19.07.",2005-07-19,2183,"e"
"Statistik der Sterbefälle","Germany",2005,"20.07.",2005-07-20,2060,"e"
"Statistik der Sterbefälle","Germany",2005,"21.07.",2005-07-21,1940,"e"
"Statistik der Sterbefälle","Germany",2005,"22.07.",2005-07-22,2022,"e"
"Statistik der Sterbefälle","Germany",2005,"23.07.",2005-07-23,2049,"e"
"Statistik der Sterbefälle","Germany",2005,"24.07.",2005-07-24,1919,"e"
"Statistik der Sterbefälle","Germany",2005,"25.07.",2005-07-25,2120,"e"
"Statistik der Sterbefälle","Germany",2005,"26.07.",2005-07-26,2064,"e"
"Statistik der Sterbefälle","Germany",2005,"27.07.",2005-07-27,2145,"e"
"Statistik der Sterbefälle","Germany",2005,"28.07.",2005-07-28,2332,"e"
"Statistik der Sterbefälle","Germany",2005,"29.07.",2005-07-29,2307,"e"
"Statistik der Sterbefälle","Germany",2005,"30.07.",2005-07-30,2089,"e"
"Statistik der Sterbefälle","Germany",2005,"31.07.",2005-07-31,1934,"e"
"Statistik der Sterbefälle","Germany",2005,"01.08.",2005-08-01,2078,"e"
"Statistik der Sterbefälle","Germany",2005,"02.08.",2005-08-02,1934,"e"
"Statistik der Sterbefälle","Germany",2005,"03.08.",2005-08-03,2038,"e"
"Statistik der Sterbefälle","Germany",2005,"04.08.",2005-08-04,1914,"e"
"Statistik der Sterbefälle","Germany",2005,"05.08.",2005-08-05,2058,"e"
"Statistik der Sterbefälle","Germany",2005,"06.08.",2005-08-06,1901,"e"
"Statistik der Sterbefälle","Germany",2005,"07.08.",2005-08-07,1909,"e"
"Statistik der Sterbefälle","Germany",2005,"08.08.",2005-08-08,2045,"e"
"Statistik der Sterbefälle","Germany",2005,"09.08.",2005-08-09,2069,"e"
"Statistik der Sterbefälle","Germany",2005,"10.08.",2005-08-10,2122,"e"
"Statistik der Sterbefälle","Germany",2005,"11.08.",2005-08-11,2134,"e"
"Statistik der Sterbefälle","Germany",2005,"12.08.",2005-08-12,2106,"e"
"Statistik der Sterbefälle","Germany",2005,"13.08.",2005-08-13,1991,"e"
"Statistik der Sterbefälle","Germany",2005,"14.08.",2005-08-14,1994,"e"
"Statistik der Sterbefälle","Germany",2005,"15.08.",2005-08-15,2154,"e"
"Statistik der Sterbefälle","Germany",2005,"16.08.",2005-08-16,2140,"e"
"Statistik der Sterbefälle","Germany",2005,"17.08.",2005-08-17,2113,"e"
"Statistik der Sterbefälle","Germany",2005,"18.08.",2005-08-18,2214,"e"
"Statistik der Sterbefälle","Germany",2005,"19.08.",2005-08-19,2211,"e"
"Statistik der Sterbefälle","Germany",2005,"20.08.",2005-08-20,2231,"e"
"Statistik der Sterbefälle","Germany",2005,"21.08.",2005-08-21,2028,"e"
"Statistik der Sterbefälle","Germany",2005,"22.08.",2005-08-22,2083,"e"
"Statistik der Sterbefälle","Germany",2005,"23.08.",2005-08-23,2076,"e"
"Statistik der Sterbefälle","Germany",2005,"24.08.",2005-08-24,2033,"e"
"Statistik der Sterbefälle","Germany",2005,"25.08.",2005-08-25,2048,"e"
"Statistik der Sterbefälle","Germany",2005,"26.08.",2005-08-26,2085,"e"
"Statistik der Sterbefälle","Germany",2005,"27.08.",2005-08-27,1922,"e"
"Statistik der Sterbefälle","Germany",2005,"28.08.",2005-08-28,1946,"e"
"Statistik der Sterbefälle","Germany",2005,"29.08.",2005-08-29,2110,"e"
"Statistik der Sterbefälle","Germany",2005,"30.08.",2005-08-30,2157,"e"
"Statistik der Sterbefälle","Germany",2005,"31.08.",2005-08-31,2231,"e"
"Statistik der Sterbefälle","Germany",2005,"01.09.",2005-09-01,2296,"e"
"Statistik der Sterbefälle","Germany",2005,"02.09.",2005-09-02,2189,"e"
"Statistik der Sterbefälle","Germany",2005,"03.09.",2005-09-03,2036,"e"
"Statistik der Sterbefälle","Germany",2005,"04.09.",2005-09-04,2049,"e"
"Statistik der Sterbefälle","Germany",2005,"05.09.",2005-09-05,2011,"e"
"Statistik der Sterbefälle","Germany",2005,"06.09.",2005-09-06,2062,"e"
"Statistik der Sterbefälle","Germany",2005,"07.09.",2005-09-07,2083,"e"
"Statistik der Sterbefälle","Germany",2005,"08.09.",2005-09-08,2229,"e"
"Statistik der Sterbefälle","Germany",2005,"09.09.",2005-09-09,2222,"e"
"Statistik der Sterbefälle","Germany",2005,"10.09.",2005-09-10,2161,"e"
"Statistik der Sterbefälle","Germany",2005,"11.09.",2005-09-11,2039,"e"
"Statistik der Sterbefälle","Germany",2005,"12.09.",2005-09-12,2046,"e"
"Statistik der Sterbefälle","Germany",2005,"13.09.",2005-09-13,1946,"e"
"Statistik der Sterbefälle","Germany",2005,"14.09.",2005-09-14,2048,"e"
"Statistik der Sterbefälle","Germany",2005,"15.09.",2005-09-15,2069,"e"
"Statistik der Sterbefälle","Germany",2005,"16.09.",2005-09-16,2098,"e"
"Statistik der Sterbefälle","Germany",2005,"17.09.",2005-09-17,1924,"e"
"Statistik der Sterbefälle","Germany",2005,"18.09.",2005-09-18,1948,"e"
"Statistik der Sterbefälle","Germany",2005,"19.09.",2005-09-19,1976,"e"
"Statistik der Sterbefälle","Germany",2005,"20.09.",2005-09-20,1944,"e"
"Statistik der Sterbefälle","Germany",2005,"21.09.",2005-09-21,2025,"e"
"Statistik der Sterbefälle","Germany",2005,"22.09.",2005-09-22,2078,"e"
"Statistik der Sterbefälle","Germany",2005,"23.09.",2005-09-23,2229,"e"
"Statistik der Sterbefälle","Germany",2005,"24.09.",2005-09-24,2017,"e"
"Statistik der Sterbefälle","Germany",2005,"25.09.",2005-09-25,2054,"e"
"Statistik der Sterbefälle","Germany",2005,"26.09.",2005-09-26,2114,"e"
"Statistik der Sterbefälle","Germany",2005,"27.09.",2005-09-27,2134,"e"
"Statistik der Sterbefälle","Germany",2005,"28.09.",2005-09-28,2026,"e"
"Statistik der Sterbefälle","Germany",2005,"29.09.",2005-09-29,2116,"e"
"Statistik der Sterbefälle","Germany",2005,"30.09.",2005-09-30,2092,"e"
"Statistik der Sterbefälle","Germany",2005,"01.10.",2005-10-01,2042,"e"
"Statistik der Sterbefälle","Germany",2005,"02.10.",2005-10-02,2007,"e"
"Statistik der Sterbefälle","Germany",2005,"03.10.",2005-10-03,2032,"e"
"Statistik der Sterbefälle","Germany",2005,"04.10.",2005-10-04,2151,"e"
"Statistik der Sterbefälle","Germany",2005,"05.10.",2005-10-05,2150,"e"
"Statistik der Sterbefälle","Germany",2005,"06.10.",2005-10-06,2145,"e"
"Statistik der Sterbefälle","Germany",2005,"07.10.",2005-10-07,2180,"e"
"Statistik der Sterbefälle","Germany",2005,"08.10.",2005-10-08,2146,"e"
"Statistik der Sterbefälle","Germany",2005,"09.10.",2005-10-09,2078,"e"
"Statistik der Sterbefälle","Germany",2005,"10.10.",2005-10-10,2124,"e"
"Statistik der Sterbefälle","Germany",2005,"11.10.",2005-10-11,2187,"e"
"Statistik der Sterbefälle","Germany",2005,"12.10.",2005-10-12,2174,"e"
"Statistik der Sterbefälle","Germany",2005,"13.10.",2005-10-13,2144,"e"
"Statistik der Sterbefälle","Germany",2005,"14.10.",2005-10-14,2180,"e"
"Statistik der Sterbefälle","Germany",2005,"15.10.",2005-10-15,2164,"e"
"Statistik der Sterbefälle","Germany",2005,"16.10.",2005-10-16,1999,"e"
"Statistik der Sterbefälle","Germany",2005,"17.10.",2005-10-17,2140,"e"
"Statistik der Sterbefälle","Germany",2005,"18.10.",2005-10-18,2202,"e"
"Statistik der Sterbefälle","Germany",2005,"19.10.",2005-10-19,2161,"e"
"Statistik der Sterbefälle","Germany",2005,"20.10.",2005-10-20,2243,"e"
"Statistik der Sterbefälle","Germany",2005,"21.10.",2005-10-21,2322,"e"
"Statistik der Sterbefälle","Germany",2005,"22.10.",2005-10-22,2204,"e"
"Statistik der Sterbefälle","Germany",2005,"23.10.",2005-10-23,2155,"e"
"Statistik der Sterbefälle","Germany",2005,"24.10.",2005-10-24,2245,"e"
"Statistik der Sterbefälle","Germany",2005,"25.10.",2005-10-25,2242,"e"
"Statistik der Sterbefälle","Germany",2005,"26.10.",2005-10-26,2116,"e"
"Statistik der Sterbefälle","Germany",2005,"27.10.",2005-10-27,2250,"e"
"Statistik der Sterbefälle","Germany",2005,"28.10.",2005-10-28,2250,"e"
"Statistik der Sterbefälle","Germany",2005,"29.10.",2005-10-29,2166,"e"
"Statistik der Sterbefälle","Germany",2005,"30.10.",2005-10-30,2216,"e"
"Statistik der Sterbefälle","Germany",2005,"31.10.",2005-10-31,2218,"e"
"Statistik der Sterbefälle","Germany",2005,"01.11.",2005-11-01,2149,"e"
"Statistik der Sterbefälle","Germany",2005,"02.11.",2005-11-02,2238,"e"
"Statistik der Sterbefälle","Germany",2005,"03.11.",2005-11-03,2200,"e"
"Statistik der Sterbefälle","Germany",2005,"04.11.",2005-11-04,2263,"e"
"Statistik der Sterbefälle","Germany",2005,"05.11.",2005-11-05,2107,"e"
"Statistik der Sterbefälle","Germany",2005,"06.11.",2005-11-06,1974,"e"
"Statistik der Sterbefälle","Germany",2005,"07.11.",2005-11-07,2085,"e"
"Statistik der Sterbefälle","Germany",2005,"08.11.",2005-11-08,2214,"e"
"Statistik der Sterbefälle","Germany",2005,"09.11.",2005-11-09,2198,"e"
"Statistik der Sterbefälle","Germany",2005,"10.11.",2005-11-10,2149,"e"
"Statistik der Sterbefälle","Germany",2005,"11.11.",2005-11-11,2302,"e"
"Statistik der Sterbefälle","Germany",2005,"12.11.",2005-11-12,2235,"e"
"Statistik der Sterbefälle","Germany",2005,"13.11.",2005-11-13,2131,"e"
"Statistik der Sterbefälle","Germany",2005,"14.11.",2005-11-14,2154,"e"
"Statistik der Sterbefälle","Germany",2005,"15.11.",2005-11-15,2251,"e"
"Statistik der Sterbefälle","Germany",2005,"16.11.",2005-11-16,2284,"e"
"Statistik der Sterbefälle","Germany",2005,"17.11.",2005-11-17,2266,"e"
"Statistik der Sterbefälle","Germany",2005,"18.11.",2005-11-18,2300,"e"
"Statistik der Sterbefälle","Germany",2005,"19.11.",2005-11-19,2169,"e"
"Statistik der Sterbefälle","Germany",2005,"20.11.",2005-11-20,2187,"e"
"Statistik der Sterbefälle","Germany",2005,"21.11.",2005-11-21,2229,"e"
"Statistik der Sterbefälle","Germany",2005,"22.11.",2005-11-22,2293,"e"
"Statistik der Sterbefälle","Germany",2005,"23.11.",2005-11-23,2261,"e"
"Statistik der Sterbefälle","Germany",2005,"24.11.",2005-11-24,2356,"e"
"Statistik der Sterbefälle","Germany",2005,"25.11.",2005-11-25,2454,"e"
"Statistik der Sterbefälle","Germany",2005,"26.11.",2005-11-26,2396,"e"
"Statistik der Sterbefälle","Germany",2005,"27.11.",2005-11-27,2291,"e"
"Statistik der Sterbefälle","Germany",2005,"28.11.",2005-11-28,2449,"e"
"Statistik der Sterbefälle","Germany",2005,"29.11.",2005-11-29,2380,"e"
"Statistik der Sterbefälle","Germany",2005,"30.11.",2005-11-30,2374,"e"
"Statistik der Sterbefälle","Germany",2005,"01.12.",2005-12-01,2457,"e"
"Statistik der Sterbefälle","Germany",2005,"02.12.",2005-12-02,2437,"e"
"Statistik der Sterbefälle","Germany",2005,"03.12.",2005-12-03,2455,"e"
"Statistik der Sterbefälle","Germany",2005,"04.12.",2005-12-04,2314,"e"
"Statistik der Sterbefälle","Germany",2005,"05.12.",2005-12-05,2463,"e"
"Statistik der Sterbefälle","Germany",2005,"06.12.",2005-12-06,2317,"e"
"Statistik der Sterbefälle","Germany",2005,"07.12.",2005-12-07,2402,"e"
"Statistik der Sterbefälle","Germany",2005,"08.12.",2005-12-08,2401,"e"
"Statistik der Sterbefälle","Germany",2005,"09.12.",2005-12-09,2298,"e"
"Statistik der Sterbefälle","Germany",2005,"10.12.",2005-12-10,2285,"e"
"Statistik der Sterbefälle","Germany",2005,"11.12.",2005-12-11,2190,"e"
"Statistik der Sterbefälle","Germany",2005,"12.12.",2005-12-12,2389,"e"
"Statistik der Sterbefälle","Germany",2005,"13.12.",2005-12-13,2346,"e"
"Statistik der Sterbefälle","Germany",2005,"14.12.",2005-12-14,2283,"e"
"Statistik der Sterbefälle","Germany",2005,"15.12.",2005-12-15,2458,"e"
"Statistik der Sterbefälle","Germany",2005,"16.12.",2005-12-16,2456,"e"
"Statistik der Sterbefälle","Germany",2005,"17.12.",2005-12-17,2372,"e"
"Statistik der Sterbefälle","Germany",2005,"18.12.",2005-12-18,2382,"e"
"Statistik der Sterbefälle","Germany",2005,"19.12.",2005-12-19,2342,"e"
"Statistik der Sterbefälle","Germany",2005,"20.12.",2005-12-20,2379,"e"
"Statistik der Sterbefälle","Germany",2005,"21.12.",2005-12-21,2383,"e"
"Statistik der Sterbefälle","Germany",2005,"22.12.",2005-12-22,2304,"e"
"Statistik der Sterbefälle","Germany",2005,"23.12.",2005-12-23,2343,"e"
"Statistik der Sterbefälle","Germany",2005,"24.12.",2005-12-24,2372,"e"
"Statistik der Sterbefälle","Germany",2005,"25.12.",2005-12-25,2377,"e"
"Statistik der Sterbefälle","Germany",2005,"26.12.",2005-12-26,2343,"e"
"Statistik der Sterbefälle","Germany",2005,"27.12.",2005-12-27,2411,"e"
"Statistik der Sterbefälle","Germany",2005,"28.12.",2005-12-28,2448,"e"
"Statistik der Sterbefälle","Germany",2005,"29.12.",2005-12-29,2483,"e"
"Statistik der Sterbefälle","Germany",2005,"30.12.",2005-12-30,2289,"e"
"Statistik der Sterbefälle","Germany",2005,"31.12.",2005-12-31,2452,"e"
"Statistik der Sterbefälle","Germany",2006,"01.01.",2006-01-01,2399,"e"
"Statistik der Sterbefälle","Germany",2006,"02.01.",2006-01-02,2464,"e"
"Statistik der Sterbefälle","Germany",2006,"03.01.",2006-01-03,2400,"e"
"Statistik der Sterbefälle","Germany",2006,"04.01.",2006-01-04,2374,"e"
"Statistik der Sterbefälle","Germany",2006,"05.01.",2006-01-05,2354,"e"
"Statistik der Sterbefälle","Germany",2006,"06.01.",2006-01-06,2375,"e"
"Statistik der Sterbefälle","Germany",2006,"07.01.",2006-01-07,2341,"e"
"Statistik der Sterbefälle","Germany",2006,"08.01.",2006-01-08,2363,"e"
"Statistik der Sterbefälle","Germany",2006,"09.01.",2006-01-09,2303,"e"
"Statistik der Sterbefälle","Germany",2006,"10.01.",2006-01-10,2332,"e"
"Statistik der Sterbefälle","Germany",2006,"11.01.",2006-01-11,2444,"e"
"Statistik der Sterbefälle","Germany",2006,"12.01.",2006-01-12,2410,"e"
"Statistik der Sterbefälle","Germany",2006,"13.01.",2006-01-13,2473,"e"
"Statistik der Sterbefälle","Germany",2006,"14.01.",2006-01-14,2307,"e"
"Statistik der Sterbefälle","Germany",2006,"15.01.",2006-01-15,2380,"e"
"Statistik der Sterbefälle","Germany",2006,"16.01.",2006-01-16,2470,"e"
"Statistik der Sterbefälle","Germany",2006,"17.01.",2006-01-17,2466,"e"
"Statistik der Sterbefälle","Germany",2006,"18.01.",2006-01-18,2465,"e"
"Statistik der Sterbefälle","Germany",2006,"19.01.",2006-01-19,2383,"e"
"Statistik der Sterbefälle","Germany",2006,"20.01.",2006-01-20,2533,"e"
"Statistik der Sterbefälle","Germany",2006,"21.01.",2006-01-21,2365,"e"
"Statistik der Sterbefälle","Germany",2006,"22.01.",2006-01-22,2309,"e"
"Statistik der Sterbefälle","Germany",2006,"23.01.",2006-01-23,2380,"e"
"Statistik der Sterbefälle","Germany",2006,"24.01.",2006-01-24,2335,"e"
"Statistik der Sterbefälle","Germany",2006,"25.01.",2006-01-25,2454,"e"
"Statistik der Sterbefälle","Germany",2006,"26.01.",2006-01-26,2436,"e"
"Statistik der Sterbefälle","Germany",2006,"27.01.",2006-01-27,2385,"e"
"Statistik der Sterbefälle","Germany",2006,"28.01.",2006-01-28,2474,"e"
"Statistik der Sterbefälle","Germany",2006,"29.01.",2006-01-29,2252,"e"
"Statistik der Sterbefälle","Germany",2006,"30.01.",2006-01-30,2419,"e"
"Statistik der Sterbefälle","Germany",2006,"31.01.",2006-01-31,2382,"e"
"Statistik der Sterbefälle","Germany",2006,"01.02.",2006-02-01,2445,"e"
"Statistik der Sterbefälle","Germany",2006,"02.02.",2006-02-02,2340,"e"
"Statistik der Sterbefälle","Germany",2006,"03.02.",2006-02-03,2479,"e"
"Statistik der Sterbefälle","Germany",2006,"04.02.",2006-02-04,2345,"e"
"Statistik der Sterbefälle","Germany",2006,"05.02.",2006-02-05,2474,"e"
"Statistik der Sterbefälle","Germany",2006,"06.02.",2006-02-06,2473,"e"
"Statistik der Sterbefälle","Germany",2006,"07.02.",2006-02-07,2469,"e"
"Statistik der Sterbefälle","Germany",2006,"08.02.",2006-02-08,2402,"e"
"Statistik der Sterbefälle","Germany",2006,"09.02.",2006-02-09,2484,"e"
"Statistik der Sterbefälle","Germany",2006,"10.02.",2006-02-10,2480,"e"
"Statistik der Sterbefälle","Germany",2006,"11.02.",2006-02-11,2320,"e"
"Statistik der Sterbefälle","Germany",2006,"12.02.",2006-02-12,2277,"e"
"Statistik der Sterbefälle","Germany",2006,"13.02.",2006-02-13,2389,"e"
"Statistik der Sterbefälle","Germany",2006,"14.02.",2006-02-14,2412,"e"
"Statistik der Sterbefälle","Germany",2006,"15.02.",2006-02-15,2543,"e"
"Statistik der Sterbefälle","Germany",2006,"16.02.",2006-02-16,2452,"e"
"Statistik der Sterbefälle","Germany",2006,"17.02.",2006-02-17,2415,"e"
"Statistik der Sterbefälle","Germany",2006,"18.02.",2006-02-18,2321,"e"
"Statistik der Sterbefälle","Germany",2006,"19.02.",2006-02-19,2214,"e"
"Statistik der Sterbefälle","Germany",2006,"20.02.",2006-02-20,2403,"e"
"Statistik der Sterbefälle","Germany",2006,"21.02.",2006-02-21,2357,"e"
"Statistik der Sterbefälle","Germany",2006,"22.02.",2006-02-22,2386,"e"
"Statistik der Sterbefälle","Germany",2006,"23.02.",2006-02-23,2312,"e"
"Statistik der Sterbefälle","Germany",2006,"24.02.",2006-02-24,2342,"e"
"Statistik der Sterbefälle","Germany",2006,"25.02.",2006-02-25,2299,"e"
"Statistik der Sterbefälle","Germany",2006,"26.02.",2006-02-26,2208,"e"
"Statistik der Sterbefälle","Germany",2006,"27.02.",2006-02-27,2412,"e"
"Statistik der Sterbefälle","Germany",2006,"28.02.",2006-02-28,2339,"e"
"Statistik der Sterbefälle","Germany",2006,"01.03.",2006-03-01,2417,"e"
"Statistik der Sterbefälle","Germany",2006,"02.03.",2006-03-02,2369,"e"
"Statistik der Sterbefälle","Germany",2006,"03.03.",2006-03-03,2501,"e"
"Statistik der Sterbefälle","Germany",2006,"04.03.",2006-03-04,2434,"e"
"Statistik der Sterbefälle","Germany",2006,"05.03.",2006-03-05,2348,"e"
"Statistik der Sterbefälle","Germany",2006,"06.03.",2006-03-06,2326,"e"
"Statistik der Sterbefälle","Germany",2006,"07.03.",2006-03-07,2366,"e"
"Statistik der Sterbefälle","Germany",2006,"08.03.",2006-03-08,2389,"e"
"Statistik der Sterbefälle","Germany",2006,"09.03.",2006-03-09,2393,"e"
"Statistik der Sterbefälle","Germany",2006,"10.03.",2006-03-10,2539,"e"
"Statistik der Sterbefälle","Germany",2006,"11.03.",2006-03-11,2295,"e"
"Statistik der Sterbefälle","Germany",2006,"12.03.",2006-03-12,2304,"e"
"Statistik der Sterbefälle","Germany",2006,"13.03.",2006-03-13,2315,"e"
"Statistik der Sterbefälle","Germany",2006,"14.03.",2006-03-14,2345,"e"
"Statistik der Sterbefälle","Germany",2006,"15.03.",2006-03-15,2399,"e"
"Statistik der Sterbefälle","Germany",2006,"16.03.",2006-03-16,2339,"e"
"Statistik der Sterbefälle","Germany",2006,"17.03.",2006-03-17,2385,"e"
"Statistik der Sterbefälle","Germany",2006,"18.03.",2006-03-18,2332,"e"
"Statistik der Sterbefälle","Germany",2006,"19.03.",2006-03-19,2281,"e"
"Statistik der Sterbefälle","Germany",2006,"20.03.",2006-03-20,2437,"e"
"Statistik der Sterbefälle","Germany",2006,"21.03.",2006-03-21,2392,"e"
"Statistik der Sterbefälle","Germany",2006,"22.03.",2006-03-22,2329,"e"
"Statistik der Sterbefälle","Germany",2006,"23.03.",2006-03-23,2382,"e"
"Statistik der Sterbefälle","Germany",2006,"24.03.",2006-03-24,2433,"e"
"Statistik der Sterbefälle","Germany",2006,"25.03.",2006-03-25,2446,"e"
"Statistik der Sterbefälle","Germany",2006,"26.03.",2006-03-26,2203,"e"
"Statistik der Sterbefälle","Germany",2006,"27.03.",2006-03-27,2452,"e"
"Statistik der Sterbefälle","Germany",2006,"28.03.",2006-03-28,2436,"e"
"Statistik der Sterbefälle","Germany",2006,"29.03.",2006-03-29,2282,"e"
"Statistik der Sterbefälle","Germany",2006,"30.03.",2006-03-30,2399,"e"
"Statistik der Sterbefälle","Germany",2006,"31.03.",2006-03-31,2412,"e"
"Statistik der Sterbefälle","Germany",2006,"01.04.",2006-04-01,2369,"e"
"Statistik der Sterbefälle","Germany",2006,"02.04.",2006-04-02,2295,"e"
"Statistik der Sterbefälle","Germany",2006,"03.04.",2006-04-03,2385,"e"
"Statistik der Sterbefälle","Germany",2006,"04.04.",2006-04-04,2318,"e"
"Statistik der Sterbefälle","Germany",2006,"05.04.",2006-04-05,2352,"e"
"Statistik der Sterbefälle","Germany",2006,"06.04.",2006-04-06,2235,"e"
"Statistik der Sterbefälle","Germany",2006,"07.04.",2006-04-07,2259,"e"
"Statistik der Sterbefälle","Germany",2006,"08.04.",2006-04-08,2323,"e"
"Statistik der Sterbefälle","Germany",2006,"09.04.",2006-04-09,2241,"e"
"Statistik der Sterbefälle","Germany",2006,"10.04.",2006-04-10,2433,"e"
"Statistik der Sterbefälle","Germany",2006,"11.04.",2006-04-11,2223,"e"
"Statistik der Sterbefälle","Germany",2006,"12.04.",2006-04-12,2262,"e"
"Statistik der Sterbefälle","Germany",2006,"13.04.",2006-04-13,2365,"e"
"Statistik der Sterbefälle","Germany",2006,"14.04.",2006-04-14,2287,"e"
"Statistik der Sterbefälle","Germany",2006,"15.04.",2006-04-15,2273,"e"
"Statistik der Sterbefälle","Germany",2006,"16.04.",2006-04-16,2222,"e"
"Statistik der Sterbefälle","Germany",2006,"17.04.",2006-04-17,2229,"e"
"Statistik der Sterbefälle","Germany",2006,"18.04.",2006-04-18,2238,"e"
"Statistik der Sterbefälle","Germany",2006,"19.04.",2006-04-19,2214,"e"
"Statistik der Sterbefälle","Germany",2006,"20.04.",2006-04-20,2330,"e"
"Statistik der Sterbefälle","Germany",2006,"21.04.",2006-04-21,2198,"e"
"Statistik der Sterbefälle","Germany",2006,"22.04.",2006-04-22,2331,"e"
"Statistik der Sterbefälle","Germany",2006,"23.04.",2006-04-23,2148,"e"
"Statistik der Sterbefälle","Germany",2006,"24.04.",2006-04-24,2302,"e"
"Statistik der Sterbefälle","Germany",2006,"25.04.",2006-04-25,2337,"e"
"Statistik der Sterbefälle","Germany",2006,"26.04.",2006-04-26,2201,"e"
"Statistik der Sterbefälle","Germany",2006,"27.04.",2006-04-27,2219,"e"
"Statistik der Sterbefälle","Germany",2006,"28.04.",2006-04-28,2181,"e"
"Statistik der Sterbefälle","Germany",2006,"29.04.",2006-04-29,2183,"e"
"Statistik der Sterbefälle","Germany",2006,"30.04.",2006-04-30,2152,"e"
"Statistik der Sterbefälle","Germany",2006,"01.05.",2006-05-01,2151,"e"
"Statistik der Sterbefälle","Germany",2006,"02.05.",2006-05-02,2246,"e"
"Statistik der Sterbefälle","Germany",2006,"03.05.",2006-05-03,2286,"e"
"Statistik der Sterbefälle","Germany",2006,"04.05.",2006-05-04,2203,"e"
"Statistik der Sterbefälle","Germany",2006,"05.05.",2006-05-05,2352,"e"
"Statistik der Sterbefälle","Germany",2006,"06.05.",2006-05-06,2266,"e"
"Statistik der Sterbefälle","Germany",2006,"07.05.",2006-05-07,2236,"e"
"Statistik der Sterbefälle","Germany",2006,"08.05.",2006-05-08,2293,"e"
"Statistik der Sterbefälle","Germany",2006,"09.05.",2006-05-09,2365,"e"
"Statistik der Sterbefälle","Germany",2006,"10.05.",2006-05-10,2262,"e"
"Statistik der Sterbefälle","Germany",2006,"11.05.",2006-05-11,2295,"e"
"Statistik der Sterbefälle","Germany",2006,"12.05.",2006-05-12,2280,"e"
"Statistik der Sterbefälle","Germany",2006,"13.05.",2006-05-13,2280,"e"
"Statistik der Sterbefälle","Germany",2006,"14.05.",2006-05-14,2207,"e"
"Statistik der Sterbefälle","Germany",2006,"15.05.",2006-05-15,2161,"e"
"Statistik der Sterbefälle","Germany",2006,"16.05.",2006-05-16,2200,"e"
"Statistik der Sterbefälle","Germany",2006,"17.05.",2006-05-17,2291,"e"
"Statistik der Sterbefälle","Germany",2006,"18.05.",2006-05-18,2200,"e"
"Statistik der Sterbefälle","Germany",2006,"19.05.",2006-05-19,2181,"e"
"Statistik der Sterbefälle","Germany",2006,"20.05.",2006-05-20,2092,"e"
"Statistik der Sterbefälle","Germany",2006,"21.05.",2006-05-21,2031,"e"
"Statistik der Sterbefälle","Germany",2006,"22.05.",2006-05-22,2198,"e"
"Statistik der Sterbefälle","Germany",2006,"23.05.",2006-05-23,2107,"e"
"Statistik der Sterbefälle","Germany",2006,"24.05.",2006-05-24,2110,"e"
"Statistik der Sterbefälle","Germany",2006,"25.05.",2006-05-25,2073,"e"
"Statistik der Sterbefälle","Germany",2006,"26.05.",2006-05-26,2143,"e"
"Statistik der Sterbefälle","Germany",2006,"27.05.",2006-05-27,1991,"e"
"Statistik der Sterbefälle","Germany",2006,"28.05.",2006-05-28,2123,"e"
"Statistik der Sterbefälle","Germany",2006,"29.05.",2006-05-29,2064,"e"
"Statistik der Sterbefälle","Germany",2006,"30.05.",2006-05-30,2033,"e"
"Statistik der Sterbefälle","Germany",2006,"31.05.",2006-05-31,2117,"e"
"Statistik der Sterbefälle","Germany",2006,"01.06.",2006-06-01,2178,"e"
"Statistik der Sterbefälle","Germany",2006,"02.06.",2006-06-02,2195,"e"
"Statistik der Sterbefälle","Germany",2006,"03.06.",2006-06-03,2206,"e"
"Statistik der Sterbefälle","Germany",2006,"04.06.",2006-06-04,2141,"e"
"Statistik der Sterbefälle","Germany",2006,"05.06.",2006-06-05,2078,"e"
"Statistik der Sterbefälle","Germany",2006,"06.06.",2006-06-06,2213,"e"
"Statistik der Sterbefälle","Germany",2006,"07.06.",2006-06-07,2161,"e"
"Statistik der Sterbefälle","Germany",2006,"08.06.",2006-06-08,2170,"e"
"Statistik der Sterbefälle","Germany",2006,"09.06.",2006-06-09,2193,"e"
"Statistik der Sterbefälle","Germany",2006,"10.06.",2006-06-10,2245,"e"
"Statistik der Sterbefälle","Germany",2006,"11.06.",2006-06-11,2260,"e"
"Statistik der Sterbefälle","Germany",2006,"12.06.",2006-06-12,2385,"e"
"Statistik der Sterbefälle","Germany",2006,"13.06.",2006-06-13,2426,"e"
"Statistik der Sterbefälle","Germany",2006,"14.06.",2006-06-14,2558,"e"
"Statistik der Sterbefälle","Germany",2006,"15.06.",2006-06-15,2365,"e"
"Statistik der Sterbefälle","Germany",2006,"16.06.",2006-06-16,2268,"e"
"Statistik der Sterbefälle","Germany",2006,"17.06.",2006-06-17,2172,"e"
"Statistik der Sterbefälle","Germany",2006,"18.06.",2006-06-18,2073,"e"
"Statistik der Sterbefälle","Germany",2006,"19.06.",2006-06-19,2389,"e"
"Statistik der Sterbefälle","Germany",2006,"20.06.",2006-06-20,2232,"e"
"Statistik der Sterbefälle","Germany",2006,"21.06.",2006-06-21,2221,"e"
"Statistik der Sterbefälle","Germany",2006,"22.06.",2006-06-22,2129,"e"
"Statistik der Sterbefälle","Germany",2006,"23.06.",2006-06-23,2060,"e"
"Statistik der Sterbefälle","Germany",2006,"24.06.",2006-06-24,2069,"e"
"Statistik der Sterbefälle","Germany",2006,"25.06.",2006-06-25,2210,"e"
"Statistik der Sterbefälle","Germany",2006,"26.06.",2006-06-26,2326,"e"
"Statistik der Sterbefälle","Germany",2006,"27.06.",2006-06-27,2141,"e"
"Statistik der Sterbefälle","Germany",2006,"28.06.",2006-06-28,2086,"e"
"Statistik der Sterbefälle","Germany",2006,"29.06.",2006-06-29,2017,"e"
"Statistik der Sterbefälle","Germany",2006,"30.06.",2006-06-30,2010,"e"
"Statistik der Sterbefälle","Germany",2006,"01.07.",2006-07-01,2094,"e"
"Statistik der Sterbefälle","Germany",2006,"02.07.",2006-07-02,2080,"e"
"Statistik der Sterbefälle","Germany",2006,"03.07.",2006-07-03,2141,"e"
"Statistik der Sterbefälle","Germany",2006,"04.07.",2006-07-04,2392,"e"
"Statistik der Sterbefälle","Germany",2006,"05.07.",2006-07-05,2429,"e"
"Statistik der Sterbefälle","Germany",2006,"06.07.",2006-07-06,2499,"e"
"Statistik der Sterbefälle","Germany",2006,"07.07.",2006-07-07,2316,"e"
"Statistik der Sterbefälle","Germany",2006,"08.07.",2006-07-08,2091,"e"
"Statistik der Sterbefälle","Germany",2006,"09.07.",2006-07-09,2116,"e"
"Statistik der Sterbefälle","Germany",2006,"10.07.",2006-07-10,2084,"e"
"Statistik der Sterbefälle","Germany",2006,"11.07.",2006-07-11,2292,"e"
"Statistik der Sterbefälle","Germany",2006,"12.07.",2006-07-12,2202,"e"
"Statistik der Sterbefälle","Germany",2006,"13.07.",2006-07-13,2263,"e"
"Statistik der Sterbefälle","Germany",2006,"14.07.",2006-07-14,2187,"e"
"Statistik der Sterbefälle","Germany",2006,"15.07.",2006-07-15,1991,"e"
"Statistik der Sterbefälle","Germany",2006,"16.07.",2006-07-16,2082,"e"
"Statistik der Sterbefälle","Germany",2006,"17.07.",2006-07-17,2173,"e"
"Statistik der Sterbefälle","Germany",2006,"18.07.",2006-07-18,2217,"e"
"Statistik der Sterbefälle","Germany",2006,"19.07.",2006-07-19,2333,"e"
"Statistik der Sterbefälle","Germany",2006,"20.07.",2006-07-20,2613,"e"
"Statistik der Sterbefälle","Germany",2006,"21.07.",2006-07-21,2742,"e"
"Statistik der Sterbefälle","Germany",2006,"22.07.",2006-07-22,2643,"e"
"Statistik der Sterbefälle","Germany",2006,"23.07.",2006-07-23,2512,"e"
"Statistik der Sterbefälle","Germany",2006,"24.07.",2006-07-24,2609,"e"
"Statistik der Sterbefälle","Germany",2006,"25.07.",2006-07-25,2522,"e"
"Statistik der Sterbefälle","Germany",2006,"26.07.",2006-07-26,2745,"e"
"Statistik der Sterbefälle","Germany",2006,"27.07.",2006-07-27,2741,"e"
"Statistik der Sterbefälle","Germany",2006,"28.07.",2006-07-28,2707,"e"
"Statistik der Sterbefälle","Germany",2006,"29.07.",2006-07-29,2430,"e"
"Statistik der Sterbefälle","Germany",2006,"30.07.",2006-07-30,2298,"e"
"Statistik der Sterbefälle","Germany",2006,"31.07.",2006-07-31,2320,"e"
"Statistik der Sterbefälle","Germany",2006,"01.08.",2006-08-01,2199,"e"
"Statistik der Sterbefälle","Germany",2006,"02.08.",2006-08-02,2059,"e"
"Statistik der Sterbefälle","Germany",2006,"03.08.",2006-08-03,2140,"e"
"Statistik der Sterbefälle","Germany",2006,"04.08.",2006-08-04,2091,"e"
"Statistik der Sterbefälle","Germany",2006,"05.08.",2006-08-05,2059,"e"
"Statistik der Sterbefälle","Germany",2006,"06.08.",2006-08-06,2028,"e"
"Statistik der Sterbefälle","Germany",2006,"07.08.",2006-08-07,2164,"e"
"Statistik der Sterbefälle","Germany",2006,"08.08.",2006-08-08,2035,"e"
"Statistik der Sterbefälle","Germany",2006,"09.08.",2006-08-09,2081,"e"
"Statistik der Sterbefälle","Germany",2006,"10.08.",2006-08-10,2045,"e"
"Statistik der Sterbefälle","Germany",2006,"11.08.",2006-08-11,2041,"e"
"Statistik der Sterbefälle","Germany",2006,"12.08.",2006-08-12,2068,"e"
"Statistik der Sterbefälle","Germany",2006,"13.08.",2006-08-13,2034,"e"
"Statistik der Sterbefälle","Germany",2006,"14.08.",2006-08-14,2068,"e"
"Statistik der Sterbefälle","Germany",2006,"15.08.",2006-08-15,2158,"e"
"Statistik der Sterbefälle","Germany",2006,"16.08.",2006-08-16,2155,"e"
"Statistik der Sterbefälle","Germany",2006,"17.08.",2006-08-17,2136,"e"
"Statistik der Sterbefälle","Germany",2006,"18.08.",2006-08-18,2224,"e"
"Statistik der Sterbefälle","Germany",2006,"19.08.",2006-08-19,2144,"e"
"Statistik der Sterbefälle","Germany",2006,"20.08.",2006-08-20,2055,"e"
"Statistik der Sterbefälle","Germany",2006,"21.08.",2006-08-21,2137,"e"
"Statistik der Sterbefälle","Germany",2006,"22.08.",2006-08-22,2183,"e"
"Statistik der Sterbefälle","Germany",2006,"23.08.",2006-08-23,2122,"e"
"Statistik der Sterbefälle","Germany",2006,"24.08.",2006-08-24,2071,"e"
"Statistik der Sterbefälle","Germany",2006,"25.08.",2006-08-25,2115,"e"
"Statistik der Sterbefälle","Germany",2006,"26.08.",2006-08-26,2004,"e"
"Statistik der Sterbefälle","Germany",2006,"27.08.",2006-08-27,2004,"e"
"Statistik der Sterbefälle","Germany",2006,"28.08.",2006-08-28,1999,"e"
"Statistik der Sterbefälle","Germany",2006,"29.08.",2006-08-29,2038,"e"
"Statistik der Sterbefälle","Germany",2006,"30.08.",2006-08-30,2039,"e"
"Statistik der Sterbefälle","Germany",2006,"31.08.",2006-08-31,2081,"e"
"Statistik der Sterbefälle","Germany",2006,"01.09.",2006-09-01,2216,"e"
"Statistik der Sterbefälle","Germany",2006,"02.09.",2006-09-02,2146,"e"
"Statistik der Sterbefälle","Germany",2006,"03.09.",2006-09-03,2171,"e"
"Statistik der Sterbefälle","Germany",2006,"04.09.",2006-09-04,2252,"e"
"Statistik der Sterbefälle","Germany",2006,"05.09.",2006-09-05,2158,"e"
"Statistik der Sterbefälle","Germany",2006,"06.09.",2006-09-06,2153,"e"
"Statistik der Sterbefälle","Germany",2006,"07.09.",2006-09-07,2168,"e"
"Statistik der Sterbefälle","Germany",2006,"08.09.",2006-09-08,2053,"e"
"Statistik der Sterbefälle","Germany",2006,"09.09.",2006-09-09,2051,"e"
"Statistik der Sterbefälle","Germany",2006,"10.09.",2006-09-10,2054,"e"
"Statistik der Sterbefälle","Germany",2006,"11.09.",2006-09-11,2266,"e"
"Statistik der Sterbefälle","Germany",2006,"12.09.",2006-09-12,2208,"e"
"Statistik der Sterbefälle","Germany",2006,"13.09.",2006-09-13,2238,"e"
"Statistik der Sterbefälle","Germany",2006,"14.09.",2006-09-14,2148,"e"
"Statistik der Sterbefälle","Germany",2006,"15.09.",2006-09-15,2246,"e"
"Statistik der Sterbefälle","Germany",2006,"16.09.",2006-09-16,2296,"e"
"Statistik der Sterbefälle","Germany",2006,"17.09.",2006-09-17,2224,"e"
"Statistik der Sterbefälle","Germany",2006,"18.09.",2006-09-18,2239,"e"
"Statistik der Sterbefälle","Germany",2006,"19.09.",2006-09-19,2200,"e"
"Statistik der Sterbefälle","Germany",2006,"20.09.",2006-09-20,2087,"e"
"Statistik der Sterbefälle","Germany",2006,"21.09.",2006-09-21,2127,"e"
"Statistik der Sterbefälle","Germany",2006,"22.09.",2006-09-22,2117,"e"
"Statistik der Sterbefälle","Germany",2006,"23.09.",2006-09-23,2130,"e"
"Statistik der Sterbefälle","Germany",2006,"24.09.",2006-09-24,2083,"e"
"Statistik der Sterbefälle","Germany",2006,"25.09.",2006-09-25,2126,"e"
"Statistik der Sterbefälle","Germany",2006,"26.09.",2006-09-26,2063,"e"
"Statistik der Sterbefälle","Germany",2006,"27.09.",2006-09-27,2074,"e"
"Statistik der Sterbefälle","Germany",2006,"28.09.",2006-09-28,2047,"e"
"Statistik der Sterbefälle","Germany",2006,"29.09.",2006-09-29,2096,"e"
"Statistik der Sterbefälle","Germany",2006,"30.09.",2006-09-30,2065,"e"
"Statistik der Sterbefälle","Germany",2006,"01.10.",2006-10-01,2066,"e"
"Statistik der Sterbefälle","Germany",2006,"02.10.",2006-10-02,2086,"e"
"Statistik der Sterbefälle","Germany",2006,"03.10.",2006-10-03,1982,"e"
"Statistik der Sterbefälle","Germany",2006,"04.10.",2006-10-04,1976,"e"
"Statistik der Sterbefälle","Germany",2006,"05.10.",2006-10-05,2019,"e"
"Statistik der Sterbefälle","Germany",2006,"06.10.",2006-10-06,2056,"e"
"Statistik der Sterbefälle","Germany",2006,"07.10.",2006-10-07,2103,"e"
"Statistik der Sterbefälle","Germany",2006,"08.10.",2006-10-08,1950,"e"
"Statistik der Sterbefälle","Germany",2006,"09.10.",2006-10-09,2062,"e"
"Statistik der Sterbefälle","Germany",2006,"10.10.",2006-10-10,2108,"e"
"Statistik der Sterbefälle","Germany",2006,"11.10.",2006-10-11,2202,"e"
"Statistik der Sterbefälle","Germany",2006,"12.10.",2006-10-12,2144,"e"
"Statistik der Sterbefälle","Germany",2006,"13.10.",2006-10-13,2181,"e"
"Statistik der Sterbefälle","Germany",2006,"14.10.",2006-10-14,2052,"e"
"Statistik der Sterbefälle","Germany",2006,"15.10.",2006-10-15,2002,"e"
"Statistik der Sterbefälle","Germany",2006,"16.10.",2006-10-16,2179,"e"
"Statistik der Sterbefälle","Germany",2006,"17.10.",2006-10-17,2220,"e"
"Statistik der Sterbefälle","Germany",2006,"18.10.",2006-10-18,2186,"e"
"Statistik der Sterbefälle","Germany",2006,"19.10.",2006-10-19,2234,"e"
"Statistik der Sterbefälle","Germany",2006,"20.10.",2006-10-20,2340,"e"
"Statistik der Sterbefälle","Germany",2006,"21.10.",2006-10-21,2210,"e"
"Statistik der Sterbefälle","Germany",2006,"22.10.",2006-10-22,2117,"e"
"Statistik der Sterbefälle","Germany",2006,"23.10.",2006-10-23,2270,"e"
"Statistik der Sterbefälle","Germany",2006,"24.10.",2006-10-24,2199,"e"
"Statistik der Sterbefälle","Germany",2006,"25.10.",2006-10-25,2127,"e"
"Statistik der Sterbefälle","Germany",2006,"26.10.",2006-10-26,2244,"e"
"Statistik der Sterbefälle","Germany",2006,"27.10.",2006-10-27,2180,"e"
"Statistik der Sterbefälle","Germany",2006,"28.10.",2006-10-28,2122,"e"
"Statistik der Sterbefälle","Germany",2006,"29.10.",2006-10-29,2147,"e"
"Statistik der Sterbefälle","Germany",2006,"30.10.",2006-10-30,2056,"e"
"Statistik der Sterbefälle","Germany",2006,"31.10.",2006-10-31,2145,"e"
"Statistik der Sterbefälle","Germany",2006,"01.11.",2006-11-01,2171,"e"
"Statistik der Sterbefälle","Germany",2006,"02.11.",2006-11-02,2179,"e"
"Statistik der Sterbefälle","Germany",2006,"03.11.",2006-11-03,2213,"e"
"Statistik der Sterbefälle","Germany",2006,"04.11.",2006-11-04,2175,"e"
"Statistik der Sterbefälle","Germany",2006,"05.11.",2006-11-05,2189,"e"
"Statistik der Sterbefälle","Germany",2006,"06.11.",2006-11-06,2165,"e"
"Statistik der Sterbefälle","Germany",2006,"07.11.",2006-11-07,2229,"e"
"Statistik der Sterbefälle","Germany",2006,"08.11.",2006-11-08,2266,"e"
"Statistik der Sterbefälle","Germany",2006,"09.11.",2006-11-09,2310,"e"
"Statistik der Sterbefälle","Germany",2006,"10.11.",2006-11-10,2212,"e"
"Statistik der Sterbefälle","Germany",2006,"11.11.",2006-11-11,2310,"e"
"Statistik der Sterbefälle","Germany",2006,"12.11.",2006-11-12,2201,"e"
"Statistik der Sterbefälle","Germany",2006,"13.11.",2006-11-13,2262,"e"
"Statistik der Sterbefälle","Germany",2006,"14.11.",2006-11-14,2286,"e"
"Statistik der Sterbefälle","Germany",2006,"15.11.",2006-11-15,2198,"e"
"Statistik der Sterbefälle","Germany",2006,"16.11.",2006-11-16,2196,"e"
"Statistik der Sterbefälle","Germany",2006,"17.11.",2006-11-17,2278,"e"
"Statistik der Sterbefälle","Germany",2006,"18.11.",2006-11-18,2170,"e"
"Statistik der Sterbefälle","Germany",2006,"19.11.",2006-11-19,2118,"e"
"Statistik der Sterbefälle","Germany",2006,"20.11.",2006-11-20,2257,"e"
"Statistik der Sterbefälle","Germany",2006,"21.11.",2006-11-21,2288,"e"
"Statistik der Sterbefälle","Germany",2006,"22.11.",2006-11-22,2193,"e"
"Statistik der Sterbefälle","Germany",2006,"23.11.",2006-11-23,2242,"e"
"Statistik der Sterbefälle","Germany",2006,"24.11.",2006-11-24,2237,"e"
"Statistik der Sterbefälle","Germany",2006,"25.11.",2006-11-25,2178,"e"
"Statistik der Sterbefälle","Germany",2006,"26.11.",2006-11-26,2074,"e"
"Statistik der Sterbefälle","Germany",2006,"27.11.",2006-11-27,2203,"e"
"Statistik der Sterbefälle","Germany",2006,"28.11.",2006-11-28,2168,"e"
"Statistik der Sterbefälle","Germany",2006,"29.11.",2006-11-29,2157,"e"
"Statistik der Sterbefälle","Germany",2006,"30.11.",2006-11-30,2163,"e"
"Statistik der Sterbefälle","Germany",2006,"01.12.",2006-12-01,2279,"e"
"Statistik der Sterbefälle","Germany",2006,"02.12.",2006-12-02,2239,"e"
"Statistik der Sterbefälle","Germany",2006,"03.12.",2006-12-03,2212,"e"
"Statistik der Sterbefälle","Germany",2006,"04.12.",2006-12-04,2226,"e"
"Statistik der Sterbefälle","Germany",2006,"05.12.",2006-12-05,2301,"e"
"Statistik der Sterbefälle","Germany",2006,"06.12.",2006-12-06,2327,"e"
"Statistik der Sterbefälle","Germany",2006,"07.12.",2006-12-07,2212,"e"
"Statistik der Sterbefälle","Germany",2006,"08.12.",2006-12-08,2349,"e"
"Statistik der Sterbefälle","Germany",2006,"09.12.",2006-12-09,2256,"e"
"Statistik der Sterbefälle","Germany",2006,"10.12.",2006-12-10,2175,"e"
"Statistik der Sterbefälle","Germany",2006,"11.12.",2006-12-11,2170,"e"
"Statistik der Sterbefälle","Germany",2006,"12.12.",2006-12-12,2255,"e"
"Statistik der Sterbefälle","Germany",2006,"13.12.",2006-12-13,2249,"e"
"Statistik der Sterbefälle","Germany",2006,"14.12.",2006-12-14,2254,"e"
"Statistik der Sterbefälle","Germany",2006,"15.12.",2006-12-15,2344,"e"
"Statistik der Sterbefälle","Germany",2006,"16.12.",2006-12-16,2252,"e"
"Statistik der Sterbefälle","Germany",2006,"17.12.",2006-12-17,2176,"e"
"Statistik der Sterbefälle","Germany",2006,"18.12.",2006-12-18,2362,"e"
"Statistik der Sterbefälle","Germany",2006,"19.12.",2006-12-19,2206,"e"
"Statistik der Sterbefälle","Germany",2006,"20.12.",2006-12-20,2232,"e"
"Statistik der Sterbefälle","Germany",2006,"21.12.",2006-12-21,2382,"e"
"Statistik der Sterbefälle","Germany",2006,"22.12.",2006-12-22,2239,"e"
"Statistik der Sterbefälle","Germany",2006,"23.12.",2006-12-23,2222,"e"
"Statistik der Sterbefälle","Germany",2006,"24.12.",2006-12-24,2331,"e"
"Statistik der Sterbefälle","Germany",2006,"25.12.",2006-12-25,2308,"e"
"Statistik der Sterbefälle","Germany",2006,"26.12.",2006-12-26,2230,"e"
"Statistik der Sterbefälle","Germany",2006,"27.12.",2006-12-27,2312,"e"
"Statistik der Sterbefälle","Germany",2006,"28.12.",2006-12-28,2352,"e"
"Statistik der Sterbefälle","Germany",2006,"29.12.",2006-12-29,2412,"e"
"Statistik der Sterbefälle","Germany",2006,"30.12.",2006-12-30,2289,"e"
"Statistik der Sterbefälle","Germany",2006,"31.12.",2006-12-31,2260,"e"
"Statistik der Sterbefälle","Germany",2007,"01.01.",2007-01-01,2480,"e"
"Statistik der Sterbefälle","Germany",2007,"02.01.",2007-01-02,2506,"e"
"Statistik der Sterbefälle","Germany",2007,"03.01.",2007-01-03,2435,"e"
"Statistik der Sterbefälle","Germany",2007,"04.01.",2007-01-04,2412,"e"
"Statistik der Sterbefälle","Germany",2007,"05.01.",2007-01-05,2477,"e"
"Statistik der Sterbefälle","Germany",2007,"06.01.",2007-01-06,2395,"e"
"Statistik der Sterbefälle","Germany",2007,"07.01.",2007-01-07,2240,"e"
"Statistik der Sterbefälle","Germany",2007,"08.01.",2007-01-08,2430,"e"
"Statistik der Sterbefälle","Germany",2007,"09.01.",2007-01-09,2386,"e"
"Statistik der Sterbefälle","Germany",2007,"10.01.",2007-01-10,2459,"e"
"Statistik der Sterbefälle","Germany",2007,"11.01.",2007-01-11,2357,"e"
"Statistik der Sterbefälle","Germany",2007,"12.01.",2007-01-12,2345,"e"
"Statistik der Sterbefälle","Germany",2007,"13.01.",2007-01-13,2185,"e"
"Statistik der Sterbefälle","Germany",2007,"14.01.",2007-01-14,2261,"e"
"Statistik der Sterbefälle","Germany",2007,"15.01.",2007-01-15,2283,"e"
"Statistik der Sterbefälle","Germany",2007,"16.01.",2007-01-16,2337,"e"
"Statistik der Sterbefälle","Germany",2007,"17.01.",2007-01-17,2423,"e"
"Statistik der Sterbefälle","Germany",2007,"18.01.",2007-01-18,2442,"e"
"Statistik der Sterbefälle","Germany",2007,"19.01.",2007-01-19,2394,"e"
"Statistik der Sterbefälle","Germany",2007,"20.01.",2007-01-20,2277,"e"
"Statistik der Sterbefälle","Germany",2007,"21.01.",2007-01-21,2136,"e"
"Statistik der Sterbefälle","Germany",2007,"22.01.",2007-01-22,2321,"e"
"Statistik der Sterbefälle","Germany",2007,"23.01.",2007-01-23,2236,"e"
"Statistik der Sterbefälle","Germany",2007,"24.01.",2007-01-24,2349,"e"
"Statistik der Sterbefälle","Germany",2007,"25.01.",2007-01-25,2316,"e"
"Statistik der Sterbefälle","Germany",2007,"26.01.",2007-01-26,2310,"e"
"Statistik der Sterbefälle","Germany",2007,"27.01.",2007-01-27,2351,"e"
"Statistik der Sterbefälle","Germany",2007,"28.01.",2007-01-28,2178,"e"
"Statistik der Sterbefälle","Germany",2007,"29.01.",2007-01-29,2415,"e"
"Statistik der Sterbefälle","Germany",2007,"30.01.",2007-01-30,2250,"e"
"Statistik der Sterbefälle","Germany",2007,"31.01.",2007-01-31,2279,"e"
"Statistik der Sterbefälle","Germany",2007,"01.02.",2007-02-01,2321,"e"
"Statistik der Sterbefälle","Germany",2007,"02.02.",2007-02-02,2399,"e"
"Statistik der Sterbefälle","Germany",2007,"03.02.",2007-02-03,2222,"e"
"Statistik der Sterbefälle","Germany",2007,"04.02.",2007-02-04,2232,"e"
"Statistik der Sterbefälle","Germany",2007,"05.02.",2007-02-05,2335,"e"
"Statistik der Sterbefälle","Germany",2007,"06.02.",2007-02-06,2417,"e"
"Statistik der Sterbefälle","Germany",2007,"07.02.",2007-02-07,2395,"e"
"Statistik der Sterbefälle","Germany",2007,"08.02.",2007-02-08,2394,"e"
"Statistik der Sterbefälle","Germany",2007,"09.02.",2007-02-09,2356,"e"
"Statistik der Sterbefälle","Germany",2007,"10.02.",2007-02-10,2352,"e"
"Statistik der Sterbefälle","Germany",2007,"11.02.",2007-02-11,2420,"e"
"Statistik der Sterbefälle","Germany",2007,"12.02.",2007-02-12,2498,"e"
"Statistik der Sterbefälle","Germany",2007,"13.02.",2007-02-13,2392,"e"
"Statistik der Sterbefälle","Germany",2007,"14.02.",2007-02-14,2408,"e"
"Statistik der Sterbefälle","Germany",2007,"15.02.",2007-02-15,2401,"e"
"Statistik der Sterbefälle","Germany",2007,"16.02.",2007-02-16,2415,"e"
"Statistik der Sterbefälle","Germany",2007,"17.02.",2007-02-17,2309,"e"
"Statistik der Sterbefälle","Germany",2007,"18.02.",2007-02-18,2291,"e"
"Statistik der Sterbefälle","Germany",2007,"19.02.",2007-02-19,2474,"e"
"Statistik der Sterbefälle","Germany",2007,"20.02.",2007-02-20,2477,"e"
"Statistik der Sterbefälle","Germany",2007,"21.02.",2007-02-21,2520,"e"
"Statistik der Sterbefälle","Germany",2007,"22.02.",2007-02-22,2527,"e"
"Statistik der Sterbefälle","Germany",2007,"23.02.",2007-02-23,2536,"e"
"Statistik der Sterbefälle","Germany",2007,"24.02.",2007-02-24,2414,"e"
"Statistik der Sterbefälle","Germany",2007,"25.02.",2007-02-25,2401,"e"
"Statistik der Sterbefälle","Germany",2007,"26.02.",2007-02-26,2462,"e"
"Statistik der Sterbefälle","Germany",2007,"27.02.",2007-02-27,2441,"e"
"Statistik der Sterbefälle","Germany",2007,"28.02.",2007-02-28,2501,"e"
"Statistik der Sterbefälle","Germany",2007,"01.03.",2007-03-01,2625,"e"
"Statistik der Sterbefälle","Germany",2007,"02.03.",2007-03-02,2587,"e"
"Statistik der Sterbefälle","Germany",2007,"03.03.",2007-03-03,2449,"e"
"Statistik der Sterbefälle","Germany",2007,"04.03.",2007-03-04,2448,"e"
"Statistik der Sterbefälle","Germany",2007,"05.03.",2007-03-05,2553,"e"
"Statistik der Sterbefälle","Germany",2007,"06.03.",2007-03-06,2662,"e"
"Statistik der Sterbefälle","Germany",2007,"07.03.",2007-03-07,2531,"e"
"Statistik der Sterbefälle","Germany",2007,"08.03.",2007-03-08,2473,"e"
"Statistik der Sterbefälle","Germany",2007,"09.03.",2007-03-09,2496,"e"
"Statistik der Sterbefälle","Germany",2007,"10.03.",2007-03-10,2399,"e"
"Statistik der Sterbefälle","Germany",2007,"11.03.",2007-03-11,2296,"e"
"Statistik der Sterbefälle","Germany",2007,"12.03.",2007-03-12,2468,"e"
"Statistik der Sterbefälle","Germany",2007,"13.03.",2007-03-13,2445,"e"
"Statistik der Sterbefälle","Germany",2007,"14.03.",2007-03-14,2440,"e"
"Statistik der Sterbefälle","Germany",2007,"15.03.",2007-03-15,2431,"e"
"Statistik der Sterbefälle","Germany",2007,"16.03.",2007-03-16,2459,"e"
"Statistik der Sterbefälle","Germany",2007,"17.03.",2007-03-17,2444,"e"
"Statistik der Sterbefälle","Germany",2007,"18.03.",2007-03-18,2398,"e"
"Statistik der Sterbefälle","Germany",2007,"19.03.",2007-03-19,2498,"e"
"Statistik der Sterbefälle","Germany",2007,"20.03.",2007-03-20,2583,"e"
"Statistik der Sterbefälle","Germany",2007,"21.03.",2007-03-21,2403,"e"
"Statistik der Sterbefälle","Germany",2007,"22.03.",2007-03-22,2492,"e"
"Statistik der Sterbefälle","Germany",2007,"23.03.",2007-03-23,2479,"e"
"Statistik der Sterbefälle","Germany",2007,"24.03.",2007-03-24,2319,"e"
"Statistik der Sterbefälle","Germany",2007,"25.03.",2007-03-25,2220,"e"
"Statistik der Sterbefälle","Germany",2007,"26.03.",2007-03-26,2456,"e"
"Statistik der Sterbefälle","Germany",2007,"27.03.",2007-03-27,2469,"e"
"Statistik der Sterbefälle","Germany",2007,"28.03.",2007-03-28,2424,"e"
"Statistik der Sterbefälle","Germany",2007,"29.03.",2007-03-29,2430,"e"
"Statistik der Sterbefälle","Germany",2007,"30.03.",2007-03-30,2511,"e"
"Statistik der Sterbefälle","Germany",2007,"31.03.",2007-03-31,2333,"e"
"Statistik der Sterbefälle","Germany",2007,"01.04.",2007-04-01,2371,"e"
"Statistik der Sterbefälle","Germany",2007,"02.04.",2007-04-02,2504,"e"
"Statistik der Sterbefälle","Germany",2007,"03.04.",2007-04-03,2473,"e"
"Statistik der Sterbefälle","Germany",2007,"04.04.",2007-04-04,2436,"e"
"Statistik der Sterbefälle","Germany",2007,"05.04.",2007-04-05,2379,"e"
"Statistik der Sterbefälle","Germany",2007,"06.04.",2007-04-06,2343,"e"
"Statistik der Sterbefälle","Germany",2007,"07.04.",2007-04-07,2245,"e"
"Statistik der Sterbefälle","Germany",2007,"08.04.",2007-04-08,2301,"e"
"Statistik der Sterbefälle","Germany",2007,"09.04.",2007-04-09,2360,"e"
"Statistik der Sterbefälle","Germany",2007,"10.04.",2007-04-10,2434,"e"
"Statistik der Sterbefälle","Germany",2007,"11.04.",2007-04-11,2365,"e"
"Statistik der Sterbefälle","Germany",2007,"12.04.",2007-04-12,2355,"e"
"Statistik der Sterbefälle","Germany",2007,"13.04.",2007-04-13,2362,"e"
"Statistik der Sterbefälle","Germany",2007,"14.04.",2007-04-14,2436,"e"
"Statistik der Sterbefälle","Germany",2007,"15.04.",2007-04-15,2287,"e"
"Statistik der Sterbefälle","Germany",2007,"16.04.",2007-04-16,2456,"e"
"Statistik der Sterbefälle","Germany",2007,"17.04.",2007-04-17,2405,"e"
"Statistik der Sterbefälle","Germany",2007,"18.04.",2007-04-18,2294,"e"
"Statistik der Sterbefälle","Germany",2007,"19.04.",2007-04-19,2218,"e"
"Statistik der Sterbefälle","Germany",2007,"20.04.",2007-04-20,2173,"e"
"Statistik der Sterbefälle","Germany",2007,"21.04.",2007-04-21,2239,"e"
"Statistik der Sterbefälle","Germany",2007,"22.04.",2007-04-22,2129,"e"
"Statistik der Sterbefälle","Germany",2007,"23.04.",2007-04-23,2321,"e"
"Statistik der Sterbefälle","Germany",2007,"24.04.",2007-04-24,2341,"e"
"Statistik der Sterbefälle","Germany",2007,"25.04.",2007-04-25,2331,"e"
"Statistik der Sterbefälle","Germany",2007,"26.04.",2007-04-26,2333,"e"
"Statistik der Sterbefälle","Germany",2007,"27.04.",2007-04-27,2392,"e"
"Statistik der Sterbefälle","Germany",2007,"28.04.",2007-04-28,2301,"e"
"Statistik der Sterbefälle","Germany",2007,"29.04.",2007-04-29,2148,"e"
"Statistik der Sterbefälle","Germany",2007,"30.04.",2007-04-30,2212,"e"
"Statistik der Sterbefälle","Germany",2007,"01.05.",2007-05-01,2199,"e"
"Statistik der Sterbefälle","Germany",2007,"02.05.",2007-05-02,2204,"e"
"Statistik der Sterbefälle","Germany",2007,"03.05.",2007-05-03,2257,"e"
"Statistik der Sterbefälle","Germany",2007,"04.05.",2007-05-04,2303,"e"
"Statistik der Sterbefälle","Germany",2007,"05.05.",2007-05-05,2079,"e"
"Statistik der Sterbefälle","Germany",2007,"06.05.",2007-05-06,2079,"e"
"Statistik der Sterbefälle","Germany",2007,"07.05.",2007-05-07,2282,"e"
"Statistik der Sterbefälle","Germany",2007,"08.05.",2007-05-08,2197,"e"
"Statistik der Sterbefälle","Germany",2007,"09.05.",2007-05-09,2161,"e"
"Statistik der Sterbefälle","Germany",2007,"10.05.",2007-05-10,2146,"e"
"Statistik der Sterbefälle","Germany",2007,"11.05.",2007-05-11,2227,"e"
"Statistik der Sterbefälle","Germany",2007,"12.05.",2007-05-12,2123,"e"
"Statistik der Sterbefälle","Germany",2007,"13.05.",2007-05-13,2098,"e"
"Statistik der Sterbefälle","Germany",2007,"14.05.",2007-05-14,2226,"e"
"Statistik der Sterbefälle","Germany",2007,"15.05.",2007-05-15,2163,"e"
"Statistik der Sterbefälle","Germany",2007,"16.05.",2007-05-16,2096,"e"
"Statistik der Sterbefälle","Germany",2007,"17.05.",2007-05-17,2094,"e"
"Statistik der Sterbefälle","Germany",2007,"18.05.",2007-05-18,2198,"e"
"Statistik der Sterbefälle","Germany",2007,"19.05.",2007-05-19,2169,"e"
"Statistik der Sterbefälle","Germany",2007,"20.05.",2007-05-20,2225,"e"
"Statistik der Sterbefälle","Germany",2007,"21.05.",2007-05-21,2393,"e"
"Statistik der Sterbefälle","Germany",2007,"22.05.",2007-05-22,2348,"e"
"Statistik der Sterbefälle","Germany",2007,"23.05.",2007-05-23,2247,"e"
"Statistik der Sterbefälle","Germany",2007,"24.05.",2007-05-24,2229,"e"
"Statistik der Sterbefälle","Germany",2007,"25.05.",2007-05-25,2304,"e"
"Statistik der Sterbefälle","Germany",2007,"26.05.",2007-05-26,2238,"e"
"Statistik der Sterbefälle","Germany",2007,"27.05.",2007-05-27,2133,"e"
"Statistik der Sterbefälle","Germany",2007,"28.05.",2007-05-28,1955,"e"
"Statistik der Sterbefälle","Germany",2007,"29.05.",2007-05-29,2014,"e"
"Statistik der Sterbefälle","Germany",2007,"30.05.",2007-05-30,2032,"e"
"Statistik der Sterbefälle","Germany",2007,"31.05.",2007-05-31,2081,"e"
"Statistik der Sterbefälle","Germany",2007,"01.06.",2007-06-01,2110,"e"
"Statistik der Sterbefälle","Germany",2007,"02.06.",2007-06-02,2097,"e"
"Statistik der Sterbefälle","Germany",2007,"03.06.",2007-06-03,2086,"e"
"Statistik der Sterbefälle","Germany",2007,"04.06.",2007-06-04,2191,"e"
"Statistik der Sterbefälle","Germany",2007,"05.06.",2007-06-05,2137,"e"
"Statistik der Sterbefälle","Germany",2007,"06.06.",2007-06-06,2232,"e"
"Statistik der Sterbefälle","Germany",2007,"07.06.",2007-06-07,2189,"e"
"Statistik der Sterbefälle","Germany",2007,"08.06.",2007-06-08,2283,"e"
"Statistik der Sterbefälle","Germany",2007,"09.06.",2007-06-09,2297,"e"
"Statistik der Sterbefälle","Germany",2007,"10.06.",2007-06-10,2140,"e"
"Statistik der Sterbefälle","Germany",2007,"11.06.",2007-06-11,2278,"e"
"Statistik der Sterbefälle","Germany",2007,"12.06.",2007-06-12,2215,"e"
"Statistik der Sterbefälle","Germany",2007,"13.06.",2007-06-13,2052,"e"
"Statistik der Sterbefälle","Germany",2007,"14.06.",2007-06-14,2165,"e"
"Statistik der Sterbefälle","Germany",2007,"15.06.",2007-06-15,2205,"e"
"Statistik der Sterbefälle","Germany",2007,"16.06.",2007-06-16,2155,"e"
"Statistik der Sterbefälle","Germany",2007,"17.06.",2007-06-17,1966,"e"
"Statistik der Sterbefälle","Germany",2007,"18.06.",2007-06-18,2157,"e"
"Statistik der Sterbefälle","Germany",2007,"19.06.",2007-06-19,2198,"e"
"Statistik der Sterbefälle","Germany",2007,"20.06.",2007-06-20,2191,"e"
"Statistik der Sterbefälle","Germany",2007,"21.06.",2007-06-21,2185,"e"
"Statistik der Sterbefälle","Germany",2007,"22.06.",2007-06-22,2141,"e"
"Statistik der Sterbefälle","Germany",2007,"23.06.",2007-06-23,1992,"e"
"Statistik der Sterbefälle","Germany",2007,"24.06.",2007-06-24,2013,"e"
"Statistik der Sterbefälle","Germany",2007,"25.06.",2007-06-25,2127,"e"
"Statistik der Sterbefälle","Germany",2007,"26.06.",2007-06-26,2036,"e"
"Statistik der Sterbefälle","Germany",2007,"27.06.",2007-06-27,1946,"e"
"Statistik der Sterbefälle","Germany",2007,"28.06.",2007-06-28,2086,"e"
"Statistik der Sterbefälle","Germany",2007,"29.06.",2007-06-29,2093,"e"
"Statistik der Sterbefälle","Germany",2007,"30.06.",2007-06-30,2070,"e"
"Statistik der Sterbefälle","Germany",2007,"01.07.",2007-07-01,2121,"e"
"Statistik der Sterbefälle","Germany",2007,"02.07.",2007-07-02,2181,"e"
"Statistik der Sterbefälle","Germany",2007,"03.07.",2007-07-03,2122,"e"
"Statistik der Sterbefälle","Germany",2007,"04.07.",2007-07-04,2065,"e"
"Statistik der Sterbefälle","Germany",2007,"05.07.",2007-07-05,2051,"e"
"Statistik der Sterbefälle","Germany",2007,"06.07.",2007-07-06,2131,"e"
"Statistik der Sterbefälle","Germany",2007,"07.07.",2007-07-07,2073,"e"
"Statistik der Sterbefälle","Germany",2007,"08.07.",2007-07-08,2095,"e"
"Statistik der Sterbefälle","Germany",2007,"09.07.",2007-07-09,2096,"e"
"Statistik der Sterbefälle","Germany",2007,"10.07.",2007-07-10,2064,"e"
"Statistik der Sterbefälle","Germany",2007,"11.07.",2007-07-11,2108,"e"
"Statistik der Sterbefälle","Germany",2007,"12.07.",2007-07-12,2082,"e"
"Statistik der Sterbefälle","Germany",2007,"13.07.",2007-07-13,2198,"e"
"Statistik der Sterbefälle","Germany",2007,"14.07.",2007-07-14,2240,"e"
"Statistik der Sterbefälle","Germany",2007,"15.07.",2007-07-15,2325,"e"
"Statistik der Sterbefälle","Germany",2007,"16.07.",2007-07-16,2520,"e"
"Statistik der Sterbefälle","Germany",2007,"17.07.",2007-07-17,2561,"e"
"Statistik der Sterbefälle","Germany",2007,"18.07.",2007-07-18,2271,"e"
"Statistik der Sterbefälle","Germany",2007,"19.07.",2007-07-19,2340,"e"
"Statistik der Sterbefälle","Germany",2007,"20.07.",2007-07-20,2230,"e"
"Statistik der Sterbefälle","Germany",2007,"21.07.",2007-07-21,2210,"e"
"Statistik der Sterbefälle","Germany",2007,"22.07.",2007-07-22,2056,"e"
"Statistik der Sterbefälle","Germany",2007,"23.07.",2007-07-23,2061,"e"
"Statistik der Sterbefälle","Germany",2007,"24.07.",2007-07-24,2092,"e"
"Statistik der Sterbefälle","Germany",2007,"25.07.",2007-07-25,2049,"e"
"Statistik der Sterbefälle","Germany",2007,"26.07.",2007-07-26,2110,"e"
"Statistik der Sterbefälle","Germany",2007,"27.07.",2007-07-27,2138,"e"
"Statistik der Sterbefälle","Germany",2007,"28.07.",2007-07-28,2095,"e"
"Statistik der Sterbefälle","Germany",2007,"29.07.",2007-07-29,2007,"e"
"Statistik der Sterbefälle","Germany",2007,"30.07.",2007-07-30,2037,"e"
"Statistik der Sterbefälle","Germany",2007,"31.07.",2007-07-31,1954,"e"
"Statistik der Sterbefälle","Germany",2007,"01.08.",2007-08-01,2028,"e"
"Statistik der Sterbefälle","Germany",2007,"02.08.",2007-08-02,2070,"e"
"Statistik der Sterbefälle","Germany",2007,"03.08.",2007-08-03,2095,"e"
"Statistik der Sterbefälle","Germany",2007,"04.08.",2007-08-04,2070,"e"
"Statistik der Sterbefälle","Germany",2007,"05.08.",2007-08-05,2079,"e"
"Statistik der Sterbefälle","Germany",2007,"06.08.",2007-08-06,2303,"e"
"Statistik der Sterbefälle","Germany",2007,"07.08.",2007-08-07,2322,"e"
"Statistik der Sterbefälle","Germany",2007,"08.08.",2007-08-08,2132,"e"
"Statistik der Sterbefälle","Germany",2007,"09.08.",2007-08-09,2107,"e"
"Statistik der Sterbefälle","Germany",2007,"10.08.",2007-08-10,2089,"e"
"Statistik der Sterbefälle","Germany",2007,"11.08.",2007-08-11,2089,"e"
"Statistik der Sterbefälle","Germany",2007,"12.08.",2007-08-12,1980,"e"
"Statistik der Sterbefälle","Germany",2007,"13.08.",2007-08-13,2112,"e"
"Statistik der Sterbefälle","Germany",2007,"14.08.",2007-08-14,2124,"e"
"Statistik der Sterbefälle","Germany",2007,"15.08.",2007-08-15,2271,"e"
"Statistik der Sterbefälle","Germany",2007,"16.08.",2007-08-16,2216,"e"
"Statistik der Sterbefälle","Germany",2007,"17.08.",2007-08-17,1938,"e"
"Statistik der Sterbefälle","Germany",2007,"18.08.",2007-08-18,1999,"e"
"Statistik der Sterbefälle","Germany",2007,"19.08.",2007-08-19,1971,"e"
"Statistik der Sterbefälle","Germany",2007,"20.08.",2007-08-20,2123,"e"
"Statistik der Sterbefälle","Germany",2007,"21.08.",2007-08-21,2090,"e"
"Statistik der Sterbefälle","Germany",2007,"22.08.",2007-08-22,2050,"e"
"Statistik der Sterbefälle","Germany",2007,"23.08.",2007-08-23,2012,"e"
"Statistik der Sterbefälle","Germany",2007,"24.08.",2007-08-24,2093,"e"
"Statistik der Sterbefälle","Germany",2007,"25.08.",2007-08-25,2092,"e"
"Statistik der Sterbefälle","Germany",2007,"26.08.",2007-08-26,2056,"e"
"Statistik der Sterbefälle","Germany",2007,"27.08.",2007-08-27,1979,"e"
"Statistik der Sterbefälle","Germany",2007,"28.08.",2007-08-28,2011,"e"
"Statistik der Sterbefälle","Germany",2007,"29.08.",2007-08-29,1923,"e"
"Statistik der Sterbefälle","Germany",2007,"30.08.",2007-08-30,1927,"e"
"Statistik der Sterbefälle","Germany",2007,"31.08.",2007-08-31,2001,"e"
"Statistik der Sterbefälle","Germany",2007,"01.09.",2007-09-01,2022,"e"
"Statistik der Sterbefälle","Germany",2007,"02.09.",2007-09-02,1942,"e"
"Statistik der Sterbefälle","Germany",2007,"03.09.",2007-09-03,2073,"e"
"Statistik der Sterbefälle","Germany",2007,"04.09.",2007-09-04,2042,"e"
"Statistik der Sterbefälle","Germany",2007,"05.09.",2007-09-05,2033,"e"
"Statistik der Sterbefälle","Germany",2007,"06.09.",2007-09-06,2111,"e"
"Statistik der Sterbefälle","Germany",2007,"07.09.",2007-09-07,2106,"e"
"Statistik der Sterbefälle","Germany",2007,"08.09.",2007-09-08,2067,"e"
"Statistik der Sterbefälle","Germany",2007,"09.09.",2007-09-09,2025,"e"
"Statistik der Sterbefälle","Germany",2007,"10.09.",2007-09-10,2167,"e"
"Statistik der Sterbefälle","Germany",2007,"11.09.",2007-09-11,2070,"e"
"Statistik der Sterbefälle","Germany",2007,"12.09.",2007-09-12,2020,"e"
"Statistik der Sterbefälle","Germany",2007,"13.09.",2007-09-13,2051,"e"
"Statistik der Sterbefälle","Germany",2007,"14.09.",2007-09-14,2103,"e"
"Statistik der Sterbefälle","Germany",2007,"15.09.",2007-09-15,2100,"e"
"Statistik der Sterbefälle","Germany",2007,"16.09.",2007-09-16,2038,"e"
"Statistik der Sterbefälle","Germany",2007,"17.09.",2007-09-17,2256,"e"
"Statistik der Sterbefälle","Germany",2007,"18.09.",2007-09-18,2205,"e"
"Statistik der Sterbefälle","Germany",2007,"19.09.",2007-09-19,2041,"e"
"Statistik der Sterbefälle","Germany",2007,"20.09.",2007-09-20,2088,"e"
"Statistik der Sterbefälle","Germany",2007,"21.09.",2007-09-21,2197,"e"
"Statistik der Sterbefälle","Germany",2007,"22.09.",2007-09-22,2107,"e"
"Statistik der Sterbefälle","Germany",2007,"23.09.",2007-09-23,2226,"e"
"Statistik der Sterbefälle","Germany",2007,"24.09.",2007-09-24,2273,"e"
"Statistik der Sterbefälle","Germany",2007,"25.09.",2007-09-25,2176,"e"
"Statistik der Sterbefälle","Germany",2007,"26.09.",2007-09-26,2138,"e"
"Statistik der Sterbefälle","Germany",2007,"27.09.",2007-09-27,2125,"e"
"Statistik der Sterbefälle","Germany",2007,"28.09.",2007-09-28,2103,"e"
"Statistik der Sterbefälle","Germany",2007,"29.09.",2007-09-29,2150,"e"
"Statistik der Sterbefälle","Germany",2007,"30.09.",2007-09-30,2074,"e"
"Statistik der Sterbefälle","Germany",2007,"01.10.",2007-10-01,2144,"e"
"Statistik der Sterbefälle","Germany",2007,"02.10.",2007-10-02,2195,"e"
"Statistik der Sterbefälle","Germany",2007,"03.10.",2007-10-03,2235,"e"
"Statistik der Sterbefälle","Germany",2007,"04.10.",2007-10-04,2250,"e"
"Statistik der Sterbefälle","Germany",2007,"05.10.",2007-10-05,2237,"e"
"Statistik der Sterbefälle","Germany",2007,"06.10.",2007-10-06,2074,"e"
"Statistik der Sterbefälle","Germany",2007,"07.10.",2007-10-07,2068,"e"
"Statistik der Sterbefälle","Germany",2007,"08.10.",2007-10-08,2188,"e"
"Statistik der Sterbefälle","Germany",2007,"09.10.",2007-10-09,2135,"e"
"Statistik der Sterbefälle","Germany",2007,"10.10.",2007-10-10,2229,"e"
"Statistik der Sterbefälle","Germany",2007,"11.10.",2007-10-11,2181,"e"
"Statistik der Sterbefälle","Germany",2007,"12.10.",2007-10-12,2240,"e"
"Statistik der Sterbefälle","Germany",2007,"13.10.",2007-10-13,2098,"e"
"Statistik der Sterbefälle","Germany",2007,"14.10.",2007-10-14,2020,"e"
"Statistik der Sterbefälle","Germany",2007,"15.10.",2007-10-15,2181,"e"
"Statistik der Sterbefälle","Germany",2007,"16.10.",2007-10-16,2246,"e"
"Statistik der Sterbefälle","Germany",2007,"17.10.",2007-10-17,2304,"e"
"Statistik der Sterbefälle","Germany",2007,"18.10.",2007-10-18,2164,"e"
"Statistik der Sterbefälle","Germany",2007,"19.10.",2007-10-19,2197,"e"
"Statistik der Sterbefälle","Germany",2007,"20.10.",2007-10-20,2151,"e"
"Statistik der Sterbefälle","Germany",2007,"21.10.",2007-10-21,2206,"e"
"Statistik der Sterbefälle","Germany",2007,"22.10.",2007-10-22,2271,"e"
"Statistik der Sterbefälle","Germany",2007,"23.10.",2007-10-23,2310,"e"
"Statistik der Sterbefälle","Germany",2007,"24.10.",2007-10-24,2275,"e"
"Statistik der Sterbefälle","Germany",2007,"25.10.",2007-10-25,2304,"e"
"Statistik der Sterbefälle","Germany",2007,"26.10.",2007-10-26,2273,"e"
"Statistik der Sterbefälle","Germany",2007,"27.10.",2007-10-27,2273,"e"
"Statistik der Sterbefälle","Germany",2007,"28.10.",2007-10-28,2289,"e"
"Statistik der Sterbefälle","Germany",2007,"29.10.",2007-10-29,2349,"e"
"Statistik der Sterbefälle","Germany",2007,"30.10.",2007-10-30,2344,"e"
"Statistik der Sterbefälle","Germany",2007,"31.10.",2007-10-31,2275,"e"
"Statistik der Sterbefälle","Germany",2007,"01.11.",2007-11-01,2269,"e"
"Statistik der Sterbefälle","Germany",2007,"02.11.",2007-11-02,2295,"e"
"Statistik der Sterbefälle","Germany",2007,"03.11.",2007-11-03,2298,"e"
"Statistik der Sterbefälle","Germany",2007,"04.11.",2007-11-04,2186,"e"
"Statistik der Sterbefälle","Germany",2007,"05.11.",2007-11-05,2247,"e"
"Statistik der Sterbefälle","Germany",2007,"06.11.",2007-11-06,2235,"e"
"Statistik der Sterbefälle","Germany",2007,"07.11.",2007-11-07,2282,"e"
"Statistik der Sterbefälle","Germany",2007,"08.11.",2007-11-08,2383,"e"
"Statistik der Sterbefälle","Germany",2007,"09.11.",2007-11-09,2401,"e"
"Statistik der Sterbefälle","Germany",2007,"10.11.",2007-11-10,2316,"e"
"Statistik der Sterbefälle","Germany",2007,"11.11.",2007-11-11,2349,"e"
"Statistik der Sterbefälle","Germany",2007,"12.11.",2007-11-12,2288,"e"
"Statistik der Sterbefälle","Germany",2007,"13.11.",2007-11-13,2238,"e"
"Statistik der Sterbefälle","Germany",2007,"14.11.",2007-11-14,2323,"e"
"Statistik der Sterbefälle","Germany",2007,"15.11.",2007-11-15,2443,"e"
"Statistik der Sterbefälle","Germany",2007,"16.11.",2007-11-16,2298,"e"
"Statistik der Sterbefälle","Germany",2007,"17.11.",2007-11-17,2249,"e"
"Statistik der Sterbefälle","Germany",2007,"18.11.",2007-11-18,2233,"e"
"Statistik der Sterbefälle","Germany",2007,"19.11.",2007-11-19,2347,"e"
"Statistik der Sterbefälle","Germany",2007,"20.11.",2007-11-20,2297,"e"
"Statistik der Sterbefälle","Germany",2007,"21.11.",2007-11-21,2434,"e"
"Statistik der Sterbefälle","Germany",2007,"22.11.",2007-11-22,2431,"e"
"Statistik der Sterbefälle","Germany",2007,"23.11.",2007-11-23,2439,"e"
"Statistik der Sterbefälle","Germany",2007,"24.11.",2007-11-24,2418,"e"
"Statistik der Sterbefälle","Germany",2007,"25.11.",2007-11-25,2269,"e"
"Statistik der Sterbefälle","Germany",2007,"26.11.",2007-11-26,2327,"e"
"Statistik der Sterbefälle","Germany",2007,"27.11.",2007-11-27,2428,"e"
"Statistik der Sterbefälle","Germany",2007,"28.11.",2007-11-28,2419,"e"
"Statistik der Sterbefälle","Germany",2007,"29.11.",2007-11-29,2426,"e"
"Statistik der Sterbefälle","Germany",2007,"30.11.",2007-11-30,2494,"e"
"Statistik der Sterbefälle","Germany",2007,"01.12.",2007-12-01,2491,"e"
"Statistik der Sterbefälle","Germany",2007,"02.12.",2007-12-02,2388,"e"
"Statistik der Sterbefälle","Germany",2007,"03.12.",2007-12-03,2569,"e"
"Statistik der Sterbefälle","Germany",2007,"04.12.",2007-12-04,2475,"e"
"Statistik der Sterbefälle","Germany",2007,"05.12.",2007-12-05,2400,"e"
"Statistik der Sterbefälle","Germany",2007,"06.12.",2007-12-06,2509,"e"
"Statistik der Sterbefälle","Germany",2007,"07.12.",2007-12-07,2565,"e"
"Statistik der Sterbefälle","Germany",2007,"08.12.",2007-12-08,2403,"e"
"Statistik der Sterbefälle","Germany",2007,"09.12.",2007-12-09,2451,"e"
"Statistik der Sterbefälle","Germany",2007,"10.12.",2007-12-10,2475,"e"
"Statistik der Sterbefälle","Germany",2007,"11.12.",2007-12-11,2354,"e"
"Statistik der Sterbefälle","Germany",2007,"12.12.",2007-12-12,2358,"e"
"Statistik der Sterbefälle","Germany",2007,"13.12.",2007-12-13,2353,"e"
"Statistik der Sterbefälle","Germany",2007,"14.12.",2007-12-14,2443,"e"
"Statistik der Sterbefälle","Germany",2007,"15.12.",2007-12-15,2363,"e"
"Statistik der Sterbefälle","Germany",2007,"16.12.",2007-12-16,2267,"e"
"Statistik der Sterbefälle","Germany",2007,"17.12.",2007-12-17,2487,"e"
"Statistik der Sterbefälle","Germany",2007,"18.12.",2007-12-18,2422,"e"
"Statistik der Sterbefälle","Germany",2007,"19.12.",2007-12-19,2407,"e"
"Statistik der Sterbefälle","Germany",2007,"20.12.",2007-12-20,2434,"e"
"Statistik der Sterbefälle","Germany",2007,"21.12.",2007-12-21,2562,"e"
"Statistik der Sterbefälle","Germany",2007,"22.12.",2007-12-22,2513,"e"
"Statistik der Sterbefälle","Germany",2007,"23.12.",2007-12-23,2476,"e"
"Statistik der Sterbefälle","Germany",2007,"24.12.",2007-12-24,2561,"e"
"Statistik der Sterbefälle","Germany",2007,"25.12.",2007-12-25,2494,"e"
"Statistik der Sterbefälle","Germany",2007,"26.12.",2007-12-26,2631,"e"
"Statistik der Sterbefälle","Germany",2007,"27.12.",2007-12-27,2619,"e"
"Statistik der Sterbefälle","Germany",2007,"28.12.",2007-12-28,2588,"e"
"Statistik der Sterbefälle","Germany",2007,"29.12.",2007-12-29,2560,"e"
"Statistik der Sterbefälle","Germany",2007,"30.12.",2007-12-30,2435,"e"
"Statistik der Sterbefälle","Germany",2007,"31.12.",2007-12-31,2497,"e"
"Statistik der Sterbefälle","Germany",2008,"01.01.",2008-01-01,2584,"e"
"Statistik der Sterbefälle","Germany",2008,"02.01.",2008-01-02,2646,"e"
"Statistik der Sterbefälle","Germany",2008,"03.01.",2008-01-03,2706,"e"
"Statistik der Sterbefälle","Germany",2008,"04.01.",2008-01-04,2675,"e"
"Statistik der Sterbefälle","Germany",2008,"05.01.",2008-01-05,2636,"e"
"Statistik der Sterbefälle","Germany",2008,"06.01.",2008-01-06,2650,"e"
"Statistik der Sterbefälle","Germany",2008,"07.01.",2008-01-07,2777,"e"
"Statistik der Sterbefälle","Germany",2008,"08.01.",2008-01-08,2708,"e"
"Statistik der Sterbefälle","Germany",2008,"09.01.",2008-01-09,2690,"e"
"Statistik der Sterbefälle","Germany",2008,"10.01.",2008-01-10,2599,"e"
"Statistik der Sterbefälle","Germany",2008,"11.01.",2008-01-11,2723,"e"
"Statistik der Sterbefälle","Germany",2008,"12.01.",2008-01-12,2618,"e"
"Statistik der Sterbefälle","Germany",2008,"13.01.",2008-01-13,2412,"e"
"Statistik der Sterbefälle","Germany",2008,"14.01.",2008-01-14,2587,"e"
"Statistik der Sterbefälle","Germany",2008,"15.01.",2008-01-15,2704,"e"
"Statistik der Sterbefälle","Germany",2008,"16.01.",2008-01-16,2669,"e"
"Statistik der Sterbefälle","Germany",2008,"17.01.",2008-01-17,2557,"e"
"Statistik der Sterbefälle","Germany",2008,"18.01.",2008-01-18,2612,"e"
"Statistik der Sterbefälle","Germany",2008,"19.01.",2008-01-19,2588,"e"
"Statistik der Sterbefälle","Germany",2008,"20.01.",2008-01-20,2453,"e"
"Statistik der Sterbefälle","Germany",2008,"21.01.",2008-01-21,2564,"e"
"Statistik der Sterbefälle","Germany",2008,"22.01.",2008-01-22,2550,"e"
"Statistik der Sterbefälle","Germany",2008,"23.01.",2008-01-23,2383,"e"
"Statistik der Sterbefälle","Germany",2008,"24.01.",2008-01-24,2393,"e"
"Statistik der Sterbefälle","Germany",2008,"25.01.",2008-01-25,2438,"e"
"Statistik der Sterbefälle","Germany",2008,"26.01.",2008-01-26,2468,"e"
"Statistik der Sterbefälle","Germany",2008,"27.01.",2008-01-27,2329,"e"
"Statistik der Sterbefälle","Germany",2008,"28.01.",2008-01-28,2479,"e"
"Statistik der Sterbefälle","Germany",2008,"29.01.",2008-01-29,2399,"e"
"Statistik der Sterbefälle","Germany",2008,"30.01.",2008-01-30,2430,"e"
"Statistik der Sterbefälle","Germany",2008,"31.01.",2008-01-31,2510,"e"
"Statistik der Sterbefälle","Germany",2008,"01.02.",2008-02-01,2447,"e"
"Statistik der Sterbefälle","Germany",2008,"02.02.",2008-02-02,2386,"e"
"Statistik der Sterbefälle","Germany",2008,"03.02.",2008-02-03,2453,"e"
"Statistik der Sterbefälle","Germany",2008,"04.02.",2008-02-04,2543,"e"
"Statistik der Sterbefälle","Germany",2008,"05.02.",2008-02-05,2494,"e"
"Statistik der Sterbefälle","Germany",2008,"06.02.",2008-02-06,2400,"e"
"Statistik der Sterbefälle","Germany",2008,"07.02.",2008-02-07,2361,"e"
"Statistik der Sterbefälle","Germany",2008,"08.02.",2008-02-08,2506,"e"
"Statistik der Sterbefälle","Germany",2008,"09.02.",2008-02-09,2331,"e"
"Statistik der Sterbefälle","Germany",2008,"10.02.",2008-02-10,2371,"e"
"Statistik der Sterbefälle","Germany",2008,"11.02.",2008-02-11,2411,"e"
"Statistik der Sterbefälle","Germany",2008,"12.02.",2008-02-12,2378,"e"
"Statistik der Sterbefälle","Germany",2008,"13.02.",2008-02-13,2390,"e"
"Statistik der Sterbefälle","Germany",2008,"14.02.",2008-02-14,2446,"e"
"Statistik der Sterbefälle","Germany",2008,"15.02.",2008-02-15,2528,"e"
"Statistik der Sterbefälle","Germany",2008,"16.02.",2008-02-16,2348,"e"
"Statistik der Sterbefälle","Germany",2008,"17.02.",2008-02-17,2291,"e"
"Statistik der Sterbefälle","Germany",2008,"18.02.",2008-02-18,2563,"e"
"Statistik der Sterbefälle","Germany",2008,"19.02.",2008-02-19,2535,"e"
"Statistik der Sterbefälle","Germany",2008,"20.02.",2008-02-20,2516,"e"
"Statistik der Sterbefälle","Germany",2008,"21.02.",2008-02-21,2530,"e"
"Statistik der Sterbefälle","Germany",2008,"22.02.",2008-02-22,2515,"e"
"Statistik der Sterbefälle","Germany",2008,"23.02.",2008-02-23,2536,"e"
"Statistik der Sterbefälle","Germany",2008,"24.02.",2008-02-24,2487,"e"
"Statistik der Sterbefälle","Germany",2008,"25.02.",2008-02-25,2434,"e"
"Statistik der Sterbefälle","Germany",2008,"26.02.",2008-02-26,2540,"e"
"Statistik der Sterbefälle","Germany",2008,"27.02.",2008-02-27,2425,"e"
"Statistik der Sterbefälle","Germany",2008,"28.02.",2008-02-28,2408,"e"
"Statistik der Sterbefälle","Germany",2008,"29.02.",2008-02-29,2452,"e"
"Statistik der Sterbefälle","Germany",2008,"01.03.",2008-03-01,2541,"e"
"Statistik der Sterbefälle","Germany",2008,"02.03.",2008-03-02,2424,"e"
"Statistik der Sterbefälle","Germany",2008,"03.03.",2008-03-03,2476,"e"
"Statistik der Sterbefälle","Germany",2008,"04.03.",2008-03-04,2474,"e"
"Statistik der Sterbefälle","Germany",2008,"05.03.",2008-03-05,2400,"e"
"Statistik der Sterbefälle","Germany",2008,"06.03.",2008-03-06,2562,"e"
"Statistik der Sterbefälle","Germany",2008,"07.03.",2008-03-07,2453,"e"
"Statistik der Sterbefälle","Germany",2008,"08.03.",2008-03-08,2516,"e"
"Statistik der Sterbefälle","Germany",2008,"09.03.",2008-03-09,2324,"e"
"Statistik der Sterbefälle","Germany",2008,"10.03.",2008-03-10,2586,"e"
"Statistik der Sterbefälle","Germany",2008,"11.03.",2008-03-11,2523,"e"
"Statistik der Sterbefälle","Germany",2008,"12.03.",2008-03-12,2535,"e"
"Statistik der Sterbefälle","Germany",2008,"13.03.",2008-03-13,2563,"e"
"Statistik der Sterbefälle","Germany",2008,"14.03.",2008-03-14,2375,"e"
"Statistik der Sterbefälle","Germany",2008,"15.03.",2008-03-15,2473,"e"
"Statistik der Sterbefälle","Germany",2008,"16.03.",2008-03-16,2394,"e"
"Statistik der Sterbefälle","Germany",2008,"17.03.",2008-03-17,2453,"e"
"Statistik der Sterbefälle","Germany",2008,"18.03.",2008-03-18,2404,"e"
"Statistik der Sterbefälle","Germany",2008,"19.03.",2008-03-19,2433,"e"
"Statistik der Sterbefälle","Germany",2008,"20.03.",2008-03-20,2398,"e"
"Statistik der Sterbefälle","Germany",2008,"21.03.",2008-03-21,2533,"e"
"Statistik der Sterbefälle","Germany",2008,"22.03.",2008-03-22,2484,"e"
"Statistik der Sterbefälle","Germany",2008,"23.03.",2008-03-23,2329,"e"
"Statistik der Sterbefälle","Germany",2008,"24.03.",2008-03-24,2396,"e"
"Statistik der Sterbefälle","Germany",2008,"25.03.",2008-03-25,2538,"e"
"Statistik der Sterbefälle","Germany",2008,"26.03.",2008-03-26,2442,"e"
"Statistik der Sterbefälle","Germany",2008,"27.03.",2008-03-27,2427,"e"
"Statistik der Sterbefälle","Germany",2008,"28.03.",2008-03-28,2472,"e"
"Statistik der Sterbefälle","Germany",2008,"29.03.",2008-03-29,2382,"e"
"Statistik der Sterbefälle","Germany",2008,"30.03.",2008-03-30,2277,"e"
"Statistik der Sterbefälle","Germany",2008,"31.03.",2008-03-31,2477,"e"
"Statistik der Sterbefälle","Germany",2008,"01.04.",2008-04-01,2508,"e"
"Statistik der Sterbefälle","Germany",2008,"02.04.",2008-04-02,2475,"e"
"Statistik der Sterbefälle","Germany",2008,"03.04.",2008-04-03,2436,"e"
"Statistik der Sterbefälle","Germany",2008,"04.04.",2008-04-04,2446,"e"
"Statistik der Sterbefälle","Germany",2008,"05.04.",2008-04-05,2446,"e"
"Statistik der Sterbefälle","Germany",2008,"06.04.",2008-04-06,2353,"e"
"Statistik der Sterbefälle","Germany",2008,"07.04.",2008-04-07,2332,"e"
"Statistik der Sterbefälle","Germany",2008,"08.04.",2008-04-08,2301,"e"
"Statistik der Sterbefälle","Germany",2008,"09.04.",2008-04-09,2368,"e"
"Statistik der Sterbefälle","Germany",2008,"10.04.",2008-04-10,2356,"e"
"Statistik der Sterbefälle","Germany",2008,"11.04.",2008-04-11,2463,"e"
"Statistik der Sterbefälle","Germany",2008,"12.04.",2008-04-12,2390,"e"
"Statistik der Sterbefälle","Germany",2008,"13.04.",2008-04-13,2284,"e"
"Statistik der Sterbefälle","Germany",2008,"14.04.",2008-04-14,2425,"e"
"Statistik der Sterbefälle","Germany",2008,"15.04.",2008-04-15,2220,"e"
"Statistik der Sterbefälle","Germany",2008,"16.04.",2008-04-16,2349,"e"
"Statistik der Sterbefälle","Germany",2008,"17.04.",2008-04-17,2399,"e"
"Statistik der Sterbefälle","Germany",2008,"18.04.",2008-04-18,2388,"e"
"Statistik der Sterbefälle","Germany",2008,"19.04.",2008-04-19,2437,"e"
"Statistik der Sterbefälle","Germany",2008,"20.04.",2008-04-20,2392,"e"
"Statistik der Sterbefälle","Germany",2008,"21.04.",2008-04-21,2323,"e"
"Statistik der Sterbefälle","Germany",2008,"22.04.",2008-04-22,2390,"e"
"Statistik der Sterbefälle","Germany",2008,"23.04.",2008-04-23,2409,"e"
"Statistik der Sterbefälle","Germany",2008,"24.04.",2008-04-24,2322,"e"
"Statistik der Sterbefälle","Germany",2008,"25.04.",2008-04-25,2316,"e"
"Statistik der Sterbefälle","Germany",2008,"26.04.",2008-04-26,2271,"e"
"Statistik der Sterbefälle","Germany",2008,"27.04.",2008-04-27,2309,"e"
"Statistik der Sterbefälle","Germany",2008,"28.04.",2008-04-28,2352,"e"
"Statistik der Sterbefälle","Germany",2008,"29.04.",2008-04-29,2318,"e"
"Statistik der Sterbefälle","Germany",2008,"30.04.",2008-04-30,2370,"e"
"Statistik der Sterbefälle","Germany",2008,"01.05.",2008-05-01,2289,"e"
"Statistik der Sterbefälle","Germany",2008,"02.05.",2008-05-02,2270,"e"
"Statistik der Sterbefälle","Germany",2008,"03.05.",2008-05-03,2166,"e"
"Statistik der Sterbefälle","Germany",2008,"04.05.",2008-05-04,2174,"e"
"Statistik der Sterbefälle","Germany",2008,"05.05.",2008-05-05,2297,"e"
"Statistik der Sterbefälle","Germany",2008,"06.05.",2008-05-06,2353,"e"
"Statistik der Sterbefälle","Germany",2008,"07.05.",2008-05-07,2390,"e"
"Statistik der Sterbefälle","Germany",2008,"08.05.",2008-05-08,2306,"e"
"Statistik der Sterbefälle","Germany",2008,"09.05.",2008-05-09,2419,"e"
"Statistik der Sterbefälle","Germany",2008,"10.05.",2008-05-10,2327,"e"
"Statistik der Sterbefälle","Germany",2008,"11.05.",2008-05-11,2292,"e"
"Statistik der Sterbefälle","Germany",2008,"12.05.",2008-05-12,2220,"e"
"Statistik der Sterbefälle","Germany",2008,"13.05.",2008-05-13,2333,"e"
"Statistik der Sterbefälle","Germany",2008,"14.05.",2008-05-14,2332,"e"
"Statistik der Sterbefälle","Germany",2008,"15.05.",2008-05-15,2291,"e"
"Statistik der Sterbefälle","Germany",2008,"16.05.",2008-05-16,2300,"e"
"Statistik der Sterbefälle","Germany",2008,"17.05.",2008-05-17,2248,"e"
"Statistik der Sterbefälle","Germany",2008,"18.05.",2008-05-18,2175,"e"
"Statistik der Sterbefälle","Germany",2008,"19.05.",2008-05-19,2140,"e"
"Statistik der Sterbefälle","Germany",2008,"20.05.",2008-05-20,2126,"e"
"Statistik der Sterbefälle","Germany",2008,"21.05.",2008-05-21,2155,"e"
"Statistik der Sterbefälle","Germany",2008,"22.05.",2008-05-22,2175,"e"
"Statistik der Sterbefälle","Germany",2008,"23.05.",2008-05-23,2297,"e"
"Statistik der Sterbefälle","Germany",2008,"24.05.",2008-05-24,2161,"e"
"Statistik der Sterbefälle","Germany",2008,"25.05.",2008-05-25,2149,"e"
"Statistik der Sterbefälle","Germany",2008,"26.05.",2008-05-26,2239,"e"
"Statistik der Sterbefälle","Germany",2008,"27.05.",2008-05-27,2329,"e"
"Statistik der Sterbefälle","Germany",2008,"28.05.",2008-05-28,2309,"e"
"Statistik der Sterbefälle","Germany",2008,"29.05.",2008-05-29,2372,"e"
"Statistik der Sterbefälle","Germany",2008,"30.05.",2008-05-30,2334,"e"
"Statistik der Sterbefälle","Germany",2008,"31.05.",2008-05-31,2261,"e"
"Statistik der Sterbefälle","Germany",2008,"01.06.",2008-06-01,2154,"e"
"Statistik der Sterbefälle","Germany",2008,"02.06.",2008-06-02,2269,"e"
"Statistik der Sterbefälle","Germany",2008,"03.06.",2008-06-03,2316,"e"
"Statistik der Sterbefälle","Germany",2008,"04.06.",2008-06-04,2256,"e"
"Statistik der Sterbefälle","Germany",2008,"05.06.",2008-06-05,2118,"e"
"Statistik der Sterbefälle","Germany",2008,"06.06.",2008-06-06,2158,"e"
"Statistik der Sterbefälle","Germany",2008,"07.06.",2008-06-07,2023,"e"
"Statistik der Sterbefälle","Germany",2008,"08.06.",2008-06-08,2055,"e"
"Statistik der Sterbefälle","Germany",2008,"09.06.",2008-06-09,2167,"e"
"Statistik der Sterbefälle","Germany",2008,"10.06.",2008-06-10,2161,"e"
"Statistik der Sterbefälle","Germany",2008,"11.06.",2008-06-11,2103,"e"
"Statistik der Sterbefälle","Germany",2008,"12.06.",2008-06-12,1996,"e"
"Statistik der Sterbefälle","Germany",2008,"13.06.",2008-06-13,2155,"e"
"Statistik der Sterbefälle","Germany",2008,"14.06.",2008-06-14,2009,"e"
"Statistik der Sterbefälle","Germany",2008,"15.06.",2008-06-15,1996,"e"
"Statistik der Sterbefälle","Germany",2008,"16.06.",2008-06-16,2073,"e"
"Statistik der Sterbefälle","Germany",2008,"17.06.",2008-06-17,2116,"e"
"Statistik der Sterbefälle","Germany",2008,"18.06.",2008-06-18,2229,"e"
"Statistik der Sterbefälle","Germany",2008,"19.06.",2008-06-19,2140,"e"
"Statistik der Sterbefälle","Germany",2008,"20.06.",2008-06-20,2204,"e"
"Statistik der Sterbefälle","Germany",2008,"21.06.",2008-06-21,2154,"e"
"Statistik der Sterbefälle","Germany",2008,"22.06.",2008-06-22,2316,"e"
"Statistik der Sterbefälle","Germany",2008,"23.06.",2008-06-23,2276,"e"
"Statistik der Sterbefälle","Germany",2008,"24.06.",2008-06-24,2147,"e"
"Statistik der Sterbefälle","Germany",2008,"25.06.",2008-06-25,2204,"e"
"Statistik der Sterbefälle","Germany",2008,"26.06.",2008-06-26,2135,"e"
"Statistik der Sterbefälle","Germany",2008,"27.06.",2008-06-27,2156,"e"
"Statistik der Sterbefälle","Germany",2008,"28.06.",2008-06-28,2071,"e"
"Statistik der Sterbefälle","Germany",2008,"29.06.",2008-06-29,2105,"e"
"Statistik der Sterbefälle","Germany",2008,"30.06.",2008-06-30,2136,"e"
"Statistik der Sterbefälle","Germany",2008,"01.07.",2008-07-01,2207,"e"
"Statistik der Sterbefälle","Germany",2008,"02.07.",2008-07-02,2269,"e"
"Statistik der Sterbefälle","Germany",2008,"03.07.",2008-07-03,2374,"e"
"Statistik der Sterbefälle","Germany",2008,"04.07.",2008-07-04,2215,"e"
"Statistik der Sterbefälle","Germany",2008,"05.07.",2008-07-05,2113,"e"
"Statistik der Sterbefälle","Germany",2008,"06.07.",2008-07-06,2066,"e"
"Statistik der Sterbefälle","Germany",2008,"07.07.",2008-07-07,2225,"e"
"Statistik der Sterbefälle","Germany",2008,"08.07.",2008-07-08,2037,"e"
"Statistik der Sterbefälle","Germany",2008,"09.07.",2008-07-09,2043,"e"
"Statistik der Sterbefälle","Germany",2008,"10.07.",2008-07-10,2136,"e"
"Statistik der Sterbefälle","Germany",2008,"11.07.",2008-07-11,2214,"e"
"Statistik der Sterbefälle","Germany",2008,"12.07.",2008-07-12,2015,"e"
"Statistik der Sterbefälle","Germany",2008,"13.07.",2008-07-13,2013,"e"
"Statistik der Sterbefälle","Germany",2008,"14.07.",2008-07-14,1966,"e"
"Statistik der Sterbefälle","Germany",2008,"15.07.",2008-07-15,2094,"e"
"Statistik der Sterbefälle","Germany",2008,"16.07.",2008-07-16,2274,"e"
"Statistik der Sterbefälle","Germany",2008,"17.07.",2008-07-17,2108,"e"
"Statistik der Sterbefälle","Germany",2008,"18.07.",2008-07-18,2016,"e"
"Statistik der Sterbefälle","Germany",2008,"19.07.",2008-07-19,2116,"e"
"Statistik der Sterbefälle","Germany",2008,"20.07.",2008-07-20,1951,"e"
"Statistik der Sterbefälle","Germany",2008,"21.07.",2008-07-21,2025,"e"
"Statistik der Sterbefälle","Germany",2008,"22.07.",2008-07-22,1931,"e"
"Statistik der Sterbefälle","Germany",2008,"23.07.",2008-07-23,2067,"e"
"Statistik der Sterbefälle","Germany",2008,"24.07.",2008-07-24,2128,"e"
"Statistik der Sterbefälle","Germany",2008,"25.07.",2008-07-25,2225,"e"
"Statistik der Sterbefälle","Germany",2008,"26.07.",2008-07-26,2225,"e"
"Statistik der Sterbefälle","Germany",2008,"27.07.",2008-07-27,2292,"e"
"Statistik der Sterbefälle","Germany",2008,"28.07.",2008-07-28,2365,"e"
"Statistik der Sterbefälle","Germany",2008,"29.07.",2008-07-29,2365,"e"
"Statistik der Sterbefälle","Germany",2008,"30.07.",2008-07-30,2325,"e"
"Statistik der Sterbefälle","Germany",2008,"31.07.",2008-07-31,2315,"e"
"Statistik der Sterbefälle","Germany",2008,"01.08.",2008-08-01,2419,"e"
"Statistik der Sterbefälle","Germany",2008,"02.08.",2008-08-02,2292,"e"
"Statistik der Sterbefälle","Germany",2008,"03.08.",2008-08-03,2157,"e"
"Statistik der Sterbefälle","Germany",2008,"04.08.",2008-08-04,2091,"e"
"Statistik der Sterbefälle","Germany",2008,"05.08.",2008-08-05,2173,"e"
"Statistik der Sterbefälle","Germany",2008,"06.08.",2008-08-06,2175,"e"
"Statistik der Sterbefälle","Germany",2008,"07.08.",2008-08-07,2237,"e"
"Statistik der Sterbefälle","Germany",2008,"08.08.",2008-08-08,2214,"e"
"Statistik der Sterbefälle","Germany",2008,"09.08.",2008-08-09,1985,"e"
"Statistik der Sterbefälle","Germany",2008,"10.08.",2008-08-10,2054,"e"
"Statistik der Sterbefälle","Germany",2008,"11.08.",2008-08-11,2126,"e"
"Statistik der Sterbefälle","Germany",2008,"12.08.",2008-08-12,2157,"e"
"Statistik der Sterbefälle","Germany",2008,"13.08.",2008-08-13,2040,"e"
"Statistik der Sterbefälle","Germany",2008,"14.08.",2008-08-14,2107,"e"
"Statistik der Sterbefälle","Germany",2008,"15.08.",2008-08-15,2128,"e"
"Statistik der Sterbefälle","Germany",2008,"16.08.",2008-08-16,1993,"e"
"Statistik der Sterbefälle","Germany",2008,"17.08.",2008-08-17,1972,"e"
"Statistik der Sterbefälle","Germany",2008,"18.08.",2008-08-18,2133,"e"
"Statistik der Sterbefälle","Germany",2008,"19.08.",2008-08-19,2245,"e"
"Statistik der Sterbefälle","Germany",2008,"20.08.",2008-08-20,2047,"e"
"Statistik der Sterbefälle","Germany",2008,"21.08.",2008-08-21,2059,"e"
"Statistik der Sterbefälle","Germany",2008,"22.08.",2008-08-22,2112,"e"
"Statistik der Sterbefälle","Germany",2008,"23.08.",2008-08-23,2074,"e"
"Statistik der Sterbefälle","Germany",2008,"24.08.",2008-08-24,1946,"e"
"Statistik der Sterbefälle","Germany",2008,"25.08.",2008-08-25,1997,"e"
"Statistik der Sterbefälle","Germany",2008,"26.08.",2008-08-26,2105,"e"
"Statistik der Sterbefälle","Germany",2008,"27.08.",2008-08-27,2099,"e"
"Statistik der Sterbefälle","Germany",2008,"28.08.",2008-08-28,2099,"e"
"Statistik der Sterbefälle","Germany",2008,"29.08.",2008-08-29,2170,"e"
"Statistik der Sterbefälle","Germany",2008,"30.08.",2008-08-30,2092,"e"
"Statistik der Sterbefälle","Germany",2008,"31.08.",2008-08-31,2107,"e"
"Statistik der Sterbefälle","Germany",2008,"01.09.",2008-09-01,2272,"e"
"Statistik der Sterbefälle","Germany",2008,"02.09.",2008-09-02,2095,"e"
"Statistik der Sterbefälle","Germany",2008,"03.09.",2008-09-03,2145,"e"
"Statistik der Sterbefälle","Germany",2008,"04.09.",2008-09-04,2123,"e"
"Statistik der Sterbefälle","Germany",2008,"05.09.",2008-09-05,2187,"e"
"Statistik der Sterbefälle","Germany",2008,"06.09.",2008-09-06,2180,"e"
"Statistik der Sterbefälle","Germany",2008,"07.09.",2008-09-07,2007,"e"
"Statistik der Sterbefälle","Germany",2008,"08.09.",2008-09-08,2120,"e"
"Statistik der Sterbefälle","Germany",2008,"09.09.",2008-09-09,2043,"e"
"Statistik der Sterbefälle","Germany",2008,"10.09.",2008-09-10,2211,"e"
"Statistik der Sterbefälle","Germany",2008,"11.09.",2008-09-11,2219,"e"
"Statistik der Sterbefälle","Germany",2008,"12.09.",2008-09-12,2145,"e"
"Statistik der Sterbefälle","Germany",2008,"13.09.",2008-09-13,1982,"e"
"Statistik der Sterbefälle","Germany",2008,"14.09.",2008-09-14,1985,"e"
"Statistik der Sterbefälle","Germany",2008,"15.09.",2008-09-15,2070,"e"
"Statistik der Sterbefälle","Germany",2008,"16.09.",2008-09-16,2117,"e"
"Statistik der Sterbefälle","Germany",2008,"17.09.",2008-09-17,2081,"e"
"Statistik der Sterbefälle","Germany",2008,"18.09.",2008-09-18,2087,"e"
"Statistik der Sterbefälle","Germany",2008,"19.09.",2008-09-19,2095,"e"
"Statistik der Sterbefälle","Germany",2008,"20.09.",2008-09-20,2151,"e"
"Statistik der Sterbefälle","Germany",2008,"21.09.",2008-09-21,2098,"e"
"Statistik der Sterbefälle","Germany",2008,"22.09.",2008-09-22,2181,"e"
"Statistik der Sterbefälle","Germany",2008,"23.09.",2008-09-23,2234,"e"
"Statistik der Sterbefälle","Germany",2008,"24.09.",2008-09-24,2171,"e"
"Statistik der Sterbefälle","Germany",2008,"25.09.",2008-09-25,2194,"e"
"Statistik der Sterbefälle","Germany",2008,"26.09.",2008-09-26,2292,"e"
"Statistik der Sterbefälle","Germany",2008,"27.09.",2008-09-27,2106,"e"
"Statistik der Sterbefälle","Germany",2008,"28.09.",2008-09-28,2110,"e"
"Statistik der Sterbefälle","Germany",2008,"29.09.",2008-09-29,2237,"e"
"Statistik der Sterbefälle","Germany",2008,"30.09.",2008-09-30,2271,"e"
"Statistik der Sterbefälle","Germany",2008,"01.10.",2008-10-01,2318,"e"
"Statistik der Sterbefälle","Germany",2008,"02.10.",2008-10-02,2272,"e"
"Statistik der Sterbefälle","Germany",2008,"03.10.",2008-10-03,2204,"e"
"Statistik der Sterbefälle","Germany",2008,"04.10.",2008-10-04,2137,"e"
"Statistik der Sterbefälle","Germany",2008,"05.10.",2008-10-05,2192,"e"
"Statistik der Sterbefälle","Germany",2008,"06.10.",2008-10-06,2304,"e"
"Statistik der Sterbefälle","Germany",2008,"07.10.",2008-10-07,2292,"e"
"Statistik der Sterbefälle","Germany",2008,"08.10.",2008-10-08,2303,"e"
"Statistik der Sterbefälle","Germany",2008,"09.10.",2008-10-09,2334,"e"
"Statistik der Sterbefälle","Germany",2008,"10.10.",2008-10-10,2233,"e"
"Statistik der Sterbefälle","Germany",2008,"11.10.",2008-10-11,2274,"e"
"Statistik der Sterbefälle","Germany",2008,"12.10.",2008-10-12,2148,"e"
"Statistik der Sterbefälle","Germany",2008,"13.10.",2008-10-13,2330,"e"
"Statistik der Sterbefälle","Germany",2008,"14.10.",2008-10-14,2322,"e"
"Statistik der Sterbefälle","Germany",2008,"15.10.",2008-10-15,2227,"e"
"Statistik der Sterbefälle","Germany",2008,"16.10.",2008-10-16,2278,"e"
"Statistik der Sterbefälle","Germany",2008,"17.10.",2008-10-17,2129,"e"
"Statistik der Sterbefälle","Germany",2008,"18.10.",2008-10-18,2185,"e"
"Statistik der Sterbefälle","Germany",2008,"19.10.",2008-10-19,2136,"e"
"Statistik der Sterbefälle","Germany",2008,"20.10.",2008-10-20,2258,"e"
"Statistik der Sterbefälle","Germany",2008,"21.10.",2008-10-21,2389,"e"
"Statistik der Sterbefälle","Germany",2008,"22.10.",2008-10-22,2251,"e"
"Statistik der Sterbefälle","Germany",2008,"23.10.",2008-10-23,2215,"e"
"Statistik der Sterbefälle","Germany",2008,"24.10.",2008-10-24,2242,"e"
"Statistik der Sterbefälle","Germany",2008,"25.10.",2008-10-25,2174,"e"
"Statistik der Sterbefälle","Germany",2008,"26.10.",2008-10-26,2233,"e"
"Statistik der Sterbefälle","Germany",2008,"27.10.",2008-10-27,2252,"e"
"Statistik der Sterbefälle","Germany",2008,"28.10.",2008-10-28,2291,"e"
"Statistik der Sterbefälle","Germany",2008,"29.10.",2008-10-29,2212,"e"
"Statistik der Sterbefälle","Germany",2008,"30.10.",2008-10-30,2438,"e"
"Statistik der Sterbefälle","Germany",2008,"31.10.",2008-10-31,2281,"e"
"Statistik der Sterbefälle","Germany",2008,"01.11.",2008-11-01,2208,"e"
"Statistik der Sterbefälle","Germany",2008,"02.11.",2008-11-02,2180,"e"
"Statistik der Sterbefälle","Germany",2008,"03.11.",2008-11-03,2265,"e"
"Statistik der Sterbefälle","Germany",2008,"04.11.",2008-11-04,2375,"e"
"Statistik der Sterbefälle","Germany",2008,"05.11.",2008-11-05,2288,"e"
"Statistik der Sterbefälle","Germany",2008,"06.11.",2008-11-06,2309,"e"
"Statistik der Sterbefälle","Germany",2008,"07.11.",2008-11-07,2285,"e"
"Statistik der Sterbefälle","Germany",2008,"08.11.",2008-11-08,2235,"e"
"Statistik der Sterbefälle","Germany",2008,"09.11.",2008-11-09,2093,"e"
"Statistik der Sterbefälle","Germany",2008,"10.11.",2008-11-10,2312,"e"
"Statistik der Sterbefälle","Germany",2008,"11.11.",2008-11-11,2277,"e"
"Statistik der Sterbefälle","Germany",2008,"12.11.",2008-11-12,2202,"e"
"Statistik der Sterbefälle","Germany",2008,"13.11.",2008-11-13,2259,"e"
"Statistik der Sterbefälle","Germany",2008,"14.11.",2008-11-14,2239,"e"
"Statistik der Sterbefälle","Germany",2008,"15.11.",2008-11-15,2314,"e"
"Statistik der Sterbefälle","Germany",2008,"16.11.",2008-11-16,2244,"e"
"Statistik der Sterbefälle","Germany",2008,"17.11.",2008-11-17,2218,"e"
"Statistik der Sterbefälle","Germany",2008,"18.11.",2008-11-18,2302,"e"
"Statistik der Sterbefälle","Germany",2008,"19.11.",2008-11-19,2250,"e"
"Statistik der Sterbefälle","Germany",2008,"20.11.",2008-11-20,2377,"e"
"Statistik der Sterbefälle","Germany",2008,"21.11.",2008-11-21,2420,"e"
"Statistik der Sterbefälle","Germany",2008,"22.11.",2008-11-22,2326,"e"
"Statistik der Sterbefälle","Germany",2008,"23.11.",2008-11-23,2273,"e"
"Statistik der Sterbefälle","Germany",2008,"24.11.",2008-11-24,2386,"e"
"Statistik der Sterbefälle","Germany",2008,"25.11.",2008-11-25,2326,"e"
"Statistik der Sterbefälle","Germany",2008,"26.11.",2008-11-26,2338,"e"
"Statistik der Sterbefälle","Germany",2008,"27.11.",2008-11-27,2354,"e"
"Statistik der Sterbefälle","Germany",2008,"28.11.",2008-11-28,2319,"e"
"Statistik der Sterbefälle","Germany",2008,"29.11.",2008-11-29,2357,"e"
"Statistik der Sterbefälle","Germany",2008,"30.11.",2008-11-30,2440,"e"
"Statistik der Sterbefälle","Germany",2008,"01.12.",2008-12-01,2381,"e"
"Statistik der Sterbefälle","Germany",2008,"02.12.",2008-12-02,2427,"e"
"Statistik der Sterbefälle","Germany",2008,"03.12.",2008-12-03,2474,"e"
"Statistik der Sterbefälle","Germany",2008,"04.12.",2008-12-04,2466,"e"
"Statistik der Sterbefälle","Germany",2008,"05.12.",2008-12-05,2458,"e"
"Statistik der Sterbefälle","Germany",2008,"06.12.",2008-12-06,2481,"e"
"Statistik der Sterbefälle","Germany",2008,"07.12.",2008-12-07,2296,"e"
"Statistik der Sterbefälle","Germany",2008,"08.12.",2008-12-08,2497,"e"
"Statistik der Sterbefälle","Germany",2008,"09.12.",2008-12-09,2513,"e"
"Statistik der Sterbefälle","Germany",2008,"10.12.",2008-12-10,2462,"e"
"Statistik der Sterbefälle","Germany",2008,"11.12.",2008-12-11,2414,"e"
"Statistik der Sterbefälle","Germany",2008,"12.12.",2008-12-12,2482,"e"
"Statistik der Sterbefälle","Germany",2008,"13.12.",2008-12-13,2434,"e"
"Statistik der Sterbefälle","Germany",2008,"14.12.",2008-12-14,2479,"e"
"Statistik der Sterbefälle","Germany",2008,"15.12.",2008-12-15,2434,"e"
"Statistik der Sterbefälle","Germany",2008,"16.12.",2008-12-16,2496,"e"
"Statistik der Sterbefälle","Germany",2008,"17.12.",2008-12-17,2419,"e"
"Statistik der Sterbefälle","Germany",2008,"18.12.",2008-12-18,2554,"e"
"Statistik der Sterbefälle","Germany",2008,"19.12.",2008-12-19,2537,"e"
"Statistik der Sterbefälle","Germany",2008,"20.12.",2008-12-20,2521,"e"
"Statistik der Sterbefälle","Germany",2008,"21.12.",2008-12-21,2412,"e"
"Statistik der Sterbefälle","Germany",2008,"22.12.",2008-12-22,2508,"e"
"Statistik der Sterbefälle","Germany",2008,"23.12.",2008-12-23,2436,"e"
"Statistik der Sterbefälle","Germany",2008,"24.12.",2008-12-24,2558,"e"
"Statistik der Sterbefälle","Germany",2008,"25.12.",2008-12-25,2480,"e"
"Statistik der Sterbefälle","Germany",2008,"26.12.",2008-12-26,2465,"e"
"Statistik der Sterbefälle","Germany",2008,"27.12.",2008-12-27,2545,"e"
"Statistik der Sterbefälle","Germany",2008,"28.12.",2008-12-28,2555,"e"
"Statistik der Sterbefälle","Germany",2008,"29.12.",2008-12-29,2481,"e"
"Statistik der Sterbefälle","Germany",2008,"30.12.",2008-12-30,2593,"e"
"Statistik der Sterbefälle","Germany",2008,"31.12.",2008-12-31,2626,"e"
"Statistik der Sterbefälle","Germany",2009,"01.01.",2009-01-01,2765,"e"
"Statistik der Sterbefälle","Germany",2009,"02.01.",2009-01-02,2764,"e"
"Statistik der Sterbefälle","Germany",2009,"03.01.",2009-01-03,2696,"e"
"Statistik der Sterbefälle","Germany",2009,"04.01.",2009-01-04,2666,"e"
"Statistik der Sterbefälle","Germany",2009,"05.01.",2009-01-05,2968,"e"
"Statistik der Sterbefälle","Germany",2009,"06.01.",2009-01-06,2862,"e"
"Statistik der Sterbefälle","Germany",2009,"07.01.",2009-01-07,2857,"e"
"Statistik der Sterbefälle","Germany",2009,"08.01.",2009-01-08,2832,"e"
"Statistik der Sterbefälle","Germany",2009,"09.01.",2009-01-09,2853,"e"
"Statistik der Sterbefälle","Germany",2009,"10.01.",2009-01-10,2898,"e"
"Statistik der Sterbefälle","Germany",2009,"11.01.",2009-01-11,2712,"e"
"Statistik der Sterbefälle","Germany",2009,"12.01.",2009-01-12,2980,"e"
"Statistik der Sterbefälle","Germany",2009,"13.01.",2009-01-13,2982,"e"
"Statistik der Sterbefälle","Germany",2009,"14.01.",2009-01-14,3011,"e"
"Statistik der Sterbefälle","Germany",2009,"15.01.",2009-01-15,2930,"e"
"Statistik der Sterbefälle","Germany",2009,"16.01.",2009-01-16,2964,"e"
"Statistik der Sterbefälle","Germany",2009,"17.01.",2009-01-17,2980,"e"
"Statistik der Sterbefälle","Germany",2009,"18.01.",2009-01-18,3052,"e"
"Statistik der Sterbefälle","Germany",2009,"19.01.",2009-01-19,3067,"e"
"Statistik der Sterbefälle","Germany",2009,"20.01.",2009-01-20,3054,"e"
"Statistik der Sterbefälle","Germany",2009,"21.01.",2009-01-21,2881,"e"
"Statistik der Sterbefälle","Germany",2009,"22.01.",2009-01-22,3004,"e"
"Statistik der Sterbefälle","Germany",2009,"23.01.",2009-01-23,3224,"e"
"Statistik der Sterbefälle","Germany",2009,"24.01.",2009-01-24,3004,"e"
"Statistik der Sterbefälle","Germany",2009,"25.01.",2009-01-25,2862,"e"
"Statistik der Sterbefälle","Germany",2009,"26.01.",2009-01-26,2802,"e"
"Statistik der Sterbefälle","Germany",2009,"27.01.",2009-01-27,2819,"e"
"Statistik der Sterbefälle","Germany",2009,"28.01.",2009-01-28,2878,"e"
"Statistik der Sterbefälle","Germany",2009,"29.01.",2009-01-29,2860,"e"
"Statistik der Sterbefälle","Germany",2009,"30.01.",2009-01-30,2961,"e"
"Statistik der Sterbefälle","Germany",2009,"31.01.",2009-01-31,2838,"e"
"Statistik der Sterbefälle","Germany",2009,"01.02.",2009-02-01,2812,"e"
"Statistik der Sterbefälle","Germany",2009,"02.02.",2009-02-02,2898,"e"
"Statistik der Sterbefälle","Germany",2009,"03.02.",2009-02-03,2985,"e"
"Statistik der Sterbefälle","Germany",2009,"04.02.",2009-02-04,2953,"e"
"Statistik der Sterbefälle","Germany",2009,"05.02.",2009-02-05,2984,"e"
"Statistik der Sterbefälle","Germany",2009,"06.02.",2009-02-06,2977,"e"
"Statistik der Sterbefälle","Germany",2009,"07.02.",2009-02-07,2876,"e"
"Statistik der Sterbefälle","Germany",2009,"08.02.",2009-02-08,2732,"e"
"Statistik der Sterbefälle","Germany",2009,"09.02.",2009-02-09,2833,"e"
"Statistik der Sterbefälle","Germany",2009,"10.02.",2009-02-10,2859,"e"
"Statistik der Sterbefälle","Germany",2009,"11.02.",2009-02-11,2740,"e"
"Statistik der Sterbefälle","Germany",2009,"12.02.",2009-02-12,2790,"e"
"Statistik der Sterbefälle","Germany",2009,"13.02.",2009-02-13,2796,"e"
"Statistik der Sterbefälle","Germany",2009,"14.02.",2009-02-14,2775,"e"
"Statistik der Sterbefälle","Germany",2009,"15.02.",2009-02-15,2703,"e"
"Statistik der Sterbefälle","Germany",2009,"16.02.",2009-02-16,2730,"e"
"Statistik der Sterbefälle","Germany",2009,"17.02.",2009-02-17,2718,"e"
"Statistik der Sterbefälle","Germany",2009,"18.02.",2009-02-18,2668,"e"
"Statistik der Sterbefälle","Germany",2009,"19.02.",2009-02-19,2640,"e"
"Statistik der Sterbefälle","Germany",2009,"20.02.",2009-02-20,2771,"e"
"Statistik der Sterbefälle","Germany",2009,"21.02.",2009-02-21,2678,"e"
"Statistik der Sterbefälle","Germany",2009,"22.02.",2009-02-22,2587,"e"
"Statistik der Sterbefälle","Germany",2009,"23.02.",2009-02-23,2684,"e"
"Statistik der Sterbefälle","Germany",2009,"24.02.",2009-02-24,2645,"e"
"Statistik der Sterbefälle","Germany",2009,"25.02.",2009-02-25,2603,"e"
"Statistik der Sterbefälle","Germany",2009,"26.02.",2009-02-26,2569,"e"
"Statistik der Sterbefälle","Germany",2009,"27.02.",2009-02-27,2659,"e"
"Statistik der Sterbefälle","Germany",2009,"28.02.",2009-02-28,2540,"e"
"Statistik der Sterbefälle","Germany",2009,"01.03.",2009-03-01,2541,"e"
"Statistik der Sterbefälle","Germany",2009,"02.03.",2009-03-02,2644,"e"
"Statistik der Sterbefälle","Germany",2009,"03.03.",2009-03-03,2553,"e"
"Statistik der Sterbefälle","Germany",2009,"04.03.",2009-03-04,2624,"e"
"Statistik der Sterbefälle","Germany",2009,"05.03.",2009-03-05,2602,"e"
"Statistik der Sterbefälle","Germany",2009,"06.03.",2009-03-06,2596,"e"
"Statistik der Sterbefälle","Germany",2009,"07.03.",2009-03-07,2508,"e"
"Statistik der Sterbefälle","Germany",2009,"08.03.",2009-03-08,2399,"e"
"Statistik der Sterbefälle","Germany",2009,"09.03.",2009-03-09,2417,"e"
"Statistik der Sterbefälle","Germany",2009,"10.03.",2009-03-10,2540,"e"
"Statistik der Sterbefälle","Germany",2009,"11.03.",2009-03-11,2456,"e"
"Statistik der Sterbefälle","Germany",2009,"12.03.",2009-03-12,2365,"e"
"Statistik der Sterbefälle","Germany",2009,"13.03.",2009-03-13,2531,"e"
"Statistik der Sterbefälle","Germany",2009,"14.03.",2009-03-14,2517,"e"
"Statistik der Sterbefälle","Germany",2009,"15.03.",2009-03-15,2338,"e"
"Statistik der Sterbefälle","Germany",2009,"16.03.",2009-03-16,2509,"e"
"Statistik der Sterbefälle","Germany",2009,"17.03.",2009-03-17,2391,"e"
"Statistik der Sterbefälle","Germany",2009,"18.03.",2009-03-18,2375,"e"
"Statistik der Sterbefälle","Germany",2009,"19.03.",2009-03-19,2450,"e"
"Statistik der Sterbefälle","Germany",2009,"20.03.",2009-03-20,2451,"e"
"Statistik der Sterbefälle","Germany",2009,"21.03.",2009-03-21,2320,"e"
"Statistik der Sterbefälle","Germany",2009,"22.03.",2009-03-22,2348,"e"
"Statistik der Sterbefälle","Germany",2009,"23.03.",2009-03-23,2564,"e"
"Statistik der Sterbefälle","Germany",2009,"24.03.",2009-03-24,2441,"e"
"Statistik der Sterbefälle","Germany",2009,"25.03.",2009-03-25,2439,"e"
"Statistik der Sterbefälle","Germany",2009,"26.03.",2009-03-26,2405,"e"
"Statistik der Sterbefälle","Germany",2009,"27.03.",2009-03-27,2366,"e"
"Statistik der Sterbefälle","Germany",2009,"28.03.",2009-03-28,2374,"e"
"Statistik der Sterbefälle","Germany",2009,"29.03.",2009-03-29,2222,"e"
"Statistik der Sterbefälle","Germany",2009,"30.03.",2009-03-30,2272,"e"
"Statistik der Sterbefälle","Germany",2009,"31.03.",2009-03-31,2408,"e"
"Statistik der Sterbefälle","Germany",2009,"01.04.",2009-04-01,2459,"e"
"Statistik der Sterbefälle","Germany",2009,"02.04.",2009-04-02,2347,"e"
"Statistik der Sterbefälle","Germany",2009,"03.04.",2009-04-03,2483,"e"
"Statistik der Sterbefälle","Germany",2009,"04.04.",2009-04-04,2371,"e"
"Statistik der Sterbefälle","Germany",2009,"05.04.",2009-04-05,2320,"e"
"Statistik der Sterbefälle","Germany",2009,"06.04.",2009-04-06,2423,"e"
"Statistik der Sterbefälle","Germany",2009,"07.04.",2009-04-07,2382,"e"
"Statistik der Sterbefälle","Germany",2009,"08.04.",2009-04-08,2429,"e"
"Statistik der Sterbefälle","Germany",2009,"09.04.",2009-04-09,2356,"e"
"Statistik der Sterbefälle","Germany",2009,"10.04.",2009-04-10,2396,"e"
"Statistik der Sterbefälle","Germany",2009,"11.04.",2009-04-11,2244,"e"
"Statistik der Sterbefälle","Germany",2009,"12.04.",2009-04-12,2301,"e"
"Statistik der Sterbefälle","Germany",2009,"13.04.",2009-04-13,2261,"e"
"Statistik der Sterbefälle","Germany",2009,"14.04.",2009-04-14,2304,"e"
"Statistik der Sterbefälle","Germany",2009,"15.04.",2009-04-15,2308,"e"
"Statistik der Sterbefälle","Germany",2009,"16.04.",2009-04-16,2345,"e"
"Statistik der Sterbefälle","Germany",2009,"17.04.",2009-04-17,2353,"e"
"Statistik der Sterbefälle","Germany",2009,"18.04.",2009-04-18,2123,"e"
"Statistik der Sterbefälle","Germany",2009,"19.04.",2009-04-19,2107,"e"
"Statistik der Sterbefälle","Germany",2009,"20.04.",2009-04-20,2242,"e"
"Statistik der Sterbefälle","Germany",2009,"21.04.",2009-04-21,2289,"e"
"Statistik der Sterbefälle","Germany",2009,"22.04.",2009-04-22,2300,"e"
"Statistik der Sterbefälle","Germany",2009,"23.04.",2009-04-23,2223,"e"
"Statistik der Sterbefälle","Germany",2009,"24.04.",2009-04-24,2250,"e"
"Statistik der Sterbefälle","Germany",2009,"25.04.",2009-04-25,2232,"e"
"Statistik der Sterbefälle","Germany",2009,"26.04.",2009-04-26,2120,"e"
"Statistik der Sterbefälle","Germany",2009,"27.04.",2009-04-27,2387,"e"
"Statistik der Sterbefälle","Germany",2009,"28.04.",2009-04-28,2291,"e"
"Statistik der Sterbefälle","Germany",2009,"29.04.",2009-04-29,2298,"e"
"Statistik der Sterbefälle","Germany",2009,"30.04.",2009-04-30,2199,"e"
"Statistik der Sterbefälle","Germany",2009,"01.05.",2009-05-01,2206,"e"
"Statistik der Sterbefälle","Germany",2009,"02.05.",2009-05-02,2061,"e"
"Statistik der Sterbefälle","Germany",2009,"03.05.",2009-05-03,2088,"e"
"Statistik der Sterbefälle","Germany",2009,"04.05.",2009-05-04,2173,"e"
"Statistik der Sterbefälle","Germany",2009,"05.05.",2009-05-05,2138,"e"
"Statistik der Sterbefälle","Germany",2009,"06.05.",2009-05-06,2170,"e"
"Statistik der Sterbefälle","Germany",2009,"07.05.",2009-05-07,2324,"e"
"Statistik der Sterbefälle","Germany",2009,"08.05.",2009-05-08,2300,"e"
"Statistik der Sterbefälle","Germany",2009,"09.05.",2009-05-09,2186,"e"
"Statistik der Sterbefälle","Germany",2009,"10.05.",2009-05-10,2131,"e"
"Statistik der Sterbefälle","Germany",2009,"11.05.",2009-05-11,2195,"e"
"Statistik der Sterbefälle","Germany",2009,"12.05.",2009-05-12,2146,"e"
"Statistik der Sterbefälle","Germany",2009,"13.05.",2009-05-13,2177,"e"
"Statistik der Sterbefälle","Germany",2009,"14.05.",2009-05-14,2251,"e"
"Statistik der Sterbefälle","Germany",2009,"15.05.",2009-05-15,2231,"e"
"Statistik der Sterbefälle","Germany",2009,"16.05.",2009-05-16,2114,"e"
"Statistik der Sterbefälle","Germany",2009,"17.05.",2009-05-17,2144,"e"
"Statistik der Sterbefälle","Germany",2009,"18.05.",2009-05-18,2217,"e"
"Statistik der Sterbefälle","Germany",2009,"19.05.",2009-05-19,2155,"e"
"Statistik der Sterbefälle","Germany",2009,"20.05.",2009-05-20,2288,"e"
"Statistik der Sterbefälle","Germany",2009,"21.05.",2009-05-21,2218,"e"
"Statistik der Sterbefälle","Germany",2009,"22.05.",2009-05-22,2241,"e"
"Statistik der Sterbefälle","Germany",2009,"23.05.",2009-05-23,2139,"e"
"Statistik der Sterbefälle","Germany",2009,"24.05.",2009-05-24,2110,"e"
"Statistik der Sterbefälle","Germany",2009,"25.05.",2009-05-25,2333,"e"
"Statistik der Sterbefälle","Germany",2009,"26.05.",2009-05-26,2371,"e"
"Statistik der Sterbefälle","Germany",2009,"27.05.",2009-05-27,2117,"e"
"Statistik der Sterbefälle","Germany",2009,"28.05.",2009-05-28,2153,"e"
"Statistik der Sterbefälle","Germany",2009,"29.05.",2009-05-29,2241,"e"
"Statistik der Sterbefälle","Germany",2009,"30.05.",2009-05-30,2119,"e"
"Statistik der Sterbefälle","Germany",2009,"31.05.",2009-05-31,2157,"e"
"Statistik der Sterbefälle","Germany",2009,"01.06.",2009-06-01,2190,"e"
"Statistik der Sterbefälle","Germany",2009,"02.06.",2009-06-02,2194,"e"
"Statistik der Sterbefälle","Germany",2009,"03.06.",2009-06-03,2191,"e"
"Statistik der Sterbefälle","Germany",2009,"04.06.",2009-06-04,2094,"e"
"Statistik der Sterbefälle","Germany",2009,"05.06.",2009-06-05,2103,"e"
"Statistik der Sterbefälle","Germany",2009,"06.06.",2009-06-06,2110,"e"
"Statistik der Sterbefälle","Germany",2009,"07.06.",2009-06-07,2107,"e"
"Statistik der Sterbefälle","Germany",2009,"08.06.",2009-06-08,2162,"e"
"Statistik der Sterbefälle","Germany",2009,"09.06.",2009-06-09,2276,"e"
"Statistik der Sterbefälle","Germany",2009,"10.06.",2009-06-10,2187,"e"
"Statistik der Sterbefälle","Germany",2009,"11.06.",2009-06-11,2167,"e"
"Statistik der Sterbefälle","Germany",2009,"12.06.",2009-06-12,2114,"e"
"Statistik der Sterbefälle","Germany",2009,"13.06.",2009-06-13,2123,"e"
"Statistik der Sterbefälle","Germany",2009,"14.06.",2009-06-14,2111,"e"
"Statistik der Sterbefälle","Germany",2009,"15.06.",2009-06-15,2178,"e"
"Statistik der Sterbefälle","Germany",2009,"16.06.",2009-06-16,2152,"e"
"Statistik der Sterbefälle","Germany",2009,"17.06.",2009-06-17,2143,"e"
"Statistik der Sterbefälle","Germany",2009,"18.06.",2009-06-18,2221,"e"
"Statistik der Sterbefälle","Germany",2009,"19.06.",2009-06-19,2112,"e"
"Statistik der Sterbefälle","Germany",2009,"20.06.",2009-06-20,2136,"e"
"Statistik der Sterbefälle","Germany",2009,"21.06.",2009-06-21,1989,"e"
"Statistik der Sterbefälle","Germany",2009,"22.06.",2009-06-22,2107,"e"
"Statistik der Sterbefälle","Germany",2009,"23.06.",2009-06-23,2104,"e"
"Statistik der Sterbefälle","Germany",2009,"24.06.",2009-06-24,2169,"e"
"Statistik der Sterbefälle","Germany",2009,"25.06.",2009-06-25,2295,"e"
"Statistik der Sterbefälle","Germany",2009,"26.06.",2009-06-26,2324,"e"
"Statistik der Sterbefälle","Germany",2009,"27.06.",2009-06-27,2150,"e"
"Statistik der Sterbefälle","Germany",2009,"28.06.",2009-06-28,2209,"e"
"Statistik der Sterbefälle","Germany",2009,"29.06.",2009-06-29,2185,"e"
"Statistik der Sterbefälle","Germany",2009,"30.06.",2009-06-30,2284,"e"
"Statistik der Sterbefälle","Germany",2009,"01.07.",2009-07-01,2245,"e"
"Statistik der Sterbefälle","Germany",2009,"02.07.",2009-07-02,2314,"e"
"Statistik der Sterbefälle","Germany",2009,"03.07.",2009-07-03,2360,"e"
"Statistik der Sterbefälle","Germany",2009,"04.07.",2009-07-04,2244,"e"
"Statistik der Sterbefälle","Germany",2009,"05.07.",2009-07-05,2261,"e"
"Statistik der Sterbefälle","Germany",2009,"06.07.",2009-07-06,2242,"e"
"Statistik der Sterbefälle","Germany",2009,"07.07.",2009-07-07,2208,"e"
"Statistik der Sterbefälle","Germany",2009,"08.07.",2009-07-08,2062,"e"
"Statistik der Sterbefälle","Germany",2009,"09.07.",2009-07-09,2081,"e"
"Statistik der Sterbefälle","Germany",2009,"10.07.",2009-07-10,2039,"e"
"Statistik der Sterbefälle","Germany",2009,"11.07.",2009-07-11,2027,"e"
"Statistik der Sterbefälle","Germany",2009,"12.07.",2009-07-12,1998,"e"
"Statistik der Sterbefälle","Germany",2009,"13.07.",2009-07-13,2175,"e"
"Statistik der Sterbefälle","Germany",2009,"14.07.",2009-07-14,2204,"e"
"Statistik der Sterbefälle","Germany",2009,"15.07.",2009-07-15,2161,"e"
"Statistik der Sterbefälle","Germany",2009,"16.07.",2009-07-16,2161,"e"
"Statistik der Sterbefälle","Germany",2009,"17.07.",2009-07-17,2267,"e"
"Statistik der Sterbefälle","Germany",2009,"18.07.",2009-07-18,2009,"e"
"Statistik der Sterbefälle","Germany",2009,"19.07.",2009-07-19,1937,"e"
"Statistik der Sterbefälle","Germany",2009,"20.07.",2009-07-20,2019,"e"
"Statistik der Sterbefälle","Germany",2009,"21.07.",2009-07-21,2186,"e"
"Statistik der Sterbefälle","Germany",2009,"22.07.",2009-07-22,2248,"e"
"Statistik der Sterbefälle","Germany",2009,"23.07.",2009-07-23,2196,"e"
"Statistik der Sterbefälle","Germany",2009,"24.07.",2009-07-24,2165,"e"
"Statistik der Sterbefälle","Germany",2009,"25.07.",2009-07-25,1996,"e"
"Statistik der Sterbefälle","Germany",2009,"26.07.",2009-07-26,1944,"e"
"Statistik der Sterbefälle","Germany",2009,"27.07.",2009-07-27,2148,"e"
"Statistik der Sterbefälle","Germany",2009,"28.07.",2009-07-28,2061,"e"
"Statistik der Sterbefälle","Germany",2009,"29.07.",2009-07-29,2159,"e"
"Statistik der Sterbefälle","Germany",2009,"30.07.",2009-07-30,2041,"e"
"Statistik der Sterbefälle","Germany",2009,"31.07.",2009-07-31,2117,"e"
"Statistik der Sterbefälle","Germany",2009,"01.08.",2009-08-01,2101,"e"
"Statistik der Sterbefälle","Germany",2009,"02.08.",2009-08-02,2160,"e"
"Statistik der Sterbefälle","Germany",2009,"03.08.",2009-08-03,2125,"e"
"Statistik der Sterbefälle","Germany",2009,"04.08.",2009-08-04,2114,"e"
"Statistik der Sterbefälle","Germany",2009,"05.08.",2009-08-05,2003,"e"
"Statistik der Sterbefälle","Germany",2009,"06.08.",2009-08-06,2166,"e"
"Statistik der Sterbefälle","Germany",2009,"07.08.",2009-08-07,2320,"e"
"Statistik der Sterbefälle","Germany",2009,"08.08.",2009-08-08,2179,"e"
"Statistik der Sterbefälle","Germany",2009,"09.08.",2009-08-09,2093,"e"
"Statistik der Sterbefälle","Germany",2009,"10.08.",2009-08-10,2149,"e"
"Statistik der Sterbefälle","Germany",2009,"11.08.",2009-08-11,2194,"e"
"Statistik der Sterbefälle","Germany",2009,"12.08.",2009-08-12,2136,"e"
"Statistik der Sterbefälle","Germany",2009,"13.08.",2009-08-13,2045,"e"
"Statistik der Sterbefälle","Germany",2009,"14.08.",2009-08-14,2038,"e"
"Statistik der Sterbefälle","Germany",2009,"15.08.",2009-08-15,1977,"e"
"Statistik der Sterbefälle","Germany",2009,"16.08.",2009-08-16,2109,"e"
"Statistik der Sterbefälle","Germany",2009,"17.08.",2009-08-17,2163,"e"
"Statistik der Sterbefälle","Germany",2009,"18.08.",2009-08-18,2106,"e"
"Statistik der Sterbefälle","Germany",2009,"19.08.",2009-08-19,2049,"e"
"Statistik der Sterbefälle","Germany",2009,"20.08.",2009-08-20,2261,"e"
"Statistik der Sterbefälle","Germany",2009,"21.08.",2009-08-21,2174,"e"
"Statistik der Sterbefälle","Germany",2009,"22.08.",2009-08-22,1933,"e"
"Statistik der Sterbefälle","Germany",2009,"23.08.",2009-08-23,2028,"e"
"Statistik der Sterbefälle","Germany",2009,"24.08.",2009-08-24,2095,"e"
"Statistik der Sterbefälle","Germany",2009,"25.08.",2009-08-25,2110,"e"
"Statistik der Sterbefälle","Germany",2009,"26.08.",2009-08-26,2098,"e"
"Statistik der Sterbefälle","Germany",2009,"27.08.",2009-08-27,2125,"e"
"Statistik der Sterbefälle","Germany",2009,"28.08.",2009-08-28,2197,"e"
"Statistik der Sterbefälle","Germany",2009,"29.08.",2009-08-29,1864,"e"
"Statistik der Sterbefälle","Germany",2009,"30.08.",2009-08-30,1909,"e"
"Statistik der Sterbefälle","Germany",2009,"31.08.",2009-08-31,2022,"e"
"Statistik der Sterbefälle","Germany",2009,"01.09.",2009-09-01,2283,"e"
"Statistik der Sterbefälle","Germany",2009,"02.09.",2009-09-02,2105,"e"
"Statistik der Sterbefälle","Germany",2009,"03.09.",2009-09-03,2075,"e"
"Statistik der Sterbefälle","Germany",2009,"04.09.",2009-09-04,2072,"e"
"Statistik der Sterbefälle","Germany",2009,"05.09.",2009-09-05,2045,"e"
"Statistik der Sterbefälle","Germany",2009,"06.09.",2009-09-06,1973,"e"
"Statistik der Sterbefälle","Germany",2009,"07.09.",2009-09-07,2085,"e"
"Statistik der Sterbefälle","Germany",2009,"08.09.",2009-09-08,2142,"e"
"Statistik der Sterbefälle","Germany",2009,"09.09.",2009-09-09,2128,"e"
"Statistik der Sterbefälle","Germany",2009,"10.09.",2009-09-10,2066,"e"
"Statistik der Sterbefälle","Germany",2009,"11.09.",2009-09-11,2072,"e"
"Statistik der Sterbefälle","Germany",2009,"12.09.",2009-09-12,2105,"e"
"Statistik der Sterbefälle","Germany",2009,"13.09.",2009-09-13,1994,"e"
"Statistik der Sterbefälle","Germany",2009,"14.09.",2009-09-14,2034,"e"
"Statistik der Sterbefälle","Germany",2009,"15.09.",2009-09-15,2062,"e"
"Statistik der Sterbefälle","Germany",2009,"16.09.",2009-09-16,2197,"e"
"Statistik der Sterbefälle","Germany",2009,"17.09.",2009-09-17,2182,"e"
"Statistik der Sterbefälle","Germany",2009,"18.09.",2009-09-18,2141,"e"
"Statistik der Sterbefälle","Germany",2009,"19.09.",2009-09-19,2090,"e"
"Statistik der Sterbefälle","Germany",2009,"20.09.",2009-09-20,2206,"e"
"Statistik der Sterbefälle","Germany",2009,"21.09.",2009-09-21,2173,"e"
"Statistik der Sterbefälle","Germany",2009,"22.09.",2009-09-22,2179,"e"
"Statistik der Sterbefälle","Germany",2009,"23.09.",2009-09-23,2231,"e"
"Statistik der Sterbefälle","Germany",2009,"24.09.",2009-09-24,2080,"e"
"Statistik der Sterbefälle","Germany",2009,"25.09.",2009-09-25,2070,"e"
"Statistik der Sterbefälle","Germany",2009,"26.09.",2009-09-26,2064,"e"
"Statistik der Sterbefälle","Germany",2009,"27.09.",2009-09-27,2099,"e"
"Statistik der Sterbefälle","Germany",2009,"28.09.",2009-09-28,2191,"e"
"Statistik der Sterbefälle","Germany",2009,"29.09.",2009-09-29,2205,"e"
"Statistik der Sterbefälle","Germany",2009,"30.09.",2009-09-30,2139,"e"
"Statistik der Sterbefälle","Germany",2009,"01.10.",2009-10-01,2127,"e"
"Statistik der Sterbefälle","Germany",2009,"02.10.",2009-10-02,2134,"e"
"Statistik der Sterbefälle","Germany",2009,"03.10.",2009-10-03,2190,"e"
"Statistik der Sterbefälle","Germany",2009,"04.10.",2009-10-04,2013,"e"
"Statistik der Sterbefälle","Germany",2009,"05.10.",2009-10-05,2221,"e"
"Statistik der Sterbefälle","Germany",2009,"06.10.",2009-10-06,2301,"e"
"Statistik der Sterbefälle","Germany",2009,"07.10.",2009-10-07,2293,"e"
"Statistik der Sterbefälle","Germany",2009,"08.10.",2009-10-08,2275,"e"
"Statistik der Sterbefälle","Germany",2009,"09.10.",2009-10-09,2229,"e"
"Statistik der Sterbefälle","Germany",2009,"10.10.",2009-10-10,2203,"e"
"Statistik der Sterbefälle","Germany",2009,"11.10.",2009-10-11,2040,"e"
"Statistik der Sterbefälle","Germany",2009,"12.10.",2009-10-12,2146,"e"
"Statistik der Sterbefälle","Germany",2009,"13.10.",2009-10-13,2228,"e"
"Statistik der Sterbefälle","Germany",2009,"14.10.",2009-10-14,2135,"e"
"Statistik der Sterbefälle","Germany",2009,"15.10.",2009-10-15,2323,"e"
"Statistik der Sterbefälle","Germany",2009,"16.10.",2009-10-16,2240,"e"
"Statistik der Sterbefälle","Germany",2009,"17.10.",2009-10-17,2230,"e"
"Statistik der Sterbefälle","Germany",2009,"18.10.",2009-10-18,2167,"e"
"Statistik der Sterbefälle","Germany",2009,"19.10.",2009-10-19,2347,"e"
"Statistik der Sterbefälle","Germany",2009,"20.10.",2009-10-20,2306,"e"
"Statistik der Sterbefälle","Germany",2009,"21.10.",2009-10-21,2393,"e"
"Statistik der Sterbefälle","Germany",2009,"22.10.",2009-10-22,2260,"e"
"Statistik der Sterbefälle","Germany",2009,"23.10.",2009-10-23,2363,"e"
"Statistik der Sterbefälle","Germany",2009,"24.10.",2009-10-24,2289,"e"
"Statistik der Sterbefälle","Germany",2009,"25.10.",2009-10-25,2417,"e"
"Statistik der Sterbefälle","Germany",2009,"26.10.",2009-10-26,2349,"e"
"Statistik der Sterbefälle","Germany",2009,"27.10.",2009-10-27,2236,"e"
"Statistik der Sterbefälle","Germany",2009,"28.10.",2009-10-28,2225,"e"
"Statistik der Sterbefälle","Germany",2009,"29.10.",2009-10-29,2243,"e"
"Statistik der Sterbefälle","Germany",2009,"30.10.",2009-10-30,2267,"e"
"Statistik der Sterbefälle","Germany",2009,"31.10.",2009-10-31,2201,"e"
"Statistik der Sterbefälle","Germany",2009,"01.11.",2009-11-01,2211,"e"
"Statistik der Sterbefälle","Germany",2009,"02.11.",2009-11-02,2305,"e"
"Statistik der Sterbefälle","Germany",2009,"03.11.",2009-11-03,2450,"e"
"Statistik der Sterbefälle","Germany",2009,"04.11.",2009-11-04,2357,"e"
"Statistik der Sterbefälle","Germany",2009,"05.11.",2009-11-05,2439,"e"
"Statistik der Sterbefälle","Germany",2009,"06.11.",2009-11-06,2280,"e"
"Statistik der Sterbefälle","Germany",2009,"07.11.",2009-11-07,2336,"e"
"Statistik der Sterbefälle","Germany",2009,"08.11.",2009-11-08,2207,"e"
"Statistik der Sterbefälle","Germany",2009,"09.11.",2009-11-09,2321,"e"
"Statistik der Sterbefälle","Germany",2009,"10.11.",2009-11-10,2361,"e"
"Statistik der Sterbefälle","Germany",2009,"11.11.",2009-11-11,2309,"e"
"Statistik der Sterbefälle","Germany",2009,"12.11.",2009-11-12,2333,"e"
"Statistik der Sterbefälle","Germany",2009,"13.11.",2009-11-13,2381,"e"
"Statistik der Sterbefälle","Germany",2009,"14.11.",2009-11-14,2421,"e"
"Statistik der Sterbefälle","Germany",2009,"15.11.",2009-11-15,2246,"e"
"Statistik der Sterbefälle","Germany",2009,"16.11.",2009-11-16,2362,"e"
"Statistik der Sterbefälle","Germany",2009,"17.11.",2009-11-17,2497,"e"
"Statistik der Sterbefälle","Germany",2009,"18.11.",2009-11-18,2337,"e"
"Statistik der Sterbefälle","Germany",2009,"19.11.",2009-11-19,2354,"e"
"Statistik der Sterbefälle","Germany",2009,"20.11.",2009-11-20,2265,"e"
"Statistik der Sterbefälle","Germany",2009,"21.11.",2009-11-21,2290,"e"
"Statistik der Sterbefälle","Germany",2009,"22.11.",2009-11-22,2266,"e"
"Statistik der Sterbefälle","Germany",2009,"23.11.",2009-11-23,2368,"e"
"Statistik der Sterbefälle","Germany",2009,"24.11.",2009-11-24,2383,"e"
"Statistik der Sterbefälle","Germany",2009,"25.11.",2009-11-25,2292,"e"
"Statistik der Sterbefälle","Germany",2009,"26.11.",2009-11-26,2276,"e"
"Statistik der Sterbefälle","Germany",2009,"27.11.",2009-11-27,2325,"e"
"Statistik der Sterbefälle","Germany",2009,"28.11.",2009-11-28,2285,"e"
"Statistik der Sterbefälle","Germany",2009,"29.11.",2009-11-29,2296,"e"
"Statistik der Sterbefälle","Germany",2009,"30.11.",2009-11-30,2417,"e"
"Statistik der Sterbefälle","Germany",2009,"01.12.",2009-12-01,2334,"e"
"Statistik der Sterbefälle","Germany",2009,"02.12.",2009-12-02,2272,"e"
"Statistik der Sterbefälle","Germany",2009,"03.12.",2009-12-03,2320,"e"
"Statistik der Sterbefälle","Germany",2009,"04.12.",2009-12-04,2405,"e"
"Statistik der Sterbefälle","Germany",2009,"05.12.",2009-12-05,2362,"e"
"Statistik der Sterbefälle","Germany",2009,"06.12.",2009-12-06,2228,"e"
"Statistik der Sterbefälle","Germany",2009,"07.12.",2009-12-07,2387,"e"
"Statistik der Sterbefälle","Germany",2009,"08.12.",2009-12-08,2430,"e"
"Statistik der Sterbefälle","Germany",2009,"09.12.",2009-12-09,2351,"e"
"Statistik der Sterbefälle","Germany",2009,"10.12.",2009-12-10,2395,"e"
"Statistik der Sterbefälle","Germany",2009,"11.12.",2009-12-11,2353,"e"
"Statistik der Sterbefälle","Germany",2009,"12.12.",2009-12-12,2258,"e"
"Statistik der Sterbefälle","Germany",2009,"13.12.",2009-12-13,2169,"e"
"Statistik der Sterbefälle","Germany",2009,"14.12.",2009-12-14,2369,"e"
"Statistik der Sterbefälle","Germany",2009,"15.12.",2009-12-15,2340,"e"
"Statistik der Sterbefälle","Germany",2009,"16.12.",2009-12-16,2371,"e"
"Statistik der Sterbefälle","Germany",2009,"17.12.",2009-12-17,2464,"e"
"Statistik der Sterbefälle","Germany",2009,"18.12.",2009-12-18,2571,"e"
"Statistik der Sterbefälle","Germany",2009,"19.12.",2009-12-19,2488,"e"
"Statistik der Sterbefälle","Germany",2009,"20.12.",2009-12-20,2401,"e"
"Statistik der Sterbefälle","Germany",2009,"21.12.",2009-12-21,2547,"e"
"Statistik der Sterbefälle","Germany",2009,"22.12.",2009-12-22,2686,"e"
"Statistik der Sterbefälle","Germany",2009,"23.12.",2009-12-23,2591,"e"
"Statistik der Sterbefälle","Germany",2009,"24.12.",2009-12-24,2564,"e"
"Statistik der Sterbefälle","Germany",2009,"25.12.",2009-12-25,2587,"e"
"Statistik der Sterbefälle","Germany",2009,"26.12.",2009-12-26,2451,"e"
"Statistik der Sterbefälle","Germany",2009,"27.12.",2009-12-27,2386,"e"
"Statistik der Sterbefälle","Germany",2009,"28.12.",2009-12-28,2476,"e"
"Statistik der Sterbefälle","Germany",2009,"29.12.",2009-12-29,2543,"e"
"Statistik der Sterbefälle","Germany",2009,"30.12.",2009-12-30,2611,"e"
"Statistik der Sterbefälle","Germany",2009,"31.12.",2009-12-31,2546,"e"
"Statistik der Sterbefälle","Germany",2010,"01.01.",2010-01-01,2476,"e"
"Statistik der Sterbefälle","Germany",2010,"02.01.",2010-01-02,2472,"e"
"Statistik der Sterbefälle","Germany",2010,"03.01.",2010-01-03,2342,"e"
"Statistik der Sterbefälle","Germany",2010,"04.01.",2010-01-04,2443,"e"
"Statistik der Sterbefälle","Germany",2010,"05.01.",2010-01-05,2510,"e"
"Statistik der Sterbefälle","Germany",2010,"06.01.",2010-01-06,2496,"e"
"Statistik der Sterbefälle","Germany",2010,"07.01.",2010-01-07,2609,"e"
"Statistik der Sterbefälle","Germany",2010,"08.01.",2010-01-08,2542,"e"
"Statistik der Sterbefälle","Germany",2010,"09.01.",2010-01-09,2467,"e"
"Statistik der Sterbefälle","Germany",2010,"10.01.",2010-01-10,2493,"e"
"Statistik der Sterbefälle","Germany",2010,"11.01.",2010-01-11,2551,"e"
"Statistik der Sterbefälle","Germany",2010,"12.01.",2010-01-12,2577,"e"
"Statistik der Sterbefälle","Germany",2010,"13.01.",2010-01-13,2552,"e"
"Statistik der Sterbefälle","Germany",2010,"14.01.",2010-01-14,2503,"e"
"Statistik der Sterbefälle","Germany",2010,"15.01.",2010-01-15,2566,"e"
"Statistik der Sterbefälle","Germany",2010,"16.01.",2010-01-16,2533,"e"
"Statistik der Sterbefälle","Germany",2010,"17.01.",2010-01-17,2494,"e"
"Statistik der Sterbefälle","Germany",2010,"18.01.",2010-01-18,2514,"e"
"Statistik der Sterbefälle","Germany",2010,"19.01.",2010-01-19,2588,"e"
"Statistik der Sterbefälle","Germany",2010,"20.01.",2010-01-20,2573,"e"
"Statistik der Sterbefälle","Germany",2010,"21.01.",2010-01-21,2509,"e"
"Statistik der Sterbefälle","Germany",2010,"22.01.",2010-01-22,2459,"e"
"Statistik der Sterbefälle","Germany",2010,"23.01.",2010-01-23,2359,"e"
"Statistik der Sterbefälle","Germany",2010,"24.01.",2010-01-24,2307,"e"
"Statistik der Sterbefälle","Germany",2010,"25.01.",2010-01-25,2490,"e"
"Statistik der Sterbefälle","Germany",2010,"26.01.",2010-01-26,2411,"e"
"Statistik der Sterbefälle","Germany",2010,"27.01.",2010-01-27,2469,"e"
"Statistik der Sterbefälle","Germany",2010,"28.01.",2010-01-28,2625,"e"
"Statistik der Sterbefälle","Germany",2010,"29.01.",2010-01-29,2527,"e"
"Statistik der Sterbefälle","Germany",2010,"30.01.",2010-01-30,2514,"e"
"Statistik der Sterbefälle","Germany",2010,"31.01.",2010-01-31,2419,"e"
"Statistik der Sterbefälle","Germany",2010,"01.02.",2010-02-01,2604,"e"
"Statistik der Sterbefälle","Germany",2010,"02.02.",2010-02-02,2533,"e"
"Statistik der Sterbefälle","Germany",2010,"03.02.",2010-02-03,2533,"e"
"Statistik der Sterbefälle","Germany",2010,"04.02.",2010-02-04,2561,"e"
"Statistik der Sterbefälle","Germany",2010,"05.02.",2010-02-05,2528,"e"
"Statistik der Sterbefälle","Germany",2010,"06.02.",2010-02-06,2491,"e"
"Statistik der Sterbefälle","Germany",2010,"07.02.",2010-02-07,2340,"e"
"Statistik der Sterbefälle","Germany",2010,"08.02.",2010-02-08,2487,"e"
"Statistik der Sterbefälle","Germany",2010,"09.02.",2010-02-09,2540,"e"
"Statistik der Sterbefälle","Germany",2010,"10.02.",2010-02-10,2490,"e"
"Statistik der Sterbefälle","Germany",2010,"11.02.",2010-02-11,2549,"e"
"Statistik der Sterbefälle","Germany",2010,"12.02.",2010-02-12,2620,"e"
"Statistik der Sterbefälle","Germany",2010,"13.02.",2010-02-13,2562,"e"
"Statistik der Sterbefälle","Germany",2010,"14.02.",2010-02-14,2453,"e"
"Statistik der Sterbefälle","Germany",2010,"15.02.",2010-02-15,2638,"e"
"Statistik der Sterbefälle","Germany",2010,"16.02.",2010-02-16,2535,"e"
"Statistik der Sterbefälle","Germany",2010,"17.02.",2010-02-17,2610,"e"
"Statistik der Sterbefälle","Germany",2010,"18.02.",2010-02-18,2586,"e"
"Statistik der Sterbefälle","Germany",2010,"19.02.",2010-02-19,2738,"e"
"Statistik der Sterbefälle","Germany",2010,"20.02.",2010-02-20,2485,"e"
"Statistik der Sterbefälle","Germany",2010,"21.02.",2010-02-21,2485,"e"
"Statistik der Sterbefälle","Germany",2010,"22.02.",2010-02-22,2626,"e"
"Statistik der Sterbefälle","Germany",2010,"23.02.",2010-02-23,2588,"e"
"Statistik der Sterbefälle","Germany",2010,"24.02.",2010-02-24,2588,"e"
"Statistik der Sterbefälle","Germany",2010,"25.02.",2010-02-25,2647,"e"
"Statistik der Sterbefälle","Germany",2010,"26.02.",2010-02-26,2555,"e"
"Statistik der Sterbefälle","Germany",2010,"27.02.",2010-02-27,2425,"e"
"Statistik der Sterbefälle","Germany",2010,"28.02.",2010-02-28,2469,"e"
"Statistik der Sterbefälle","Germany",2010,"01.03.",2010-03-01,2553,"e"
"Statistik der Sterbefälle","Germany",2010,"02.03.",2010-03-02,2469,"e"
"Statistik der Sterbefälle","Germany",2010,"03.03.",2010-03-03,2521,"e"
"Statistik der Sterbefälle","Germany",2010,"04.03.",2010-03-04,2486,"e"
"Statistik der Sterbefälle","Germany",2010,"05.03.",2010-03-05,2451,"e"
"Statistik der Sterbefälle","Germany",2010,"06.03.",2010-03-06,2421,"e"
"Statistik der Sterbefälle","Germany",2010,"07.03.",2010-03-07,2314,"e"
"Statistik der Sterbefälle","Germany",2010,"08.03.",2010-03-08,2508,"e"
"Statistik der Sterbefälle","Germany",2010,"09.03.",2010-03-09,2449,"e"
"Statistik der Sterbefälle","Germany",2010,"10.03.",2010-03-10,2550,"e"
"Statistik der Sterbefälle","Germany",2010,"11.03.",2010-03-11,2545,"e"
"Statistik der Sterbefälle","Germany",2010,"12.03.",2010-03-12,2554,"e"
"Statistik der Sterbefälle","Germany",2010,"13.03.",2010-03-13,2354,"e"
"Statistik der Sterbefälle","Germany",2010,"14.03.",2010-03-14,2427,"e"
"Statistik der Sterbefälle","Germany",2010,"15.03.",2010-03-15,2558,"e"
"Statistik der Sterbefälle","Germany",2010,"16.03.",2010-03-16,2472,"e"
"Statistik der Sterbefälle","Germany",2010,"17.03.",2010-03-17,2479,"e"
"Statistik der Sterbefälle","Germany",2010,"18.03.",2010-03-18,2548,"e"
"Statistik der Sterbefälle","Germany",2010,"19.03.",2010-03-19,2585,"e"
"Statistik der Sterbefälle","Germany",2010,"20.03.",2010-03-20,2538,"e"
"Statistik der Sterbefälle","Germany",2010,"21.03.",2010-03-21,2503,"e"
"Statistik der Sterbefälle","Germany",2010,"22.03.",2010-03-22,2438,"e"
"Statistik der Sterbefälle","Germany",2010,"23.03.",2010-03-23,2392,"e"
"Statistik der Sterbefälle","Germany",2010,"24.03.",2010-03-24,2549,"e"
"Statistik der Sterbefälle","Germany",2010,"25.03.",2010-03-25,2502,"e"
"Statistik der Sterbefälle","Germany",2010,"26.03.",2010-03-26,2474,"e"
"Statistik der Sterbefälle","Germany",2010,"27.03.",2010-03-27,2334,"e"
"Statistik der Sterbefälle","Germany",2010,"28.03.",2010-03-28,2142,"e"
"Statistik der Sterbefälle","Germany",2010,"29.03.",2010-03-29,2452,"e"
"Statistik der Sterbefälle","Germany",2010,"30.03.",2010-03-30,2491,"e"
"Statistik der Sterbefälle","Germany",2010,"31.03.",2010-03-31,2323,"e"
"Statistik der Sterbefälle","Germany",2010,"01.04.",2010-04-01,2285,"e"
"Statistik der Sterbefälle","Germany",2010,"02.04.",2010-04-02,2341,"e"
"Statistik der Sterbefälle","Germany",2010,"03.04.",2010-04-03,2395,"e"
"Statistik der Sterbefälle","Germany",2010,"04.04.",2010-04-04,2165,"e"
"Statistik der Sterbefälle","Germany",2010,"05.04.",2010-04-05,2207,"e"
"Statistik der Sterbefälle","Germany",2010,"06.04.",2010-04-06,2365,"e"
"Statistik der Sterbefälle","Germany",2010,"07.04.",2010-04-07,2295,"e"
"Statistik der Sterbefälle","Germany",2010,"08.04.",2010-04-08,2467,"e"
"Statistik der Sterbefälle","Germany",2010,"09.04.",2010-04-09,2278,"e"
"Statistik der Sterbefälle","Germany",2010,"10.04.",2010-04-10,2277,"e"
"Statistik der Sterbefälle","Germany",2010,"11.04.",2010-04-11,2136,"e"
"Statistik der Sterbefälle","Germany",2010,"12.04.",2010-04-12,2289,"e"
"Statistik der Sterbefälle","Germany",2010,"13.04.",2010-04-13,2300,"e"
"Statistik der Sterbefälle","Germany",2010,"14.04.",2010-04-14,2247,"e"
"Statistik der Sterbefälle","Germany",2010,"15.04.",2010-04-15,2419,"e"
"Statistik der Sterbefälle","Germany",2010,"16.04.",2010-04-16,2389,"e"
"Statistik der Sterbefälle","Germany",2010,"17.04.",2010-04-17,2239,"e"
"Statistik der Sterbefälle","Germany",2010,"18.04.",2010-04-18,2317,"e"
"Statistik der Sterbefälle","Germany",2010,"19.04.",2010-04-19,2364,"e"
"Statistik der Sterbefälle","Germany",2010,"20.04.",2010-04-20,2350,"e"
"Statistik der Sterbefälle","Germany",2010,"21.04.",2010-04-21,2300,"e"
"Statistik der Sterbefälle","Germany",2010,"22.04.",2010-04-22,2299,"e"
"Statistik der Sterbefälle","Germany",2010,"23.04.",2010-04-23,2416,"e"
"Statistik der Sterbefälle","Germany",2010,"24.04.",2010-04-24,2368,"e"
"Statistik der Sterbefälle","Germany",2010,"25.04.",2010-04-25,2270,"e"
"Statistik der Sterbefälle","Germany",2010,"26.04.",2010-04-26,2420,"e"
"Statistik der Sterbefälle","Germany",2010,"27.04.",2010-04-27,2304,"e"
"Statistik der Sterbefälle","Germany",2010,"28.04.",2010-04-28,2287,"e"
"Statistik der Sterbefälle","Germany",2010,"29.04.",2010-04-29,2377,"e"
"Statistik der Sterbefälle","Germany",2010,"30.04.",2010-04-30,2457,"e"
"Statistik der Sterbefälle","Germany",2010,"01.05.",2010-05-01,2276,"e"
"Statistik der Sterbefälle","Germany",2010,"02.05.",2010-05-02,2235,"e"
"Statistik der Sterbefälle","Germany",2010,"03.05.",2010-05-03,2231,"e"
"Statistik der Sterbefälle","Germany",2010,"04.05.",2010-05-04,2182,"e"
"Statistik der Sterbefälle","Germany",2010,"05.05.",2010-05-05,2274,"e"
"Statistik der Sterbefälle","Germany",2010,"06.05.",2010-05-06,2307,"e"
"Statistik der Sterbefälle","Germany",2010,"07.05.",2010-05-07,2389,"e"
"Statistik der Sterbefälle","Germany",2010,"08.05.",2010-05-08,2235,"e"
"Statistik der Sterbefälle","Germany",2010,"09.05.",2010-05-09,2177,"e"
"Statistik der Sterbefälle","Germany",2010,"10.05.",2010-05-10,2367,"e"
"Statistik der Sterbefälle","Germany",2010,"11.05.",2010-05-11,2259,"e"
"Statistik der Sterbefälle","Germany",2010,"12.05.",2010-05-12,2277,"e"
"Statistik der Sterbefälle","Germany",2010,"13.05.",2010-05-13,2251,"e"
"Statistik der Sterbefälle","Germany",2010,"14.05.",2010-05-14,2270,"e"
"Statistik der Sterbefälle","Germany",2010,"15.05.",2010-05-15,2274,"e"
"Statistik der Sterbefälle","Germany",2010,"16.05.",2010-05-16,2080,"e"
"Statistik der Sterbefälle","Germany",2010,"17.05.",2010-05-17,2307,"e"
"Statistik der Sterbefälle","Germany",2010,"18.05.",2010-05-18,2227,"e"
"Statistik der Sterbefälle","Germany",2010,"19.05.",2010-05-19,2240,"e"
"Statistik der Sterbefälle","Germany",2010,"20.05.",2010-05-20,2308,"e"
"Statistik der Sterbefälle","Germany",2010,"21.05.",2010-05-21,2198,"e"
"Statistik der Sterbefälle","Germany",2010,"22.05.",2010-05-22,2302,"e"
"Statistik der Sterbefälle","Germany",2010,"23.05.",2010-05-23,2206,"e"
"Statistik der Sterbefälle","Germany",2010,"24.05.",2010-05-24,2392,"e"
"Statistik der Sterbefälle","Germany",2010,"25.05.",2010-05-25,2306,"e"
"Statistik der Sterbefälle","Germany",2010,"26.05.",2010-05-26,2303,"e"
"Statistik der Sterbefälle","Germany",2010,"27.05.",2010-05-27,2227,"e"
"Statistik der Sterbefälle","Germany",2010,"28.05.",2010-05-28,2280,"e"
"Statistik der Sterbefälle","Germany",2010,"29.05.",2010-05-29,2306,"e"
"Statistik der Sterbefälle","Germany",2010,"30.05.",2010-05-30,2215,"e"
"Statistik der Sterbefälle","Germany",2010,"31.05.",2010-05-31,2175,"e"
"Statistik der Sterbefälle","Germany",2010,"01.06.",2010-06-01,2245,"e"
"Statistik der Sterbefälle","Germany",2010,"02.06.",2010-06-02,2221,"e"
"Statistik der Sterbefälle","Germany",2010,"03.06.",2010-06-03,2120,"e"
"Statistik der Sterbefälle","Germany",2010,"04.06.",2010-06-04,2213,"e"
"Statistik der Sterbefälle","Germany",2010,"05.06.",2010-06-05,2288,"e"
"Statistik der Sterbefälle","Germany",2010,"06.06.",2010-06-06,2235,"e"
"Statistik der Sterbefälle","Germany",2010,"07.06.",2010-06-07,2366,"e"
"Statistik der Sterbefälle","Germany",2010,"08.06.",2010-06-08,2247,"e"
"Statistik der Sterbefälle","Germany",2010,"09.06.",2010-06-09,2378,"e"
"Statistik der Sterbefälle","Germany",2010,"10.06.",2010-06-10,2410,"e"
"Statistik der Sterbefälle","Germany",2010,"11.06.",2010-06-11,2377,"e"
"Statistik der Sterbefälle","Germany",2010,"12.06.",2010-06-12,2202,"e"
"Statistik der Sterbefälle","Germany",2010,"13.06.",2010-06-13,1939,"e"
"Statistik der Sterbefälle","Germany",2010,"14.06.",2010-06-14,2102,"e"
"Statistik der Sterbefälle","Germany",2010,"15.06.",2010-06-15,2023,"e"
"Statistik der Sterbefälle","Germany",2010,"16.06.",2010-06-16,2151,"e"
"Statistik der Sterbefälle","Germany",2010,"17.06.",2010-06-17,2314,"e"
"Statistik der Sterbefälle","Germany",2010,"18.06.",2010-06-18,2201,"e"
"Statistik der Sterbefälle","Germany",2010,"19.06.",2010-06-19,2207,"e"
"Statistik der Sterbefälle","Germany",2010,"20.06.",2010-06-20,2108,"e"
"Statistik der Sterbefälle","Germany",2010,"21.06.",2010-06-21,2110,"e"
"Statistik der Sterbefälle","Germany",2010,"22.06.",2010-06-22,2152,"e"
"Statistik der Sterbefälle","Germany",2010,"23.06.",2010-06-23,2234,"e"
"Statistik der Sterbefälle","Germany",2010,"24.06.",2010-06-24,2253,"e"
"Statistik der Sterbefälle","Germany",2010,"25.06.",2010-06-25,2330,"e"
"Statistik der Sterbefälle","Germany",2010,"26.06.",2010-06-26,2239,"e"
"Statistik der Sterbefälle","Germany",2010,"27.06.",2010-06-27,2196,"e"
"Statistik der Sterbefälle","Germany",2010,"28.06.",2010-06-28,2390,"e"
"Statistik der Sterbefälle","Germany",2010,"29.06.",2010-06-29,2391,"e"
"Statistik der Sterbefälle","Germany",2010,"30.06.",2010-06-30,2381,"e"
"Statistik der Sterbefälle","Germany",2010,"01.07.",2010-07-01,2380,"e"
"Statistik der Sterbefälle","Germany",2010,"02.07.",2010-07-02,2535,"e"
"Statistik der Sterbefälle","Germany",2010,"03.07.",2010-07-03,2690,"e"
"Statistik der Sterbefälle","Germany",2010,"04.07.",2010-07-04,2579,"e"
"Statistik der Sterbefälle","Germany",2010,"05.07.",2010-07-05,2453,"e"
"Statistik der Sterbefälle","Germany",2010,"06.07.",2010-07-06,2277,"e"
"Statistik der Sterbefälle","Germany",2010,"07.07.",2010-07-07,2130,"e"
"Statistik der Sterbefälle","Germany",2010,"08.07.",2010-07-08,2222,"e"
"Statistik der Sterbefälle","Germany",2010,"09.07.",2010-07-09,2465,"e"
"Statistik der Sterbefälle","Germany",2010,"10.07.",2010-07-10,2655,"e"
"Statistik der Sterbefälle","Germany",2010,"11.07.",2010-07-11,2780,"e"
"Statistik der Sterbefälle","Germany",2010,"12.07.",2010-07-12,3004,"e"
"Statistik der Sterbefälle","Germany",2010,"13.07.",2010-07-13,2784,"e"
"Statistik der Sterbefälle","Germany",2010,"14.07.",2010-07-14,2681,"e"
"Statistik der Sterbefälle","Germany",2010,"15.07.",2010-07-15,2577,"e"
"Statistik der Sterbefälle","Germany",2010,"16.07.",2010-07-16,2418,"e"
"Statistik der Sterbefälle","Germany",2010,"17.07.",2010-07-17,2467,"e"
"Statistik der Sterbefälle","Germany",2010,"18.07.",2010-07-18,2095,"e"
"Statistik der Sterbefälle","Germany",2010,"19.07.",2010-07-19,2156,"e"
"Statistik der Sterbefälle","Germany",2010,"20.07.",2010-07-20,2316,"e"
"Statistik der Sterbefälle","Germany",2010,"21.07.",2010-07-21,2392,"e"
"Statistik der Sterbefälle","Germany",2010,"22.07.",2010-07-22,2402,"e"
"Statistik der Sterbefälle","Germany",2010,"23.07.",2010-07-23,2234,"e"
"Statistik der Sterbefälle","Germany",2010,"24.07.",2010-07-24,2061,"e"
"Statistik der Sterbefälle","Germany",2010,"25.07.",2010-07-25,1982,"e"
"Statistik der Sterbefälle","Germany",2010,"26.07.",2010-07-26,2097,"e"
"Statistik der Sterbefälle","Germany",2010,"27.07.",2010-07-27,2121,"e"
"Statistik der Sterbefälle","Germany",2010,"28.07.",2010-07-28,2121,"e"
"Statistik der Sterbefälle","Germany",2010,"29.07.",2010-07-29,2030,"e"
"Statistik der Sterbefälle","Germany",2010,"30.07.",2010-07-30,2160,"e"
"Statistik der Sterbefälle","Germany",2010,"31.07.",2010-07-31,2109,"e"
"Statistik der Sterbefälle","Germany",2010,"01.08.",2010-08-01,2226,"e"
"Statistik der Sterbefälle","Germany",2010,"02.08.",2010-08-02,2200,"e"
"Statistik der Sterbefälle","Germany",2010,"03.08.",2010-08-03,2204,"e"
"Statistik der Sterbefälle","Germany",2010,"04.08.",2010-08-04,2188,"e"
"Statistik der Sterbefälle","Germany",2010,"05.08.",2010-08-05,2117,"e"
"Statistik der Sterbefälle","Germany",2010,"06.08.",2010-08-06,2142,"e"
"Statistik der Sterbefälle","Germany",2010,"07.08.",2010-08-07,2154,"e"
"Statistik der Sterbefälle","Germany",2010,"08.08.",2010-08-08,2092,"e"
"Statistik der Sterbefälle","Germany",2010,"09.08.",2010-08-09,2138,"e"
"Statistik der Sterbefälle","Germany",2010,"10.08.",2010-08-10,2209,"e"
"Statistik der Sterbefälle","Germany",2010,"11.08.",2010-08-11,2376,"e"
"Statistik der Sterbefälle","Germany",2010,"12.08.",2010-08-12,2176,"e"
"Statistik der Sterbefälle","Germany",2010,"13.08.",2010-08-13,2198,"e"
"Statistik der Sterbefälle","Germany",2010,"14.08.",2010-08-14,2141,"e"
"Statistik der Sterbefälle","Germany",2010,"15.08.",2010-08-15,2168,"e"
"Statistik der Sterbefälle","Germany",2010,"16.08.",2010-08-16,2132,"e"
"Statistik der Sterbefälle","Germany",2010,"17.08.",2010-08-17,2139,"e"
"Statistik der Sterbefälle","Germany",2010,"18.08.",2010-08-18,2156,"e"
"Statistik der Sterbefälle","Germany",2010,"19.08.",2010-08-19,2194,"e"
"Statistik der Sterbefälle","Germany",2010,"20.08.",2010-08-20,2187,"e"
"Statistik der Sterbefälle","Germany",2010,"21.08.",2010-08-21,2263,"e"
"Statistik der Sterbefälle","Germany",2010,"22.08.",2010-08-22,2291,"e"
"Statistik der Sterbefälle","Germany",2010,"23.08.",2010-08-23,2265,"e"
"Statistik der Sterbefälle","Germany",2010,"24.08.",2010-08-24,2263,"e"
"Statistik der Sterbefälle","Germany",2010,"25.08.",2010-08-25,2071,"e"
"Statistik der Sterbefälle","Germany",2010,"26.08.",2010-08-26,2216,"e"
"Statistik der Sterbefälle","Germany",2010,"27.08.",2010-08-27,2273,"e"
"Statistik der Sterbefälle","Germany",2010,"28.08.",2010-08-28,2119,"e"
"Statistik der Sterbefälle","Germany",2010,"29.08.",2010-08-29,2008,"e"
"Statistik der Sterbefälle","Germany",2010,"30.08.",2010-08-30,2114,"e"
"Statistik der Sterbefälle","Germany",2010,"31.08.",2010-08-31,2108,"e"
"Statistik der Sterbefälle","Germany",2010,"01.09.",2010-09-01,2110,"e"
"Statistik der Sterbefälle","Germany",2010,"02.09.",2010-09-02,2213,"e"
"Statistik der Sterbefälle","Germany",2010,"03.09.",2010-09-03,2135,"e"
"Statistik der Sterbefälle","Germany",2010,"04.09.",2010-09-04,2161,"e"
"Statistik der Sterbefälle","Germany",2010,"05.09.",2010-09-05,2138,"e"
"Statistik der Sterbefälle","Germany",2010,"06.09.",2010-09-06,2188,"e"
"Statistik der Sterbefälle","Germany",2010,"07.09.",2010-09-07,2207,"e"
"Statistik der Sterbefälle","Germany",2010,"08.09.",2010-09-08,2266,"e"
"Statistik der Sterbefälle","Germany",2010,"09.09.",2010-09-09,2198,"e"
"Statistik der Sterbefälle","Germany",2010,"10.09.",2010-09-10,2302,"e"
"Statistik der Sterbefälle","Germany",2010,"11.09.",2010-09-11,2210,"e"
"Statistik der Sterbefälle","Germany",2010,"12.09.",2010-09-12,2232,"e"
"Statistik der Sterbefälle","Germany",2010,"13.09.",2010-09-13,2234,"e"
"Statistik der Sterbefälle","Germany",2010,"14.09.",2010-09-14,2121,"e"
"Statistik der Sterbefälle","Germany",2010,"15.09.",2010-09-15,2270,"e"
"Statistik der Sterbefälle","Germany",2010,"16.09.",2010-09-16,2215,"e"
"Statistik der Sterbefälle","Germany",2010,"17.09.",2010-09-17,2271,"e"
"Statistik der Sterbefälle","Germany",2010,"18.09.",2010-09-18,2120,"e"
"Statistik der Sterbefälle","Germany",2010,"19.09.",2010-09-19,2233,"e"
"Statistik der Sterbefälle","Germany",2010,"20.09.",2010-09-20,2246,"e"
"Statistik der Sterbefälle","Germany",2010,"21.09.",2010-09-21,2322,"e"
"Statistik der Sterbefälle","Germany",2010,"22.09.",2010-09-22,2339,"e"
"Statistik der Sterbefälle","Germany",2010,"23.09.",2010-09-23,2363,"e"
"Statistik der Sterbefälle","Germany",2010,"24.09.",2010-09-24,2387,"e"
"Statistik der Sterbefälle","Germany",2010,"25.09.",2010-09-25,2231,"e"
"Statistik der Sterbefälle","Germany",2010,"26.09.",2010-09-26,2143,"e"
"Statistik der Sterbefälle","Germany",2010,"27.09.",2010-09-27,2153,"e"
"Statistik der Sterbefälle","Germany",2010,"28.09.",2010-09-28,2203,"e"
"Statistik der Sterbefälle","Germany",2010,"29.09.",2010-09-29,2215,"e"
"Statistik der Sterbefälle","Germany",2010,"30.09.",2010-09-30,2220,"e"
"Statistik der Sterbefälle","Germany",2010,"01.10.",2010-10-01,2283,"e"
"Statistik der Sterbefälle","Germany",2010,"02.10.",2010-10-02,2270,"e"
"Statistik der Sterbefälle","Germany",2010,"03.10.",2010-10-03,2277,"e"
"Statistik der Sterbefälle","Germany",2010,"04.10.",2010-10-04,2432,"e"
"Statistik der Sterbefälle","Germany",2010,"05.10.",2010-10-05,2390,"e"
"Statistik der Sterbefälle","Germany",2010,"06.10.",2010-10-06,2306,"e"
"Statistik der Sterbefälle","Germany",2010,"07.10.",2010-10-07,2328,"e"
"Statistik der Sterbefälle","Germany",2010,"08.10.",2010-10-08,2338,"e"
"Statistik der Sterbefälle","Germany",2010,"09.10.",2010-10-09,2181,"e"
"Statistik der Sterbefälle","Germany",2010,"10.10.",2010-10-10,2111,"e"
"Statistik der Sterbefälle","Germany",2010,"11.10.",2010-10-11,2325,"e"
"Statistik der Sterbefälle","Germany",2010,"12.10.",2010-10-12,2277,"e"
"Statistik der Sterbefälle","Germany",2010,"13.10.",2010-10-13,2296,"e"
"Statistik der Sterbefälle","Germany",2010,"14.10.",2010-10-14,2312,"e"
"Statistik der Sterbefälle","Germany",2010,"15.10.",2010-10-15,2272,"e"
"Statistik der Sterbefälle","Germany",2010,"16.10.",2010-10-16,2252,"e"
"Statistik der Sterbefälle","Germany",2010,"17.10.",2010-10-17,2175,"e"
"Statistik der Sterbefälle","Germany",2010,"18.10.",2010-10-18,2276,"e"
"Statistik der Sterbefälle","Germany",2010,"19.10.",2010-10-19,2328,"e"
"Statistik der Sterbefälle","Germany",2010,"20.10.",2010-10-20,2259,"e"
"Statistik der Sterbefälle","Germany",2010,"21.10.",2010-10-21,2350,"e"
"Statistik der Sterbefälle","Germany",2010,"22.10.",2010-10-22,2255,"e"
"Statistik der Sterbefälle","Germany",2010,"23.10.",2010-10-23,2347,"e"
"Statistik der Sterbefälle","Germany",2010,"24.10.",2010-10-24,2246,"e"
"Statistik der Sterbefälle","Germany",2010,"25.10.",2010-10-25,2393,"e"
"Statistik der Sterbefälle","Germany",2010,"26.10.",2010-10-26,2331,"e"
"Statistik der Sterbefälle","Germany",2010,"27.10.",2010-10-27,2306,"e"
"Statistik der Sterbefälle","Germany",2010,"28.10.",2010-10-28,2368,"e"
"Statistik der Sterbefälle","Germany",2010,"29.10.",2010-10-29,2340,"e"
"Statistik der Sterbefälle","Germany",2010,"30.10.",2010-10-30,2321,"e"
"Statistik der Sterbefälle","Germany",2010,"31.10.",2010-10-31,2398,"e"
"Statistik der Sterbefälle","Germany",2010,"01.11.",2010-11-01,2275,"e"
"Statistik der Sterbefälle","Germany",2010,"02.11.",2010-11-02,2313,"e"
"Statistik der Sterbefälle","Germany",2010,"03.11.",2010-11-03,2279,"e"
"Statistik der Sterbefälle","Germany",2010,"04.11.",2010-11-04,2276,"e"
"Statistik der Sterbefälle","Germany",2010,"05.11.",2010-11-05,2304,"e"
"Statistik der Sterbefälle","Germany",2010,"06.11.",2010-11-06,2279,"e"
"Statistik der Sterbefälle","Germany",2010,"07.11.",2010-11-07,2255,"e"
"Statistik der Sterbefälle","Germany",2010,"08.11.",2010-11-08,2431,"e"
"Statistik der Sterbefälle","Germany",2010,"09.11.",2010-11-09,2331,"e"
"Statistik der Sterbefälle","Germany",2010,"10.11.",2010-11-10,2333,"e"
"Statistik der Sterbefälle","Germany",2010,"11.11.",2010-11-11,2298,"e"
"Statistik der Sterbefälle","Germany",2010,"12.11.",2010-11-12,2308,"e"
"Statistik der Sterbefälle","Germany",2010,"13.11.",2010-11-13,2347,"e"
"Statistik der Sterbefälle","Germany",2010,"14.11.",2010-11-14,2268,"e"
"Statistik der Sterbefälle","Germany",2010,"15.11.",2010-11-15,2299,"e"
"Statistik der Sterbefälle","Germany",2010,"16.11.",2010-11-16,2273,"e"
"Statistik der Sterbefälle","Germany",2010,"17.11.",2010-11-17,2313,"e"
"Statistik der Sterbefälle","Germany",2010,"18.11.",2010-11-18,2318,"e"
"Statistik der Sterbefälle","Germany",2010,"19.11.",2010-11-19,2250,"e"
"Statistik der Sterbefälle","Germany",2010,"20.11.",2010-11-20,2320,"e"
"Statistik der Sterbefälle","Germany",2010,"21.11.",2010-11-21,2229,"e"
"Statistik der Sterbefälle","Germany",2010,"22.11.",2010-11-22,2378,"e"
"Statistik der Sterbefälle","Germany",2010,"23.11.",2010-11-23,2486,"e"
"Statistik der Sterbefälle","Germany",2010,"24.11.",2010-11-24,2290,"e"
"Statistik der Sterbefälle","Germany",2010,"25.11.",2010-11-25,2303,"e"
"Statistik der Sterbefälle","Germany",2010,"26.11.",2010-11-26,2360,"e"
"Statistik der Sterbefälle","Germany",2010,"27.11.",2010-11-27,2406,"e"
"Statistik der Sterbefälle","Germany",2010,"28.11.",2010-11-28,2330,"e"
"Statistik der Sterbefälle","Germany",2010,"29.11.",2010-11-29,2440,"e"
"Statistik der Sterbefälle","Germany",2010,"30.11.",2010-11-30,2371,"e"
"Statistik der Sterbefälle","Germany",2010,"01.12.",2010-12-01,2451,"e"
"Statistik der Sterbefälle","Germany",2010,"02.12.",2010-12-02,2532,"e"
"Statistik der Sterbefälle","Germany",2010,"03.12.",2010-12-03,2370,"e"
"Statistik der Sterbefälle","Germany",2010,"04.12.",2010-12-04,2387,"e"
"Statistik der Sterbefälle","Germany",2010,"05.12.",2010-12-05,2514,"e"
"Statistik der Sterbefälle","Germany",2010,"06.12.",2010-12-06,2556,"e"
"Statistik der Sterbefälle","Germany",2010,"07.12.",2010-12-07,2499,"e"
"Statistik der Sterbefälle","Germany",2010,"08.12.",2010-12-08,2566,"e"
"Statistik der Sterbefälle","Germany",2010,"09.12.",2010-12-09,2641,"e"
"Statistik der Sterbefälle","Germany",2010,"10.12.",2010-12-10,2547,"e"
"Statistik der Sterbefälle","Germany",2010,"11.12.",2010-12-11,2528,"e"
"Statistik der Sterbefälle","Germany",2010,"12.12.",2010-12-12,2444,"e"
"Statistik der Sterbefälle","Germany",2010,"13.12.",2010-12-13,2461,"e"
"Statistik der Sterbefälle","Germany",2010,"14.12.",2010-12-14,2449,"e"
"Statistik der Sterbefälle","Germany",2010,"15.12.",2010-12-15,2456,"e"
"Statistik der Sterbefälle","Germany",2010,"16.12.",2010-12-16,2635,"e"
"Statistik der Sterbefälle","Germany",2010,"17.12.",2010-12-17,2662,"e"
"Statistik der Sterbefälle","Germany",2010,"18.12.",2010-12-18,2503,"e"
"Statistik der Sterbefälle","Germany",2010,"19.12.",2010-12-19,2517,"e"
"Statistik der Sterbefälle","Germany",2010,"20.12.",2010-12-20,2650,"e"
"Statistik der Sterbefälle","Germany",2010,"21.12.",2010-12-21,2503,"e"
"Statistik der Sterbefälle","Germany",2010,"22.12.",2010-12-22,2578,"e"
"Statistik der Sterbefälle","Germany",2010,"23.12.",2010-12-23,2672,"e"
"Statistik der Sterbefälle","Germany",2010,"24.12.",2010-12-24,2635,"e"
"Statistik der Sterbefälle","Germany",2010,"25.12.",2010-12-25,2505,"e"
"Statistik der Sterbefälle","Germany",2010,"26.12.",2010-12-26,2487,"e"
"Statistik der Sterbefälle","Germany",2010,"27.12.",2010-12-27,2554,"e"
"Statistik der Sterbefälle","Germany",2010,"28.12.",2010-12-28,2506,"e"
"Statistik der Sterbefälle","Germany",2010,"29.12.",2010-12-29,2622,"e"
"Statistik der Sterbefälle","Germany",2010,"30.12.",2010-12-30,2502,"e"
"Statistik der Sterbefälle","Germany",2010,"31.12.",2010-12-31,2523,"e"
"Statistik der Sterbefälle","Germany",2011,"01.01.",2011-01-01,2668,"e"
"Statistik der Sterbefälle","Germany",2011,"02.01.",2011-01-02,2507,"e"
"Statistik der Sterbefälle","Germany",2011,"03.01.",2011-01-03,2460,"e"
"Statistik der Sterbefälle","Germany",2011,"04.01.",2011-01-04,2626,"e"
"Statistik der Sterbefälle","Germany",2011,"05.01.",2011-01-05,2626,"e"
"Statistik der Sterbefälle","Germany",2011,"06.01.",2011-01-06,2697,"e"
"Statistik der Sterbefälle","Germany",2011,"07.01.",2011-01-07,2641,"e"
"Statistik der Sterbefälle","Germany",2011,"08.01.",2011-01-08,2606,"e"
"Statistik der Sterbefälle","Germany",2011,"09.01.",2011-01-09,2431,"e"
"Statistik der Sterbefälle","Germany",2011,"10.01.",2011-01-10,2507,"e"
"Statistik der Sterbefälle","Germany",2011,"11.01.",2011-01-11,2570,"e"
"Statistik der Sterbefälle","Germany",2011,"12.01.",2011-01-12,2514,"e"
"Statistik der Sterbefälle","Germany",2011,"13.01.",2011-01-13,2562,"e"
"Statistik der Sterbefälle","Germany",2011,"14.01.",2011-01-14,2607,"e"
"Statistik der Sterbefälle","Germany",2011,"15.01.",2011-01-15,2435,"e"
"Statistik der Sterbefälle","Germany",2011,"16.01.",2011-01-16,2300,"e"
"Statistik der Sterbefälle","Germany",2011,"17.01.",2011-01-17,2433,"e"
"Statistik der Sterbefälle","Germany",2011,"18.01.",2011-01-18,2425,"e"
"Statistik der Sterbefälle","Germany",2011,"19.01.",2011-01-19,2323,"e"
"Statistik der Sterbefälle","Germany",2011,"20.01.",2011-01-20,2447,"e"
"Statistik der Sterbefälle","Germany",2011,"21.01.",2011-01-21,2355,"e"
"Statistik der Sterbefälle","Germany",2011,"22.01.",2011-01-22,2371,"e"
"Statistik der Sterbefälle","Germany",2011,"23.01.",2011-01-23,2298,"e"
"Statistik der Sterbefälle","Germany",2011,"24.01.",2011-01-24,2456,"e"
"Statistik der Sterbefälle","Germany",2011,"25.01.",2011-01-25,2448,"e"
"Statistik der Sterbefälle","Germany",2011,"26.01.",2011-01-26,2434,"e"
"Statistik der Sterbefälle","Germany",2011,"27.01.",2011-01-27,2426,"e"
"Statistik der Sterbefälle","Germany",2011,"28.01.",2011-01-28,2445,"e"
"Statistik der Sterbefälle","Germany",2011,"29.01.",2011-01-29,2324,"e"
"Statistik der Sterbefälle","Germany",2011,"30.01.",2011-01-30,2376,"e"
"Statistik der Sterbefälle","Germany",2011,"31.01.",2011-01-31,2462,"e"
"Statistik der Sterbefälle","Germany",2011,"01.02.",2011-02-01,2550,"e"
"Statistik der Sterbefälle","Germany",2011,"02.02.",2011-02-02,2539,"e"
"Statistik der Sterbefälle","Germany",2011,"03.02.",2011-02-03,2563,"e"
"Statistik der Sterbefälle","Germany",2011,"04.02.",2011-02-04,2606,"e"
"Statistik der Sterbefälle","Germany",2011,"05.02.",2011-02-05,2598,"e"
"Statistik der Sterbefälle","Germany",2011,"06.02.",2011-02-06,2363,"e"
"Statistik der Sterbefälle","Germany",2011,"07.02.",2011-02-07,2552,"e"
"Statistik der Sterbefälle","Germany",2011,"08.02.",2011-02-08,2458,"e"
"Statistik der Sterbefälle","Germany",2011,"09.02.",2011-02-09,2494,"e"
"Statistik der Sterbefälle","Germany",2011,"10.02.",2011-02-10,2517,"e"
"Statistik der Sterbefälle","Germany",2011,"11.02.",2011-02-11,2524,"e"
"Statistik der Sterbefälle","Germany",2011,"12.02.",2011-02-12,2487,"e"
"Statistik der Sterbefälle","Germany",2011,"13.02.",2011-02-13,2314,"e"
"Statistik der Sterbefälle","Germany",2011,"14.02.",2011-02-14,2451,"e"
"Statistik der Sterbefälle","Germany",2011,"15.02.",2011-02-15,2476,"e"
"Statistik der Sterbefälle","Germany",2011,"16.02.",2011-02-16,2569,"e"
"Statistik der Sterbefälle","Germany",2011,"17.02.",2011-02-17,2455,"e"
"Statistik der Sterbefälle","Germany",2011,"18.02.",2011-02-18,2535,"e"
"Statistik der Sterbefälle","Germany",2011,"19.02.",2011-02-19,2493,"e"
"Statistik der Sterbefälle","Germany",2011,"20.02.",2011-02-20,2315,"e"
"Statistik der Sterbefälle","Germany",2011,"21.02.",2011-02-21,2468,"e"
"Statistik der Sterbefälle","Germany",2011,"22.02.",2011-02-22,2521,"e"
"Statistik der Sterbefälle","Germany",2011,"23.02.",2011-02-23,2467,"e"
"Statistik der Sterbefälle","Germany",2011,"24.02.",2011-02-24,2523,"e"
"Statistik der Sterbefälle","Germany",2011,"25.02.",2011-02-25,2439,"e"
"Statistik der Sterbefälle","Germany",2011,"26.02.",2011-02-26,2461,"e"
"Statistik der Sterbefälle","Germany",2011,"27.02.",2011-02-27,2358,"e"
"Statistik der Sterbefälle","Germany",2011,"28.02.",2011-02-28,2501,"e"
"Statistik der Sterbefälle","Germany",2011,"01.03.",2011-03-01,2421,"e"
"Statistik der Sterbefälle","Germany",2011,"02.03.",2011-03-02,2434,"e"
"Statistik der Sterbefälle","Germany",2011,"03.03.",2011-03-03,2513,"e"
"Statistik der Sterbefälle","Germany",2011,"04.03.",2011-03-04,2587,"e"
"Statistik der Sterbefälle","Germany",2011,"05.03.",2011-03-05,2477,"e"
"Statistik der Sterbefälle","Germany",2011,"06.03.",2011-03-06,2333,"e"
"Statistik der Sterbefälle","Germany",2011,"07.03.",2011-03-07,2385,"e"
"Statistik der Sterbefälle","Germany",2011,"08.03.",2011-03-08,2442,"e"
"Statistik der Sterbefälle","Germany",2011,"09.03.",2011-03-09,2541,"e"
"Statistik der Sterbefälle","Germany",2011,"10.03.",2011-03-10,2641,"e"
"Statistik der Sterbefälle","Germany",2011,"11.03.",2011-03-11,2564,"e"
"Statistik der Sterbefälle","Germany",2011,"12.03.",2011-03-12,2605,"e"
"Statistik der Sterbefälle","Germany",2011,"13.03.",2011-03-13,2544,"e"
"Statistik der Sterbefälle","Germany",2011,"14.03.",2011-03-14,2505,"e"
"Statistik der Sterbefälle","Germany",2011,"15.03.",2011-03-15,2535,"e"
"Statistik der Sterbefälle","Germany",2011,"16.03.",2011-03-16,2562,"e"
"Statistik der Sterbefälle","Germany",2011,"17.03.",2011-03-17,2513,"e"
"Statistik der Sterbefälle","Germany",2011,"18.03.",2011-03-18,2497,"e"
"Statistik der Sterbefälle","Germany",2011,"19.03.",2011-03-19,2387,"e"
"Statistik der Sterbefälle","Germany",2011,"20.03.",2011-03-20,2346,"e"
"Statistik der Sterbefälle","Germany",2011,"21.03.",2011-03-21,2391,"e"
"Statistik der Sterbefälle","Germany",2011,"22.03.",2011-03-22,2395,"e"
"Statistik der Sterbefälle","Germany",2011,"23.03.",2011-03-23,2483,"e"
"Statistik der Sterbefälle","Germany",2011,"24.03.",2011-03-24,2466,"e"
"Statistik der Sterbefälle","Germany",2011,"25.03.",2011-03-25,2480,"e"
"Statistik der Sterbefälle","Germany",2011,"26.03.",2011-03-26,2545,"e"
"Statistik der Sterbefälle","Germany",2011,"27.03.",2011-03-27,2297,"e"
"Statistik der Sterbefälle","Germany",2011,"28.03.",2011-03-28,2467,"e"
"Statistik der Sterbefälle","Germany",2011,"29.03.",2011-03-29,2480,"e"
"Statistik der Sterbefälle","Germany",2011,"30.03.",2011-03-30,2518,"e"
"Statistik der Sterbefälle","Germany",2011,"31.03.",2011-03-31,2558,"e"
"Statistik der Sterbefälle","Germany",2011,"01.04.",2011-04-01,2519,"e"
"Statistik der Sterbefälle","Germany",2011,"02.04.",2011-04-02,2459,"e"
"Statistik der Sterbefälle","Germany",2011,"03.04.",2011-04-03,2409,"e"
"Statistik der Sterbefälle","Germany",2011,"04.04.",2011-04-04,2287,"e"
"Statistik der Sterbefälle","Germany",2011,"05.04.",2011-04-05,2292,"e"
"Statistik der Sterbefälle","Germany",2011,"06.04.",2011-04-06,2355,"e"
"Statistik der Sterbefälle","Germany",2011,"07.04.",2011-04-07,2371,"e"
"Statistik der Sterbefälle","Germany",2011,"08.04.",2011-04-08,2229,"e"
"Statistik der Sterbefälle","Germany",2011,"09.04.",2011-04-09,2245,"e"
"Statistik der Sterbefälle","Germany",2011,"10.04.",2011-04-10,2156,"e"
"Statistik der Sterbefälle","Germany",2011,"11.04.",2011-04-11,2395,"e"
"Statistik der Sterbefälle","Germany",2011,"12.04.",2011-04-12,2306,"e"
"Statistik der Sterbefälle","Germany",2011,"13.04.",2011-04-13,2359,"e"
"Statistik der Sterbefälle","Germany",2011,"14.04.",2011-04-14,2314,"e"
"Statistik der Sterbefälle","Germany",2011,"15.04.",2011-04-15,2268,"e"
"Statistik der Sterbefälle","Germany",2011,"16.04.",2011-04-16,2226,"e"
"Statistik der Sterbefälle","Germany",2011,"17.04.",2011-04-17,2290,"e"
"Statistik der Sterbefälle","Germany",2011,"18.04.",2011-04-18,2302,"e"
"Statistik der Sterbefälle","Germany",2011,"19.04.",2011-04-19,2402,"e"
"Statistik der Sterbefälle","Germany",2011,"20.04.",2011-04-20,2466,"e"
"Statistik der Sterbefälle","Germany",2011,"21.04.",2011-04-21,2460,"e"
"Statistik der Sterbefälle","Germany",2011,"22.04.",2011-04-22,2510,"e"
"Statistik der Sterbefälle","Germany",2011,"23.04.",2011-04-23,2400,"e"
"Statistik der Sterbefälle","Germany",2011,"24.04.",2011-04-24,2367,"e"
"Statistik der Sterbefälle","Germany",2011,"25.04.",2011-04-25,2263,"e"
"Statistik der Sterbefälle","Germany",2011,"26.04.",2011-04-26,2301,"e"
"Statistik der Sterbefälle","Germany",2011,"27.04.",2011-04-27,2250,"e"
"Statistik der Sterbefälle","Germany",2011,"28.04.",2011-04-28,2342,"e"
"Statistik der Sterbefälle","Germany",2011,"29.04.",2011-04-29,2361,"e"
"Statistik der Sterbefälle","Germany",2011,"30.04.",2011-04-30,2227,"e"
"Statistik der Sterbefälle","Germany",2011,"01.05.",2011-05-01,2304,"e"
"Statistik der Sterbefälle","Germany",2011,"02.05.",2011-05-02,2443,"e"
"Statistik der Sterbefälle","Germany",2011,"03.05.",2011-05-03,2292,"e"
"Statistik der Sterbefälle","Germany",2011,"04.05.",2011-05-04,2209,"e"
"Statistik der Sterbefälle","Germany",2011,"05.05.",2011-05-05,2316,"e"
"Statistik der Sterbefälle","Germany",2011,"06.05.",2011-05-06,2302,"e"
"Statistik der Sterbefälle","Germany",2011,"07.05.",2011-05-07,2401,"e"
"Statistik der Sterbefälle","Germany",2011,"08.05.",2011-05-08,2208,"e"
"Statistik der Sterbefälle","Germany",2011,"09.05.",2011-05-09,2446,"e"
"Statistik der Sterbefälle","Germany",2011,"10.05.",2011-05-10,2345,"e"
"Statistik der Sterbefälle","Germany",2011,"11.05.",2011-05-11,2420,"e"
"Statistik der Sterbefälle","Germany",2011,"12.05.",2011-05-12,2417,"e"
"Statistik der Sterbefälle","Germany",2011,"13.05.",2011-05-13,2315,"e"
"Statistik der Sterbefälle","Germany",2011,"14.05.",2011-05-14,2220,"e"
"Statistik der Sterbefälle","Germany",2011,"15.05.",2011-05-15,2143,"e"
"Statistik der Sterbefälle","Germany",2011,"16.05.",2011-05-16,2151,"e"
"Statistik der Sterbefälle","Germany",2011,"17.05.",2011-05-17,2265,"e"
"Statistik der Sterbefälle","Germany",2011,"18.05.",2011-05-18,2309,"e"
"Statistik der Sterbefälle","Germany",2011,"19.05.",2011-05-19,2377,"e"
"Statistik der Sterbefälle","Germany",2011,"20.05.",2011-05-20,2345,"e"
"Statistik der Sterbefälle","Germany",2011,"21.05.",2011-05-21,2261,"e"
"Statistik der Sterbefälle","Germany",2011,"22.05.",2011-05-22,2270,"e"
"Statistik der Sterbefälle","Germany",2011,"23.05.",2011-05-23,2230,"e"
"Statistik der Sterbefälle","Germany",2011,"24.05.",2011-05-24,2183,"e"
"Statistik der Sterbefälle","Germany",2011,"25.05.",2011-05-25,2103,"e"
"Statistik der Sterbefälle","Germany",2011,"26.05.",2011-05-26,2267,"e"
"Statistik der Sterbefälle","Germany",2011,"27.05.",2011-05-27,2305,"e"
"Statistik der Sterbefälle","Germany",2011,"28.05.",2011-05-28,2074,"e"
"Statistik der Sterbefälle","Germany",2011,"29.05.",2011-05-29,2108,"e"
"Statistik der Sterbefälle","Germany",2011,"30.05.",2011-05-30,2306,"e"
"Statistik der Sterbefälle","Germany",2011,"31.05.",2011-05-31,2278,"e"
"Statistik der Sterbefälle","Germany",2011,"01.06.",2011-06-01,2156,"e"
"Statistik der Sterbefälle","Germany",2011,"02.06.",2011-06-02,2122,"e"
"Statistik der Sterbefälle","Germany",2011,"03.06.",2011-06-03,2255,"e"
"Statistik der Sterbefälle","Germany",2011,"04.06.",2011-06-04,2273,"e"
"Statistik der Sterbefälle","Germany",2011,"05.06.",2011-06-05,2308,"e"
"Statistik der Sterbefälle","Germany",2011,"06.06.",2011-06-06,2374,"e"
"Statistik der Sterbefälle","Germany",2011,"07.06.",2011-06-07,2371,"e"
"Statistik der Sterbefälle","Germany",2011,"08.06.",2011-06-08,2228,"e"
"Statistik der Sterbefälle","Germany",2011,"09.06.",2011-06-09,2173,"e"
"Statistik der Sterbefälle","Germany",2011,"10.06.",2011-06-10,2048,"e"
"Statistik der Sterbefälle","Germany",2011,"11.06.",2011-06-11,2060,"e"
"Statistik der Sterbefälle","Germany",2011,"12.06.",2011-06-12,1985,"e"
"Statistik der Sterbefälle","Germany",2011,"13.06.",2011-06-13,2046,"e"
"Statistik der Sterbefälle","Germany",2011,"14.06.",2011-06-14,2274,"e"
"Statistik der Sterbefälle","Germany",2011,"15.06.",2011-06-15,2259,"e"
"Statistik der Sterbefälle","Germany",2011,"16.06.",2011-06-16,2290,"e"
"Statistik der Sterbefälle","Germany",2011,"17.06.",2011-06-17,2203,"e"
"Statistik der Sterbefälle","Germany",2011,"18.06.",2011-06-18,2057,"e"
"Statistik der Sterbefälle","Germany",2011,"19.06.",2011-06-19,2080,"e"
"Statistik der Sterbefälle","Germany",2011,"20.06.",2011-06-20,2098,"e"
"Statistik der Sterbefälle","Germany",2011,"21.06.",2011-06-21,2252,"e"
"Statistik der Sterbefälle","Germany",2011,"22.06.",2011-06-22,2242,"e"
"Statistik der Sterbefälle","Germany",2011,"23.06.",2011-06-23,2105,"e"
"Statistik der Sterbefälle","Germany",2011,"24.06.",2011-06-24,2103,"e"
"Statistik der Sterbefälle","Germany",2011,"25.06.",2011-06-25,2043,"e"
"Statistik der Sterbefälle","Germany",2011,"26.06.",2011-06-26,2036,"e"
"Statistik der Sterbefälle","Germany",2011,"27.06.",2011-06-27,2330,"e"
"Statistik der Sterbefälle","Germany",2011,"28.06.",2011-06-28,2335,"e"
"Statistik der Sterbefälle","Germany",2011,"29.06.",2011-06-29,2351,"e"
"Statistik der Sterbefälle","Germany",2011,"30.06.",2011-06-30,2150,"e"
"Statistik der Sterbefälle","Germany",2011,"01.07.",2011-07-01,2040,"e"
"Statistik der Sterbefälle","Germany",2011,"02.07.",2011-07-02,2071,"e"
"Statistik der Sterbefälle","Germany",2011,"03.07.",2011-07-03,2045,"e"
"Statistik der Sterbefälle","Germany",2011,"04.07.",2011-07-04,2158,"e"
"Statistik der Sterbefälle","Germany",2011,"05.07.",2011-07-05,2199,"e"
"Statistik der Sterbefälle","Germany",2011,"06.07.",2011-07-06,2320,"e"
"Statistik der Sterbefälle","Germany",2011,"07.07.",2011-07-07,2271,"e"
"Statistik der Sterbefälle","Germany",2011,"08.07.",2011-07-08,2268,"e"
"Statistik der Sterbefälle","Germany",2011,"09.07.",2011-07-09,2211,"e"
"Statistik der Sterbefälle","Germany",2011,"10.07.",2011-07-10,2076,"e"
"Statistik der Sterbefälle","Germany",2011,"11.07.",2011-07-11,2206,"e"
"Statistik der Sterbefälle","Germany",2011,"12.07.",2011-07-12,2313,"e"
"Statistik der Sterbefälle","Germany",2011,"13.07.",2011-07-13,2262,"e"
"Statistik der Sterbefälle","Germany",2011,"14.07.",2011-07-14,2095,"e"
"Statistik der Sterbefälle","Germany",2011,"15.07.",2011-07-15,2038,"e"
"Statistik der Sterbefälle","Germany",2011,"16.07.",2011-07-16,2175,"e"
"Statistik der Sterbefälle","Germany",2011,"17.07.",2011-07-17,2139,"e"
"Statistik der Sterbefälle","Germany",2011,"18.07.",2011-07-18,2152,"e"
"Statistik der Sterbefälle","Germany",2011,"19.07.",2011-07-19,2013,"e"
"Statistik der Sterbefälle","Germany",2011,"20.07.",2011-07-20,2157,"e"
"Statistik der Sterbefälle","Germany",2011,"21.07.",2011-07-21,2108,"e"
"Statistik der Sterbefälle","Germany",2011,"22.07.",2011-07-22,2163,"e"
"Statistik der Sterbefälle","Germany",2011,"23.07.",2011-07-23,2101,"e"
"Statistik der Sterbefälle","Germany",2011,"24.07.",2011-07-24,2089,"e"
"Statistik der Sterbefälle","Germany",2011,"25.07.",2011-07-25,2122,"e"
"Statistik der Sterbefälle","Germany",2011,"26.07.",2011-07-26,2242,"e"
"Statistik der Sterbefälle","Germany",2011,"27.07.",2011-07-27,2154,"e"
"Statistik der Sterbefälle","Germany",2011,"28.07.",2011-07-28,2197,"e"
"Statistik der Sterbefälle","Germany",2011,"29.07.",2011-07-29,2159,"e"
"Statistik der Sterbefälle","Germany",2011,"30.07.",2011-07-30,2081,"e"
"Statistik der Sterbefälle","Germany",2011,"31.07.",2011-07-31,2021,"e"
"Statistik der Sterbefälle","Germany",2011,"01.08.",2011-08-01,2104,"e"
"Statistik der Sterbefälle","Germany",2011,"02.08.",2011-08-02,2302,"e"
"Statistik der Sterbefälle","Germany",2011,"03.08.",2011-08-03,2230,"e"
"Statistik der Sterbefälle","Germany",2011,"04.08.",2011-08-04,2348,"e"
"Statistik der Sterbefälle","Germany",2011,"05.08.",2011-08-05,2394,"e"
"Statistik der Sterbefälle","Germany",2011,"06.08.",2011-08-06,2386,"e"
"Statistik der Sterbefälle","Germany",2011,"07.08.",2011-08-07,2156,"e"
"Statistik der Sterbefälle","Germany",2011,"08.08.",2011-08-08,2165,"e"
"Statistik der Sterbefälle","Germany",2011,"09.08.",2011-08-09,2071,"e"
"Statistik der Sterbefälle","Germany",2011,"10.08.",2011-08-10,2064,"e"
"Statistik der Sterbefälle","Germany",2011,"11.08.",2011-08-11,2186,"e"
"Statistik der Sterbefälle","Germany",2011,"12.08.",2011-08-12,2231,"e"
"Statistik der Sterbefälle","Germany",2011,"13.08.",2011-08-13,2203,"e"
"Statistik der Sterbefälle","Germany",2011,"14.08.",2011-08-14,2184,"e"
"Statistik der Sterbefälle","Germany",2011,"15.08.",2011-08-15,2225,"e"
"Statistik der Sterbefälle","Germany",2011,"16.08.",2011-08-16,2083,"e"
"Statistik der Sterbefälle","Germany",2011,"17.08.",2011-08-17,2162,"e"
"Statistik der Sterbefälle","Germany",2011,"18.08.",2011-08-18,2219,"e"
"Statistik der Sterbefälle","Germany",2011,"19.08.",2011-08-19,2285,"e"
"Statistik der Sterbefälle","Germany",2011,"20.08.",2011-08-20,2156,"e"
"Statistik der Sterbefälle","Germany",2011,"21.08.",2011-08-21,2218,"e"
"Statistik der Sterbefälle","Germany",2011,"22.08.",2011-08-22,2328,"e"
"Statistik der Sterbefälle","Germany",2011,"23.08.",2011-08-23,2374,"e"
"Statistik der Sterbefälle","Germany",2011,"24.08.",2011-08-24,2331,"e"
"Statistik der Sterbefälle","Germany",2011,"25.08.",2011-08-25,2330,"e"
"Statistik der Sterbefälle","Germany",2011,"26.08.",2011-08-26,2404,"e"
"Statistik der Sterbefälle","Germany",2011,"27.08.",2011-08-27,2165,"e"
"Statistik der Sterbefälle","Germany",2011,"28.08.",2011-08-28,1955,"e"
"Statistik der Sterbefälle","Germany",2011,"29.08.",2011-08-29,2060,"e"
"Statistik der Sterbefälle","Germany",2011,"30.08.",2011-08-30,2088,"e"
"Statistik der Sterbefälle","Germany",2011,"31.08.",2011-08-31,2163,"e"
"Statistik der Sterbefälle","Germany",2011,"01.09.",2011-09-01,2110,"e"
"Statistik der Sterbefälle","Germany",2011,"02.09.",2011-09-02,2259,"e"
"Statistik der Sterbefälle","Germany",2011,"03.09.",2011-09-03,2191,"e"
"Statistik der Sterbefälle","Germany",2011,"04.09.",2011-09-04,2254,"e"
"Statistik der Sterbefälle","Germany",2011,"05.09.",2011-09-05,2193,"e"
"Statistik der Sterbefälle","Germany",2011,"06.09.",2011-09-06,2083,"e"
"Statistik der Sterbefälle","Germany",2011,"07.09.",2011-09-07,2119,"e"
"Statistik der Sterbefälle","Germany",2011,"08.09.",2011-09-08,2117,"e"
"Statistik der Sterbefälle","Germany",2011,"09.09.",2011-09-09,2227,"e"
"Statistik der Sterbefälle","Germany",2011,"10.09.",2011-09-10,2237,"e"
"Statistik der Sterbefälle","Germany",2011,"11.09.",2011-09-11,2133,"e"
"Statistik der Sterbefälle","Germany",2011,"12.09.",2011-09-12,2134,"e"
"Statistik der Sterbefälle","Germany",2011,"13.09.",2011-09-13,2151,"e"
"Statistik der Sterbefälle","Germany",2011,"14.09.",2011-09-14,2061,"e"
"Statistik der Sterbefälle","Germany",2011,"15.09.",2011-09-15,2174,"e"
"Statistik der Sterbefälle","Germany",2011,"16.09.",2011-09-16,2168,"e"
"Statistik der Sterbefälle","Germany",2011,"17.09.",2011-09-17,2158,"e"
"Statistik der Sterbefälle","Germany",2011,"18.09.",2011-09-18,2041,"e"
"Statistik der Sterbefälle","Germany",2011,"19.09.",2011-09-19,2148,"e"
"Statistik der Sterbefälle","Germany",2011,"20.09.",2011-09-20,2028,"e"
"Statistik der Sterbefälle","Germany",2011,"21.09.",2011-09-21,2161,"e"
"Statistik der Sterbefälle","Germany",2011,"22.09.",2011-09-22,2199,"e"
"Statistik der Sterbefälle","Germany",2011,"23.09.",2011-09-23,2193,"e"
"Statistik der Sterbefälle","Germany",2011,"24.09.",2011-09-24,2228,"e"
"Statistik der Sterbefälle","Germany",2011,"25.09.",2011-09-25,2182,"e"
"Statistik der Sterbefälle","Germany",2011,"26.09.",2011-09-26,2232,"e"
"Statistik der Sterbefälle","Germany",2011,"27.09.",2011-09-27,2231,"e"
"Statistik der Sterbefälle","Germany",2011,"28.09.",2011-09-28,2246,"e"
"Statistik der Sterbefälle","Germany",2011,"29.09.",2011-09-29,2186,"e"
"Statistik der Sterbefälle","Germany",2011,"30.09.",2011-09-30,2273,"e"
"Statistik der Sterbefälle","Germany",2011,"01.10.",2011-10-01,2217,"e"
"Statistik der Sterbefälle","Germany",2011,"02.10.",2011-10-02,2154,"e"
"Statistik der Sterbefälle","Germany",2011,"03.10.",2011-10-03,2184,"e"
"Statistik der Sterbefälle","Germany",2011,"04.10.",2011-10-04,2256,"e"
"Statistik der Sterbefälle","Germany",2011,"05.10.",2011-10-05,2330,"e"
"Statistik der Sterbefälle","Germany",2011,"06.10.",2011-10-06,2239,"e"
"Statistik der Sterbefälle","Germany",2011,"07.10.",2011-10-07,2210,"e"
"Statistik der Sterbefälle","Germany",2011,"08.10.",2011-10-08,2145,"e"
"Statistik der Sterbefälle","Germany",2011,"09.10.",2011-10-09,2212,"e"
"Statistik der Sterbefälle","Germany",2011,"10.10.",2011-10-10,2409,"e"
"Statistik der Sterbefälle","Germany",2011,"11.10.",2011-10-11,2286,"e"
"Statistik der Sterbefälle","Germany",2011,"12.10.",2011-10-12,2382,"e"
"Statistik der Sterbefälle","Germany",2011,"13.10.",2011-10-13,2302,"e"
"Statistik der Sterbefälle","Germany",2011,"14.10.",2011-10-14,2240,"e"
"Statistik der Sterbefälle","Germany",2011,"15.10.",2011-10-15,2209,"e"
"Statistik der Sterbefälle","Germany",2011,"16.10.",2011-10-16,2171,"e"
"Statistik der Sterbefälle","Germany",2011,"17.10.",2011-10-17,2317,"e"
"Statistik der Sterbefälle","Germany",2011,"18.10.",2011-10-18,2408,"e"
"Statistik der Sterbefälle","Germany",2011,"19.10.",2011-10-19,2416,"e"
"Statistik der Sterbefälle","Germany",2011,"20.10.",2011-10-20,2320,"e"
"Statistik der Sterbefälle","Germany",2011,"21.10.",2011-10-21,2391,"e"
"Statistik der Sterbefälle","Germany",2011,"22.10.",2011-10-22,2249,"e"
"Statistik der Sterbefälle","Germany",2011,"23.10.",2011-10-23,2270,"e"
"Statistik der Sterbefälle","Germany",2011,"24.10.",2011-10-24,2435,"e"
"Statistik der Sterbefälle","Germany",2011,"25.10.",2011-10-25,2417,"e"
"Statistik der Sterbefälle","Germany",2011,"26.10.",2011-10-26,2522,"e"
"Statistik der Sterbefälle","Germany",2011,"27.10.",2011-10-27,2411,"e"
"Statistik der Sterbefälle","Germany",2011,"28.10.",2011-10-28,2426,"e"
"Statistik der Sterbefälle","Germany",2011,"29.10.",2011-10-29,2442,"e"
"Statistik der Sterbefälle","Germany",2011,"30.10.",2011-10-30,2489,"e"
"Statistik der Sterbefälle","Germany",2011,"31.10.",2011-10-31,2366,"e"
"Statistik der Sterbefälle","Germany",2011,"01.11.",2011-11-01,2422,"e"
"Statistik der Sterbefälle","Germany",2011,"02.11.",2011-11-02,2462,"e"
"Statistik der Sterbefälle","Germany",2011,"03.11.",2011-11-03,2441,"e"
"Statistik der Sterbefälle","Germany",2011,"04.11.",2011-11-04,2342,"e"
"Statistik der Sterbefälle","Germany",2011,"05.11.",2011-11-05,2385,"e"
"Statistik der Sterbefälle","Germany",2011,"06.11.",2011-11-06,2318,"e"
"Statistik der Sterbefälle","Germany",2011,"07.11.",2011-11-07,2350,"e"
"Statistik der Sterbefälle","Germany",2011,"08.11.",2011-11-08,2349,"e"
"Statistik der Sterbefälle","Germany",2011,"09.11.",2011-11-09,2435,"e"
"Statistik der Sterbefälle","Germany",2011,"10.11.",2011-11-10,2349,"e"
"Statistik der Sterbefälle","Germany",2011,"11.11.",2011-11-11,2277,"e"
"Statistik der Sterbefälle","Germany",2011,"12.11.",2011-11-12,2338,"e"
"Statistik der Sterbefälle","Germany",2011,"13.11.",2011-11-13,2280,"e"
"Statistik der Sterbefälle","Germany",2011,"14.11.",2011-11-14,2325,"e"
"Statistik der Sterbefälle","Germany",2011,"15.11.",2011-11-15,2450,"e"
"Statistik der Sterbefälle","Germany",2011,"16.11.",2011-11-16,2411,"e"
"Statistik der Sterbefälle","Germany",2011,"17.11.",2011-11-17,2425,"e"
"Statistik der Sterbefälle","Germany",2011,"18.11.",2011-11-18,2511,"e"
"Statistik der Sterbefälle","Germany",2011,"19.11.",2011-11-19,2413,"e"
"Statistik der Sterbefälle","Germany",2011,"20.11.",2011-11-20,2379,"e"
"Statistik der Sterbefälle","Germany",2011,"21.11.",2011-11-21,2445,"e"
"Statistik der Sterbefälle","Germany",2011,"22.11.",2011-11-22,2362,"e"
"Statistik der Sterbefälle","Germany",2011,"23.11.",2011-11-23,2433,"e"
"Statistik der Sterbefälle","Germany",2011,"24.11.",2011-11-24,2431,"e"
"Statistik der Sterbefälle","Germany",2011,"25.11.",2011-11-25,2425,"e"
"Statistik der Sterbefälle","Germany",2011,"26.11.",2011-11-26,2366,"e"
"Statistik der Sterbefälle","Germany",2011,"27.11.",2011-11-27,2454,"e"
"Statistik der Sterbefälle","Germany",2011,"28.11.",2011-11-28,2361,"e"
"Statistik der Sterbefälle","Germany",2011,"29.11.",2011-11-29,2516,"e"
"Statistik der Sterbefälle","Germany",2011,"30.11.",2011-11-30,2495,"e"
"Statistik der Sterbefälle","Germany",2011,"01.12.",2011-12-01,2540,"e"
"Statistik der Sterbefälle","Germany",2011,"02.12.",2011-12-02,2662,"e"
"Statistik der Sterbefälle","Germany",2011,"03.12.",2011-12-03,2481,"e"
"Statistik der Sterbefälle","Germany",2011,"04.12.",2011-12-04,2484,"e"
"Statistik der Sterbefälle","Germany",2011,"05.12.",2011-12-05,2518,"e"
"Statistik der Sterbefälle","Germany",2011,"06.12.",2011-12-06,2485,"e"
"Statistik der Sterbefälle","Germany",2011,"07.12.",2011-12-07,2543,"e"
"Statistik der Sterbefälle","Germany",2011,"08.12.",2011-12-08,2516,"e"
"Statistik der Sterbefälle","Germany",2011,"09.12.",2011-12-09,2714,"e"
"Statistik der Sterbefälle","Germany",2011,"10.12.",2011-12-10,2414,"e"
"Statistik der Sterbefälle","Germany",2011,"11.12.",2011-12-11,2498,"e"
"Statistik der Sterbefälle","Germany",2011,"12.12.",2011-12-12,2543,"e"
"Statistik der Sterbefälle","Germany",2011,"13.12.",2011-12-13,2532,"e"
"Statistik der Sterbefälle","Germany",2011,"14.12.",2011-12-14,2542,"e"
"Statistik der Sterbefälle","Germany",2011,"15.12.",2011-12-15,2572,"e"
"Statistik der Sterbefälle","Germany",2011,"16.12.",2011-12-16,2727,"e"
"Statistik der Sterbefälle","Germany",2011,"17.12.",2011-12-17,2494,"e"
"Statistik der Sterbefälle","Germany",2011,"18.12.",2011-12-18,2396,"e"
"Statistik der Sterbefälle","Germany",2011,"19.12.",2011-12-19,2531,"e"
"Statistik der Sterbefälle","Germany",2011,"20.12.",2011-12-20,2609,"e"
"Statistik der Sterbefälle","Germany",2011,"21.12.",2011-12-21,2577,"e"
"Statistik der Sterbefälle","Germany",2011,"22.12.",2011-12-22,2510,"e"
"Statistik der Sterbefälle","Germany",2011,"23.12.",2011-12-23,2634,"e"
"Statistik der Sterbefälle","Germany",2011,"24.12.",2011-12-24,2438,"e"
"Statistik der Sterbefälle","Germany",2011,"25.12.",2011-12-25,2499,"e"
"Statistik der Sterbefälle","Germany",2011,"26.12.",2011-12-26,2497,"e"
"Statistik der Sterbefälle","Germany",2011,"27.12.",2011-12-27,2596,"e"
"Statistik der Sterbefälle","Germany",2011,"28.12.",2011-12-28,2478,"e"
"Statistik der Sterbefälle","Germany",2011,"29.12.",2011-12-29,2618,"e"
"Statistik der Sterbefälle","Germany",2011,"30.12.",2011-12-30,2478,"e"
"Statistik der Sterbefälle","Germany",2011,"31.12.",2011-12-31,2454,"e"
"Statistik der Sterbefälle","Germany",2012,"01.01.",2012-01-01,2602,"e"
"Statistik der Sterbefälle","Germany",2012,"02.01.",2012-01-02,2555,"e"
"Statistik der Sterbefälle","Germany",2012,"03.01.",2012-01-03,2619,"e"
"Statistik der Sterbefälle","Germany",2012,"04.01.",2012-01-04,2551,"e"
"Statistik der Sterbefälle","Germany",2012,"05.01.",2012-01-05,2642,"e"
"Statistik der Sterbefälle","Germany",2012,"06.01.",2012-01-06,2485,"e"
"Statistik der Sterbefälle","Germany",2012,"07.01.",2012-01-07,2505,"e"
"Statistik der Sterbefälle","Germany",2012,"08.01.",2012-01-08,2405,"e"
"Statistik der Sterbefälle","Germany",2012,"09.01.",2012-01-09,2532,"e"
"Statistik der Sterbefälle","Germany",2012,"10.01.",2012-01-10,2494,"e"
"Statistik der Sterbefälle","Germany",2012,"11.01.",2012-01-11,2456,"e"
"Statistik der Sterbefälle","Germany",2012,"12.01.",2012-01-12,2590,"e"
"Statistik der Sterbefälle","Germany",2012,"13.01.",2012-01-13,2440,"e"
"Statistik der Sterbefälle","Germany",2012,"14.01.",2012-01-14,2351,"e"
"Statistik der Sterbefälle","Germany",2012,"15.01.",2012-01-15,2282,"e"
"Statistik der Sterbefälle","Germany",2012,"16.01.",2012-01-16,2478,"e"
"Statistik der Sterbefälle","Germany",2012,"17.01.",2012-01-17,2539,"e"
"Statistik der Sterbefälle","Germany",2012,"18.01.",2012-01-18,2487,"e"
"Statistik der Sterbefälle","Germany",2012,"19.01.",2012-01-19,2525,"e"
"Statistik der Sterbefälle","Germany",2012,"20.01.",2012-01-20,2571,"e"
"Statistik der Sterbefälle","Germany",2012,"21.01.",2012-01-21,2426,"e"
"Statistik der Sterbefälle","Germany",2012,"22.01.",2012-01-22,2428,"e"
"Statistik der Sterbefälle","Germany",2012,"23.01.",2012-01-23,2483,"e"
"Statistik der Sterbefälle","Germany",2012,"24.01.",2012-01-24,2409,"e"
"Statistik der Sterbefälle","Germany",2012,"25.01.",2012-01-25,2359,"e"
"Statistik der Sterbefälle","Germany",2012,"26.01.",2012-01-26,2416,"e"
"Statistik der Sterbefälle","Germany",2012,"27.01.",2012-01-27,2428,"e"
"Statistik der Sterbefälle","Germany",2012,"28.01.",2012-01-28,2476,"e"
"Statistik der Sterbefälle","Germany",2012,"29.01.",2012-01-29,2348,"e"
"Statistik der Sterbefälle","Germany",2012,"30.01.",2012-01-30,2552,"e"
"Statistik der Sterbefälle","Germany",2012,"31.01.",2012-01-31,2461,"e"
"Statistik der Sterbefälle","Germany",2012,"01.02.",2012-02-01,2562,"e"
"Statistik der Sterbefälle","Germany",2012,"02.02.",2012-02-02,2526,"e"
"Statistik der Sterbefälle","Germany",2012,"03.02.",2012-02-03,2579,"e"
"Statistik der Sterbefälle","Germany",2012,"04.02.",2012-02-04,2435,"e"
"Statistik der Sterbefälle","Germany",2012,"05.02.",2012-02-05,2516,"e"
"Statistik der Sterbefälle","Germany",2012,"06.02.",2012-02-06,2585,"e"
"Statistik der Sterbefälle","Germany",2012,"07.02.",2012-02-07,2540,"e"
"Statistik der Sterbefälle","Germany",2012,"08.02.",2012-02-08,2671,"e"
"Statistik der Sterbefälle","Germany",2012,"09.02.",2012-02-09,2619,"e"
"Statistik der Sterbefälle","Germany",2012,"10.02.",2012-02-10,2694,"e"
"Statistik der Sterbefälle","Germany",2012,"11.02.",2012-02-11,2659,"e"
"Statistik der Sterbefälle","Germany",2012,"12.02.",2012-02-12,2602,"e"
"Statistik der Sterbefälle","Germany",2012,"13.02.",2012-02-13,2616,"e"
"Statistik der Sterbefälle","Germany",2012,"14.02.",2012-02-14,2785,"e"
"Statistik der Sterbefälle","Germany",2012,"15.02.",2012-02-15,2753,"e"
"Statistik der Sterbefälle","Germany",2012,"16.02.",2012-02-16,2748,"e"
"Statistik der Sterbefälle","Germany",2012,"17.02.",2012-02-17,2712,"e"
"Statistik der Sterbefälle","Germany",2012,"18.02.",2012-02-18,2707,"e"
"Statistik der Sterbefälle","Germany",2012,"19.02.",2012-02-19,2593,"e"
"Statistik der Sterbefälle","Germany",2012,"20.02.",2012-02-20,2608,"e"
"Statistik der Sterbefälle","Germany",2012,"21.02.",2012-02-21,2697,"e"
"Statistik der Sterbefälle","Germany",2012,"22.02.",2012-02-22,2765,"e"
"Statistik der Sterbefälle","Germany",2012,"23.02.",2012-02-23,2714,"e"
"Statistik der Sterbefälle","Germany",2012,"24.02.",2012-02-24,2763,"e"
"Statistik der Sterbefälle","Germany",2012,"25.02.",2012-02-25,2558,"e"
"Statistik der Sterbefälle","Germany",2012,"26.02.",2012-02-26,2524,"e"
"Statistik der Sterbefälle","Germany",2012,"27.02.",2012-02-27,2617,"e"
"Statistik der Sterbefälle","Germany",2012,"28.02.",2012-02-28,2734,"e"
"Statistik der Sterbefälle","Germany",2012,"29.02.",2012-02-29,2625,"e"
"Statistik der Sterbefälle","Germany",2012,"01.03.",2012-03-01,2721,"e"
"Statistik der Sterbefälle","Germany",2012,"02.03.",2012-03-02,2558,"e"
"Statistik der Sterbefälle","Germany",2012,"03.03.",2012-03-03,2505,"e"
"Statistik der Sterbefälle","Germany",2012,"04.03.",2012-03-04,2389,"e"
"Statistik der Sterbefälle","Germany",2012,"05.03.",2012-03-05,2658,"e"
"Statistik der Sterbefälle","Germany",2012,"06.03.",2012-03-06,2573,"e"
"Statistik der Sterbefälle","Germany",2012,"07.03.",2012-03-07,2532,"e"
"Statistik der Sterbefälle","Germany",2012,"08.03.",2012-03-08,2625,"e"
"Statistik der Sterbefälle","Germany",2012,"09.03.",2012-03-09,2560,"e"
"Statistik der Sterbefälle","Germany",2012,"10.03.",2012-03-10,2506,"e"
"Statistik der Sterbefälle","Germany",2012,"11.03.",2012-03-11,2502,"e"
"Statistik der Sterbefälle","Germany",2012,"12.03.",2012-03-12,2595,"e"
"Statistik der Sterbefälle","Germany",2012,"13.03.",2012-03-13,2617,"e"
"Statistik der Sterbefälle","Germany",2012,"14.03.",2012-03-14,2635,"e"
"Statistik der Sterbefälle","Germany",2012,"15.03.",2012-03-15,2513,"e"
"Statistik der Sterbefälle","Germany",2012,"16.03.",2012-03-16,2606,"e"
"Statistik der Sterbefälle","Germany",2012,"17.03.",2012-03-17,2565,"e"
"Statistik der Sterbefälle","Germany",2012,"18.03.",2012-03-18,2426,"e"
"Statistik der Sterbefälle","Germany",2012,"19.03.",2012-03-19,2417,"e"
"Statistik der Sterbefälle","Germany",2012,"20.03.",2012-03-20,2517,"e"
"Statistik der Sterbefälle","Germany",2012,"21.03.",2012-03-21,2624,"e"
"Statistik der Sterbefälle","Germany",2012,"22.03.",2012-03-22,2512,"e"
"Statistik der Sterbefälle","Germany",2012,"23.03.",2012-03-23,2506,"e"
"Statistik der Sterbefälle","Germany",2012,"24.03.",2012-03-24,2470,"e"
"Statistik der Sterbefälle","Germany",2012,"25.03.",2012-03-25,2295,"e"
"Statistik der Sterbefälle","Germany",2012,"26.03.",2012-03-26,2409,"e"
"Statistik der Sterbefälle","Germany",2012,"27.03.",2012-03-27,2532,"e"
"Statistik der Sterbefälle","Germany",2012,"28.03.",2012-03-28,2430,"e"
"Statistik der Sterbefälle","Germany",2012,"29.03.",2012-03-29,2435,"e"
"Statistik der Sterbefälle","Germany",2012,"30.03.",2012-03-30,2492,"e"
"Statistik der Sterbefälle","Germany",2012,"31.03.",2012-03-31,2479,"e"
"Statistik der Sterbefälle","Germany",2012,"01.04.",2012-04-01,2334,"e"
"Statistik der Sterbefälle","Germany",2012,"02.04.",2012-04-02,2583,"e"
"Statistik der Sterbefälle","Germany",2012,"03.04.",2012-04-03,2593,"e"
"Statistik der Sterbefälle","Germany",2012,"04.04.",2012-04-04,2541,"e"
"Statistik der Sterbefälle","Germany",2012,"05.04.",2012-04-05,2553,"e"
"Statistik der Sterbefälle","Germany",2012,"06.04.",2012-04-06,2496,"e"
"Statistik der Sterbefälle","Germany",2012,"07.04.",2012-04-07,2437,"e"
"Statistik der Sterbefälle","Germany",2012,"08.04.",2012-04-08,2324,"e"
"Statistik der Sterbefälle","Germany",2012,"09.04.",2012-04-09,2345,"e"
"Statistik der Sterbefälle","Germany",2012,"10.04.",2012-04-10,2425,"e"
"Statistik der Sterbefälle","Germany",2012,"11.04.",2012-04-11,2447,"e"
"Statistik der Sterbefälle","Germany",2012,"12.04.",2012-04-12,2526,"e"
"Statistik der Sterbefälle","Germany",2012,"13.04.",2012-04-13,2416,"e"
"Statistik der Sterbefälle","Germany",2012,"14.04.",2012-04-14,2429,"e"
"Statistik der Sterbefälle","Germany",2012,"15.04.",2012-04-15,2324,"e"
"Statistik der Sterbefälle","Germany",2012,"16.04.",2012-04-16,2446,"e"
"Statistik der Sterbefälle","Germany",2012,"17.04.",2012-04-17,2392,"e"
"Statistik der Sterbefälle","Germany",2012,"18.04.",2012-04-18,2402,"e"
"Statistik der Sterbefälle","Germany",2012,"19.04.",2012-04-19,2608,"e"
"Statistik der Sterbefälle","Germany",2012,"20.04.",2012-04-20,2479,"e"
"Statistik der Sterbefälle","Germany",2012,"21.04.",2012-04-21,2464,"e"
"Statistik der Sterbefälle","Germany",2012,"22.04.",2012-04-22,2318,"e"
"Statistik der Sterbefälle","Germany",2012,"23.04.",2012-04-23,2392,"e"
"Statistik der Sterbefälle","Germany",2012,"24.04.",2012-04-24,2371,"e"
"Statistik der Sterbefälle","Germany",2012,"25.04.",2012-04-25,2452,"e"
"Statistik der Sterbefälle","Germany",2012,"26.04.",2012-04-26,2452,"e"
"Statistik der Sterbefälle","Germany",2012,"27.04.",2012-04-27,2464,"e"
"Statistik der Sterbefälle","Germany",2012,"28.04.",2012-04-28,2446,"e"
"Statistik der Sterbefälle","Germany",2012,"29.04.",2012-04-29,2397,"e"
"Statistik der Sterbefälle","Germany",2012,"30.04.",2012-04-30,2578,"e"
"Statistik der Sterbefälle","Germany",2012,"01.05.",2012-05-01,2448,"e"
"Statistik der Sterbefälle","Germany",2012,"02.05.",2012-05-02,2394,"e"
"Statistik der Sterbefälle","Germany",2012,"03.05.",2012-05-03,2379,"e"
"Statistik der Sterbefälle","Germany",2012,"04.05.",2012-05-04,2356,"e"
"Statistik der Sterbefälle","Germany",2012,"05.05.",2012-05-05,2204,"e"
"Statistik der Sterbefälle","Germany",2012,"06.05.",2012-05-06,2204,"e"
"Statistik der Sterbefälle","Germany",2012,"07.05.",2012-05-07,2241,"e"
"Statistik der Sterbefälle","Germany",2012,"08.05.",2012-05-08,2296,"e"
"Statistik der Sterbefälle","Germany",2012,"09.05.",2012-05-09,2360,"e"
"Statistik der Sterbefälle","Germany",2012,"10.05.",2012-05-10,2359,"e"
"Statistik der Sterbefälle","Germany",2012,"11.05.",2012-05-11,2428,"e"
"Statistik der Sterbefälle","Germany",2012,"12.05.",2012-05-12,2120,"e"
"Statistik der Sterbefälle","Germany",2012,"13.05.",2012-05-13,2132,"e"
"Statistik der Sterbefälle","Germany",2012,"14.05.",2012-05-14,2164,"e"
"Statistik der Sterbefälle","Germany",2012,"15.05.",2012-05-15,2372,"e"
"Statistik der Sterbefälle","Germany",2012,"16.05.",2012-05-16,2233,"e"
"Statistik der Sterbefälle","Germany",2012,"17.05.",2012-05-17,2114,"e"
"Statistik der Sterbefälle","Germany",2012,"18.05.",2012-05-18,2326,"e"
"Statistik der Sterbefälle","Germany",2012,"19.05.",2012-05-19,2362,"e"
"Statistik der Sterbefälle","Germany",2012,"20.05.",2012-05-20,2236,"e"
"Statistik der Sterbefälle","Germany",2012,"21.05.",2012-05-21,2476,"e"
"Statistik der Sterbefälle","Germany",2012,"22.05.",2012-05-22,2459,"e"
"Statistik der Sterbefälle","Germany",2012,"23.05.",2012-05-23,2472,"e"
"Statistik der Sterbefälle","Germany",2012,"24.05.",2012-05-24,2407,"e"
"Statistik der Sterbefälle","Germany",2012,"25.05.",2012-05-25,2338,"e"
"Statistik der Sterbefälle","Germany",2012,"26.05.",2012-05-26,2232,"e"
"Statistik der Sterbefälle","Germany",2012,"27.05.",2012-05-27,2149,"e"
"Statistik der Sterbefälle","Germany",2012,"28.05.",2012-05-28,2171,"e"
"Statistik der Sterbefälle","Germany",2012,"29.05.",2012-05-29,2354,"e"
"Statistik der Sterbefälle","Germany",2012,"30.05.",2012-05-30,2207,"e"
"Statistik der Sterbefälle","Germany",2012,"31.05.",2012-05-31,2277,"e"
"Statistik der Sterbefälle","Germany",2012,"01.06.",2012-06-01,2153,"e"
"Statistik der Sterbefälle","Germany",2012,"02.06.",2012-06-02,2236,"e"
"Statistik der Sterbefälle","Germany",2012,"03.06.",2012-06-03,2109,"e"
"Statistik der Sterbefälle","Germany",2012,"04.06.",2012-06-04,2214,"e"
"Statistik der Sterbefälle","Germany",2012,"05.06.",2012-06-05,2159,"e"
"Statistik der Sterbefälle","Germany",2012,"06.06.",2012-06-06,2260,"e"
"Statistik der Sterbefälle","Germany",2012,"07.06.",2012-06-07,2268,"e"
"Statistik der Sterbefälle","Germany",2012,"08.06.",2012-06-08,2353,"e"
"Statistik der Sterbefälle","Germany",2012,"09.06.",2012-06-09,2180,"e"
"Statistik der Sterbefälle","Germany",2012,"10.06.",2012-06-10,2126,"e"
"Statistik der Sterbefälle","Germany",2012,"11.06.",2012-06-11,2212,"e"
"Statistik der Sterbefälle","Germany",2012,"12.06.",2012-06-12,2170,"e"
"Statistik der Sterbefälle","Germany",2012,"13.06.",2012-06-13,2148,"e"
"Statistik der Sterbefälle","Germany",2012,"14.06.",2012-06-14,2173,"e"
"Statistik der Sterbefälle","Germany",2012,"15.06.",2012-06-15,2283,"e"
"Statistik der Sterbefälle","Germany",2012,"16.06.",2012-06-16,2268,"e"
"Statistik der Sterbefälle","Germany",2012,"17.06.",2012-06-17,2144,"e"
"Statistik der Sterbefälle","Germany",2012,"18.06.",2012-06-18,2315,"e"
"Statistik der Sterbefälle","Germany",2012,"19.06.",2012-06-19,2291,"e"
"Statistik der Sterbefälle","Germany",2012,"20.06.",2012-06-20,2314,"e"
"Statistik der Sterbefälle","Germany",2012,"21.06.",2012-06-21,2259,"e"
"Statistik der Sterbefälle","Germany",2012,"22.06.",2012-06-22,2120,"e"
"Statistik der Sterbefälle","Germany",2012,"23.06.",2012-06-23,2161,"e"
"Statistik der Sterbefälle","Germany",2012,"24.06.",2012-06-24,2090,"e"
"Statistik der Sterbefälle","Germany",2012,"25.06.",2012-06-25,2173,"e"
"Statistik der Sterbefälle","Germany",2012,"26.06.",2012-06-26,2108,"e"
"Statistik der Sterbefälle","Germany",2012,"27.06.",2012-06-27,2189,"e"
"Statistik der Sterbefälle","Germany",2012,"28.06.",2012-06-28,2336,"e"
"Statistik der Sterbefälle","Germany",2012,"29.06.",2012-06-29,2428,"e"
"Statistik der Sterbefälle","Germany",2012,"30.06.",2012-06-30,2349,"e"
"Statistik der Sterbefälle","Germany",2012,"01.07.",2012-07-01,2110,"e"
"Statistik der Sterbefälle","Germany",2012,"02.07.",2012-07-02,2202,"e"
"Statistik der Sterbefälle","Germany",2012,"03.07.",2012-07-03,2256,"e"
"Statistik der Sterbefälle","Germany",2012,"04.07.",2012-07-04,2330,"e"
"Statistik der Sterbefälle","Germany",2012,"05.07.",2012-07-05,2350,"e"
"Statistik der Sterbefälle","Germany",2012,"06.07.",2012-07-06,2327,"e"
"Statistik der Sterbefälle","Germany",2012,"07.07.",2012-07-07,2231,"e"
"Statistik der Sterbefälle","Germany",2012,"08.07.",2012-07-08,2136,"e"
"Statistik der Sterbefälle","Germany",2012,"09.07.",2012-07-09,2173,"e"
"Statistik der Sterbefälle","Germany",2012,"10.07.",2012-07-10,2173,"e"
"Statistik der Sterbefälle","Germany",2012,"11.07.",2012-07-11,2107,"e"
"Statistik der Sterbefälle","Germany",2012,"12.07.",2012-07-12,2126,"e"
"Statistik der Sterbefälle","Germany",2012,"13.07.",2012-07-13,2168,"e"
"Statistik der Sterbefälle","Germany",2012,"14.07.",2012-07-14,2142,"e"
"Statistik der Sterbefälle","Germany",2012,"15.07.",2012-07-15,1993,"e"
"Statistik der Sterbefälle","Germany",2012,"16.07.",2012-07-16,2168,"e"
"Statistik der Sterbefälle","Germany",2012,"17.07.",2012-07-17,2165,"e"
"Statistik der Sterbefälle","Germany",2012,"18.07.",2012-07-18,2253,"e"
"Statistik der Sterbefälle","Germany",2012,"19.07.",2012-07-19,2157,"e"
"Statistik der Sterbefälle","Germany",2012,"20.07.",2012-07-20,2132,"e"
"Statistik der Sterbefälle","Germany",2012,"21.07.",2012-07-21,2117,"e"
"Statistik der Sterbefälle","Germany",2012,"22.07.",2012-07-22,2034,"e"
"Statistik der Sterbefälle","Germany",2012,"23.07.",2012-07-23,2188,"e"
"Statistik der Sterbefälle","Germany",2012,"24.07.",2012-07-24,2265,"e"
"Statistik der Sterbefälle","Germany",2012,"25.07.",2012-07-25,2411,"e"
"Statistik der Sterbefälle","Germany",2012,"26.07.",2012-07-26,2478,"e"
"Statistik der Sterbefälle","Germany",2012,"27.07.",2012-07-27,2417,"e"
"Statistik der Sterbefälle","Germany",2012,"28.07.",2012-07-28,2375,"e"
"Statistik der Sterbefälle","Germany",2012,"29.07.",2012-07-29,2159,"e"
"Statistik der Sterbefälle","Germany",2012,"30.07.",2012-07-30,2143,"e"
"Statistik der Sterbefälle","Germany",2012,"31.07.",2012-07-31,2105,"e"
"Statistik der Sterbefälle","Germany",2012,"01.08.",2012-08-01,2273,"e"
"Statistik der Sterbefälle","Germany",2012,"02.08.",2012-08-02,2276,"e"
"Statistik der Sterbefälle","Germany",2012,"03.08.",2012-08-03,2285,"e"
"Statistik der Sterbefälle","Germany",2012,"04.08.",2012-08-04,2116,"e"
"Statistik der Sterbefälle","Germany",2012,"05.08.",2012-08-05,2239,"e"
"Statistik der Sterbefälle","Germany",2012,"06.08.",2012-08-06,2153,"e"
"Statistik der Sterbefälle","Germany",2012,"07.08.",2012-08-07,2087,"e"
"Statistik der Sterbefälle","Germany",2012,"08.08.",2012-08-08,2124,"e"
"Statistik der Sterbefälle","Germany",2012,"09.08.",2012-08-09,2095,"e"
"Statistik der Sterbefälle","Germany",2012,"10.08.",2012-08-10,2040,"e"
"Statistik der Sterbefälle","Germany",2012,"11.08.",2012-08-11,2084,"e"
"Statistik der Sterbefälle","Germany",2012,"12.08.",2012-08-12,2056,"e"
"Statistik der Sterbefälle","Germany",2012,"13.08.",2012-08-13,2141,"e"
"Statistik der Sterbefälle","Germany",2012,"14.08.",2012-08-14,2228,"e"
"Statistik der Sterbefälle","Germany",2012,"15.08.",2012-08-15,2203,"e"
"Statistik der Sterbefälle","Germany",2012,"16.08.",2012-08-16,2215,"e"
"Statistik der Sterbefälle","Germany",2012,"17.08.",2012-08-17,2237,"e"
"Statistik der Sterbefälle","Germany",2012,"18.08.",2012-08-18,2282,"e"
"Statistik der Sterbefälle","Germany",2012,"19.08.",2012-08-19,2291,"e"
"Statistik der Sterbefälle","Germany",2012,"20.08.",2012-08-20,2729,"e"
"Statistik der Sterbefälle","Germany",2012,"21.08.",2012-08-21,2621,"e"
"Statistik der Sterbefälle","Germany",2012,"22.08.",2012-08-22,2375,"e"
"Statistik der Sterbefälle","Germany",2012,"23.08.",2012-08-23,2227,"e"
"Statistik der Sterbefälle","Germany",2012,"24.08.",2012-08-24,2278,"e"
"Statistik der Sterbefälle","Germany",2012,"25.08.",2012-08-25,2245,"e"
"Statistik der Sterbefälle","Germany",2012,"26.08.",2012-08-26,1980,"e"
"Statistik der Sterbefälle","Germany",2012,"27.08.",2012-08-27,2131,"e"
"Statistik der Sterbefälle","Germany",2012,"28.08.",2012-08-28,2088,"e"
"Statistik der Sterbefälle","Germany",2012,"29.08.",2012-08-29,2291,"e"
"Statistik der Sterbefälle","Germany",2012,"30.08.",2012-08-30,2078,"e"
"Statistik der Sterbefälle","Germany",2012,"31.08.",2012-08-31,2004,"e"
"Statistik der Sterbefälle","Germany",2012,"01.09.",2012-09-01,2068,"e"
"Statistik der Sterbefälle","Germany",2012,"02.09.",2012-09-02,2028,"e"
"Statistik der Sterbefälle","Germany",2012,"03.09.",2012-09-03,2056,"e"
"Statistik der Sterbefälle","Germany",2012,"04.09.",2012-09-04,2137,"e"
"Statistik der Sterbefälle","Germany",2012,"05.09.",2012-09-05,2196,"e"
"Statistik der Sterbefälle","Germany",2012,"06.09.",2012-09-06,2155,"e"
"Statistik der Sterbefälle","Germany",2012,"07.09.",2012-09-07,2117,"e"
"Statistik der Sterbefälle","Germany",2012,"08.09.",2012-09-08,2156,"e"
"Statistik der Sterbefälle","Germany",2012,"09.09.",2012-09-09,2166,"e"
"Statistik der Sterbefälle","Germany",2012,"10.09.",2012-09-10,2282,"e"
"Statistik der Sterbefälle","Germany",2012,"11.09.",2012-09-11,2293,"e"
"Statistik der Sterbefälle","Germany",2012,"12.09.",2012-09-12,2202,"e"
"Statistik der Sterbefälle","Germany",2012,"13.09.",2012-09-13,2138,"e"
"Statistik der Sterbefälle","Germany",2012,"14.09.",2012-09-14,2214,"e"
"Statistik der Sterbefälle","Germany",2012,"15.09.",2012-09-15,2173,"e"
"Statistik der Sterbefälle","Germany",2012,"16.09.",2012-09-16,2192,"e"
"Statistik der Sterbefälle","Germany",2012,"17.09.",2012-09-17,2189,"e"
"Statistik der Sterbefälle","Germany",2012,"18.09.",2012-09-18,2253,"e"
"Statistik der Sterbefälle","Germany",2012,"19.09.",2012-09-19,2212,"e"
"Statistik der Sterbefälle","Germany",2012,"20.09.",2012-09-20,2149,"e"
"Statistik der Sterbefälle","Germany",2012,"21.09.",2012-09-21,2318,"e"
"Statistik der Sterbefälle","Germany",2012,"22.09.",2012-09-22,2214,"e"
"Statistik der Sterbefälle","Germany",2012,"23.09.",2012-09-23,2218,"e"
"Statistik der Sterbefälle","Germany",2012,"24.09.",2012-09-24,2373,"e"
"Statistik der Sterbefälle","Germany",2012,"25.09.",2012-09-25,2337,"e"
"Statistik der Sterbefälle","Germany",2012,"26.09.",2012-09-26,2410,"e"
"Statistik der Sterbefälle","Germany",2012,"27.09.",2012-09-27,2276,"e"
"Statistik der Sterbefälle","Germany",2012,"28.09.",2012-09-28,2205,"e"
"Statistik der Sterbefälle","Germany",2012,"29.09.",2012-09-29,2257,"e"
"Statistik der Sterbefälle","Germany",2012,"30.09.",2012-09-30,2116,"e"
"Statistik der Sterbefälle","Germany",2012,"01.10.",2012-10-01,2250,"e"
"Statistik der Sterbefälle","Germany",2012,"02.10.",2012-10-02,2298,"e"
"Statistik der Sterbefälle","Germany",2012,"03.10.",2012-10-03,2243,"e"
"Statistik der Sterbefälle","Germany",2012,"04.10.",2012-10-04,2316,"e"
"Statistik der Sterbefälle","Germany",2012,"05.10.",2012-10-05,2259,"e"
"Statistik der Sterbefälle","Germany",2012,"06.10.",2012-10-06,2272,"e"
"Statistik der Sterbefälle","Germany",2012,"07.10.",2012-10-07,2180,"e"
"Statistik der Sterbefälle","Germany",2012,"08.10.",2012-10-08,2282,"e"
"Statistik der Sterbefälle","Germany",2012,"09.10.",2012-10-09,2374,"e"
"Statistik der Sterbefälle","Germany",2012,"10.10.",2012-10-10,2276,"e"
"Statistik der Sterbefälle","Germany",2012,"11.10.",2012-10-11,2355,"e"
"Statistik der Sterbefälle","Germany",2012,"12.10.",2012-10-12,2426,"e"
"Statistik der Sterbefälle","Germany",2012,"13.10.",2012-10-13,2337,"e"
"Statistik der Sterbefälle","Germany",2012,"14.10.",2012-10-14,2204,"e"
"Statistik der Sterbefälle","Germany",2012,"15.10.",2012-10-15,2390,"e"
"Statistik der Sterbefälle","Germany",2012,"16.10.",2012-10-16,2372,"e"
"Statistik der Sterbefälle","Germany",2012,"17.10.",2012-10-17,2402,"e"
"Statistik der Sterbefälle","Germany",2012,"18.10.",2012-10-18,2505,"e"
"Statistik der Sterbefälle","Germany",2012,"19.10.",2012-10-19,2410,"e"
"Statistik der Sterbefälle","Germany",2012,"20.10.",2012-10-20,2379,"e"
"Statistik der Sterbefälle","Germany",2012,"21.10.",2012-10-21,2317,"e"
"Statistik der Sterbefälle","Germany",2012,"22.10.",2012-10-22,2351,"e"
"Statistik der Sterbefälle","Germany",2012,"23.10.",2012-10-23,2306,"e"
"Statistik der Sterbefälle","Germany",2012,"24.10.",2012-10-24,2371,"e"
"Statistik der Sterbefälle","Germany",2012,"25.10.",2012-10-25,2338,"e"
"Statistik der Sterbefälle","Germany",2012,"26.10.",2012-10-26,2368,"e"
"Statistik der Sterbefälle","Germany",2012,"27.10.",2012-10-27,2269,"e"
"Statistik der Sterbefälle","Germany",2012,"28.10.",2012-10-28,2353,"e"
"Statistik der Sterbefälle","Germany",2012,"29.10.",2012-10-29,2375,"e"
"Statistik der Sterbefälle","Germany",2012,"30.10.",2012-10-30,2481,"e"
"Statistik der Sterbefälle","Germany",2012,"31.10.",2012-10-31,2484,"e"
"Statistik der Sterbefälle","Germany",2012,"01.11.",2012-11-01,2430,"e"
"Statistik der Sterbefälle","Germany",2012,"02.11.",2012-11-02,2552,"e"
"Statistik der Sterbefälle","Germany",2012,"03.11.",2012-11-03,2426,"e"
"Statistik der Sterbefälle","Germany",2012,"04.11.",2012-11-04,2272,"e"
"Statistik der Sterbefälle","Germany",2012,"05.11.",2012-11-05,2477,"e"
"Statistik der Sterbefälle","Germany",2012,"06.11.",2012-11-06,2339,"e"
"Statistik der Sterbefälle","Germany",2012,"07.11.",2012-11-07,2447,"e"
"Statistik der Sterbefälle","Germany",2012,"08.11.",2012-11-08,2374,"e"
"Statistik der Sterbefälle","Germany",2012,"09.11.",2012-11-09,2413,"e"
"Statistik der Sterbefälle","Germany",2012,"10.11.",2012-11-10,2437,"e"
"Statistik der Sterbefälle","Germany",2012,"11.11.",2012-11-11,2357,"e"
"Statistik der Sterbefälle","Germany",2012,"12.11.",2012-11-12,2415,"e"
"Statistik der Sterbefälle","Germany",2012,"13.11.",2012-11-13,2379,"e"
"Statistik der Sterbefälle","Germany",2012,"14.11.",2012-11-14,2420,"e"
"Statistik der Sterbefälle","Germany",2012,"15.11.",2012-11-15,2438,"e"
"Statistik der Sterbefälle","Germany",2012,"16.11.",2012-11-16,2390,"e"
"Statistik der Sterbefälle","Germany",2012,"17.11.",2012-11-17,2416,"e"
"Statistik der Sterbefälle","Germany",2012,"18.11.",2012-11-18,2316,"e"
"Statistik der Sterbefälle","Germany",2012,"19.11.",2012-11-19,2437,"e"
"Statistik der Sterbefälle","Germany",2012,"20.11.",2012-11-20,2396,"e"
"Statistik der Sterbefälle","Germany",2012,"21.11.",2012-11-21,2370,"e"
"Statistik der Sterbefälle","Germany",2012,"22.11.",2012-11-22,2456,"e"
"Statistik der Sterbefälle","Germany",2012,"23.11.",2012-11-23,2446,"e"
"Statistik der Sterbefälle","Germany",2012,"24.11.",2012-11-24,2402,"e"
"Statistik der Sterbefälle","Germany",2012,"25.11.",2012-11-25,2412,"e"
"Statistik der Sterbefälle","Germany",2012,"26.11.",2012-11-26,2443,"e"
"Statistik der Sterbefälle","Germany",2012,"27.11.",2012-11-27,2464,"e"
"Statistik der Sterbefälle","Germany",2012,"28.11.",2012-11-28,2480,"e"
"Statistik der Sterbefälle","Germany",2012,"29.11.",2012-11-29,2424,"e"
"Statistik der Sterbefälle","Germany",2012,"30.11.",2012-11-30,2441,"e"
"Statistik der Sterbefälle","Germany",2012,"01.12.",2012-12-01,2391,"e"
"Statistik der Sterbefälle","Germany",2012,"02.12.",2012-12-02,2431,"e"
"Statistik der Sterbefälle","Germany",2012,"03.12.",2012-12-03,2581,"e"
"Statistik der Sterbefälle","Germany",2012,"04.12.",2012-12-04,2388,"e"
"Statistik der Sterbefälle","Germany",2012,"05.12.",2012-12-05,2504,"e"
"Statistik der Sterbefälle","Germany",2012,"06.12.",2012-12-06,2502,"e"
"Statistik der Sterbefälle","Germany",2012,"07.12.",2012-12-07,2576,"e"
"Statistik der Sterbefälle","Germany",2012,"08.12.",2012-12-08,2368,"e"
"Statistik der Sterbefälle","Germany",2012,"09.12.",2012-12-09,2484,"e"
"Statistik der Sterbefälle","Germany",2012,"10.12.",2012-12-10,2592,"e"
"Statistik der Sterbefälle","Germany",2012,"11.12.",2012-12-11,2484,"e"
"Statistik der Sterbefälle","Germany",2012,"12.12.",2012-12-12,2507,"e"
"Statistik der Sterbefälle","Germany",2012,"13.12.",2012-12-13,2589,"e"
"Statistik der Sterbefälle","Germany",2012,"14.12.",2012-12-14,2650,"e"
"Statistik der Sterbefälle","Germany",2012,"15.12.",2012-12-15,2700,"e"
"Statistik der Sterbefälle","Germany",2012,"16.12.",2012-12-16,2582,"e"
"Statistik der Sterbefälle","Germany",2012,"17.12.",2012-12-17,2615,"e"
"Statistik der Sterbefälle","Germany",2012,"18.12.",2012-12-18,2527,"e"
"Statistik der Sterbefälle","Germany",2012,"19.12.",2012-12-19,2560,"e"
"Statistik der Sterbefälle","Germany",2012,"20.12.",2012-12-20,2565,"e"
"Statistik der Sterbefälle","Germany",2012,"21.12.",2012-12-21,2556,"e"
"Statistik der Sterbefälle","Germany",2012,"22.12.",2012-12-22,2561,"e"
"Statistik der Sterbefälle","Germany",2012,"23.12.",2012-12-23,2602,"e"
"Statistik der Sterbefälle","Germany",2012,"24.12.",2012-12-24,2580,"e"
"Statistik der Sterbefälle","Germany",2012,"25.12.",2012-12-25,2552,"e"
"Statistik der Sterbefälle","Germany",2012,"26.12.",2012-12-26,2420,"e"
"Statistik der Sterbefälle","Germany",2012,"27.12.",2012-12-27,2668,"e"
"Statistik der Sterbefälle","Germany",2012,"28.12.",2012-12-28,2623,"e"
"Statistik der Sterbefälle","Germany",2012,"29.12.",2012-12-29,2527,"e"
"Statistik der Sterbefälle","Germany",2012,"30.12.",2012-12-30,2465,"e"
"Statistik der Sterbefälle","Germany",2012,"31.12.",2012-12-31,2558,"e"
"Statistik der Sterbefälle","Germany",2013,"01.01.",2013-01-01,2742,"e"
"Statistik der Sterbefälle","Germany",2013,"02.01.",2013-01-02,2602,"e"
"Statistik der Sterbefälle","Germany",2013,"03.01.",2013-01-03,2607,"e"
"Statistik der Sterbefälle","Germany",2013,"04.01.",2013-01-04,2535,"e"
"Statistik der Sterbefälle","Germany",2013,"05.01.",2013-01-05,2590,"e"
"Statistik der Sterbefälle","Germany",2013,"06.01.",2013-01-06,2609,"e"
"Statistik der Sterbefälle","Germany",2013,"07.01.",2013-01-07,2640,"e"
"Statistik der Sterbefälle","Germany",2013,"08.01.",2013-01-08,2688,"e"
"Statistik der Sterbefälle","Germany",2013,"09.01.",2013-01-09,2552,"e"
"Statistik der Sterbefälle","Germany",2013,"10.01.",2013-01-10,2639,"e"
"Statistik der Sterbefälle","Germany",2013,"11.01.",2013-01-11,2545,"e"
"Statistik der Sterbefälle","Germany",2013,"12.01.",2013-01-12,2477,"e"
"Statistik der Sterbefälle","Germany",2013,"13.01.",2013-01-13,2392,"e"
"Statistik der Sterbefälle","Germany",2013,"14.01.",2013-01-14,2572,"e"
"Statistik der Sterbefälle","Germany",2013,"15.01.",2013-01-15,2560,"e"
"Statistik der Sterbefälle","Germany",2013,"16.01.",2013-01-16,2673,"e"
"Statistik der Sterbefälle","Germany",2013,"17.01.",2013-01-17,2538,"e"
"Statistik der Sterbefälle","Germany",2013,"18.01.",2013-01-18,2667,"e"
"Statistik der Sterbefälle","Germany",2013,"19.01.",2013-01-19,2577,"e"
"Statistik der Sterbefälle","Germany",2013,"20.01.",2013-01-20,2664,"e"
"Statistik der Sterbefälle","Germany",2013,"21.01.",2013-01-21,2818,"e"
"Statistik der Sterbefälle","Germany",2013,"22.01.",2013-01-22,2734,"e"
"Statistik der Sterbefälle","Germany",2013,"23.01.",2013-01-23,2581,"e"
"Statistik der Sterbefälle","Germany",2013,"24.01.",2013-01-24,2728,"e"
"Statistik der Sterbefälle","Germany",2013,"25.01.",2013-01-25,2642,"e"
"Statistik der Sterbefälle","Germany",2013,"26.01.",2013-01-26,2721,"e"
"Statistik der Sterbefälle","Germany",2013,"27.01.",2013-01-27,2637,"e"
"Statistik der Sterbefälle","Germany",2013,"28.01.",2013-01-28,2836,"e"
"Statistik der Sterbefälle","Germany",2013,"29.01.",2013-01-29,2857,"e"
"Statistik der Sterbefälle","Germany",2013,"30.01.",2013-01-30,2943,"e"
"Statistik der Sterbefälle","Germany",2013,"31.01.",2013-01-31,2896,"e"
"Statistik der Sterbefälle","Germany",2013,"01.02.",2013-02-01,2921,"e"
"Statistik der Sterbefälle","Germany",2013,"02.02.",2013-02-02,2829,"e"
"Statistik der Sterbefälle","Germany",2013,"03.02.",2013-02-03,2698,"e"
"Statistik der Sterbefälle","Germany",2013,"04.02.",2013-02-04,2905,"e"
"Statistik der Sterbefälle","Germany",2013,"05.02.",2013-02-05,2852,"e"
"Statistik der Sterbefälle","Germany",2013,"06.02.",2013-02-06,3030,"e"
"Statistik der Sterbefälle","Germany",2013,"07.02.",2013-02-07,2877,"e"
"Statistik der Sterbefälle","Germany",2013,"08.02.",2013-02-08,2814,"e"
"Statistik der Sterbefälle","Germany",2013,"09.02.",2013-02-09,2858,"e"
"Statistik der Sterbefälle","Germany",2013,"10.02.",2013-02-10,2690,"e"
"Statistik der Sterbefälle","Germany",2013,"11.02.",2013-02-11,2932,"e"
"Statistik der Sterbefälle","Germany",2013,"12.02.",2013-02-12,2919,"e"
"Statistik der Sterbefälle","Germany",2013,"13.02.",2013-02-13,2759,"e"
"Statistik der Sterbefälle","Germany",2013,"14.02.",2013-02-14,2917,"e"
"Statistik der Sterbefälle","Germany",2013,"15.02.",2013-02-15,2988,"e"
"Statistik der Sterbefälle","Germany",2013,"16.02.",2013-02-16,3021,"e"
"Statistik der Sterbefälle","Germany",2013,"17.02.",2013-02-17,2837,"e"
"Statistik der Sterbefälle","Germany",2013,"18.02.",2013-02-18,2937,"e"
"Statistik der Sterbefälle","Germany",2013,"19.02.",2013-02-19,3011,"e"
"Statistik der Sterbefälle","Germany",2013,"20.02.",2013-02-20,2896,"e"
"Statistik der Sterbefälle","Germany",2013,"21.02.",2013-02-21,2928,"e"
"Statistik der Sterbefälle","Germany",2013,"22.02.",2013-02-22,3005,"e"
"Statistik der Sterbefälle","Germany",2013,"23.02.",2013-02-23,3051,"e"
"Statistik der Sterbefälle","Germany",2013,"24.02.",2013-02-24,2948,"e"
"Statistik der Sterbefälle","Germany",2013,"25.02.",2013-02-25,3082,"e"
"Statistik der Sterbefälle","Germany",2013,"26.02.",2013-02-26,3046,"e"
"Statistik der Sterbefälle","Germany",2013,"27.02.",2013-02-27,3156,"e"
"Statistik der Sterbefälle","Germany",2013,"28.02.",2013-02-28,3050,"e"
"Statistik der Sterbefälle","Germany",2013,"01.03.",2013-03-01,3007,"e"
"Statistik der Sterbefälle","Germany",2013,"02.03.",2013-03-02,3050,"e"
"Statistik der Sterbefälle","Germany",2013,"03.03.",2013-03-03,2859,"e"
"Statistik der Sterbefälle","Germany",2013,"04.03.",2013-03-04,3005,"e"
"Statistik der Sterbefälle","Germany",2013,"05.03.",2013-03-05,3033,"e"
"Statistik der Sterbefälle","Germany",2013,"06.03.",2013-03-06,3017,"e"
"Statistik der Sterbefälle","Germany",2013,"07.03.",2013-03-07,3134,"e"
"Statistik der Sterbefälle","Germany",2013,"08.03.",2013-03-08,3144,"e"
"Statistik der Sterbefälle","Germany",2013,"09.03.",2013-03-09,2946,"e"
"Statistik der Sterbefälle","Germany",2013,"10.03.",2013-03-10,2893,"e"
"Statistik der Sterbefälle","Germany",2013,"11.03.",2013-03-11,2937,"e"
"Statistik der Sterbefälle","Germany",2013,"12.03.",2013-03-12,2992,"e"
"Statistik der Sterbefälle","Germany",2013,"13.03.",2013-03-13,2944,"e"
"Statistik der Sterbefälle","Germany",2013,"14.03.",2013-03-14,2931,"e"
"Statistik der Sterbefälle","Germany",2013,"15.03.",2013-03-15,2893,"e"
"Statistik der Sterbefälle","Germany",2013,"16.03.",2013-03-16,2811,"e"
"Statistik der Sterbefälle","Germany",2013,"17.03.",2013-03-17,2689,"e"
"Statistik der Sterbefälle","Germany",2013,"18.03.",2013-03-18,2985,"e"
"Statistik der Sterbefälle","Germany",2013,"19.03.",2013-03-19,2916,"e"
"Statistik der Sterbefälle","Germany",2013,"20.03.",2013-03-20,2844,"e"
"Statistik der Sterbefälle","Germany",2013,"21.03.",2013-03-21,2852,"e"
"Statistik der Sterbefälle","Germany",2013,"22.03.",2013-03-22,2758,"e"
"Statistik der Sterbefälle","Germany",2013,"23.03.",2013-03-23,2706,"e"
"Statistik der Sterbefälle","Germany",2013,"24.03.",2013-03-24,2728,"e"
"Statistik der Sterbefälle","Germany",2013,"25.03.",2013-03-25,2770,"e"
"Statistik der Sterbefälle","Germany",2013,"26.03.",2013-03-26,2791,"e"
"Statistik der Sterbefälle","Germany",2013,"27.03.",2013-03-27,2867,"e"
"Statistik der Sterbefälle","Germany",2013,"28.03.",2013-03-28,2850,"e"
"Statistik der Sterbefälle","Germany",2013,"29.03.",2013-03-29,2718,"e"
"Statistik der Sterbefälle","Germany",2013,"30.03.",2013-03-30,2768,"e"
"Statistik der Sterbefälle","Germany",2013,"31.03.",2013-03-31,2556,"e"
"Statistik der Sterbefälle","Germany",2013,"01.04.",2013-04-01,2719,"e"
"Statistik der Sterbefälle","Germany",2013,"02.04.",2013-04-02,2794,"e"
"Statistik der Sterbefälle","Germany",2013,"03.04.",2013-04-03,2771,"e"
"Statistik der Sterbefälle","Germany",2013,"04.04.",2013-04-04,2731,"e"
"Statistik der Sterbefälle","Germany",2013,"05.04.",2013-04-05,2854,"e"
"Statistik der Sterbefälle","Germany",2013,"06.04.",2013-04-06,2751,"e"
"Statistik der Sterbefälle","Germany",2013,"07.04.",2013-04-07,2673,"e"
"Statistik der Sterbefälle","Germany",2013,"08.04.",2013-04-08,2936,"e"
"Statistik der Sterbefälle","Germany",2013,"09.04.",2013-04-09,2869,"e"
"Statistik der Sterbefälle","Germany",2013,"10.04.",2013-04-10,2820,"e"
"Statistik der Sterbefälle","Germany",2013,"11.04.",2013-04-11,2707,"e"
"Statistik der Sterbefälle","Germany",2013,"12.04.",2013-04-12,2814,"e"
"Statistik der Sterbefälle","Germany",2013,"13.04.",2013-04-13,2622,"e"
"Statistik der Sterbefälle","Germany",2013,"14.04.",2013-04-14,2622,"e"
"Statistik der Sterbefälle","Germany",2013,"15.04.",2013-04-15,2788,"e"
"Statistik der Sterbefälle","Germany",2013,"16.04.",2013-04-16,2687,"e"
"Statistik der Sterbefälle","Germany",2013,"17.04.",2013-04-17,2747,"e"
"Statistik der Sterbefälle","Germany",2013,"18.04.",2013-04-18,2551,"e"
"Statistik der Sterbefälle","Germany",2013,"19.04.",2013-04-19,2484,"e"
"Statistik der Sterbefälle","Germany",2013,"20.04.",2013-04-20,2469,"e"
"Statistik der Sterbefälle","Germany",2013,"21.04.",2013-04-21,2338,"e"
"Statistik der Sterbefälle","Germany",2013,"22.04.",2013-04-22,2551,"e"
"Statistik der Sterbefälle","Germany",2013,"23.04.",2013-04-23,2388,"e"
"Statistik der Sterbefälle","Germany",2013,"24.04.",2013-04-24,2469,"e"
"Statistik der Sterbefälle","Germany",2013,"25.04.",2013-04-25,2554,"e"
"Statistik der Sterbefälle","Germany",2013,"26.04.",2013-04-26,2500,"e"
"Statistik der Sterbefälle","Germany",2013,"27.04.",2013-04-27,2417,"e"
"Statistik der Sterbefälle","Germany",2013,"28.04.",2013-04-28,2222,"e"
"Statistik der Sterbefälle","Germany",2013,"29.04.",2013-04-29,2403,"e"
"Statistik der Sterbefälle","Germany",2013,"30.04.",2013-04-30,2339,"e"
"Statistik der Sterbefälle","Germany",2013,"01.05.",2013-05-01,2319,"e"
"Statistik der Sterbefälle","Germany",2013,"02.05.",2013-05-02,2338,"e"
"Statistik der Sterbefälle","Germany",2013,"03.05.",2013-05-03,2371,"e"
"Statistik der Sterbefälle","Germany",2013,"04.05.",2013-05-04,2395,"e"
"Statistik der Sterbefälle","Germany",2013,"05.05.",2013-05-05,2243,"e"
"Statistik der Sterbefälle","Germany",2013,"06.05.",2013-05-06,2248,"e"
"Statistik der Sterbefälle","Germany",2013,"07.05.",2013-05-07,2454,"e"
"Statistik der Sterbefälle","Germany",2013,"08.05.",2013-05-08,2502,"e"
"Statistik der Sterbefälle","Germany",2013,"09.05.",2013-05-09,2312,"e"
"Statistik der Sterbefälle","Germany",2013,"10.05.",2013-05-10,2373,"e"
"Statistik der Sterbefälle","Germany",2013,"11.05.",2013-05-11,2213,"e"
"Statistik der Sterbefälle","Germany",2013,"12.05.",2013-05-12,2268,"e"
"Statistik der Sterbefälle","Germany",2013,"13.05.",2013-05-13,2242,"e"
"Statistik der Sterbefälle","Germany",2013,"14.05.",2013-05-14,2269,"e"
"Statistik der Sterbefälle","Germany",2013,"15.05.",2013-05-15,2356,"e"
"Statistik der Sterbefälle","Germany",2013,"16.05.",2013-05-16,2332,"e"
"Statistik der Sterbefälle","Germany",2013,"17.05.",2013-05-17,2427,"e"
"Statistik der Sterbefälle","Germany",2013,"18.05.",2013-05-18,2254,"e"
"Statistik der Sterbefälle","Germany",2013,"19.05.",2013-05-19,2203,"e"
"Statistik der Sterbefälle","Germany",2013,"20.05.",2013-05-20,2125,"e"
"Statistik der Sterbefälle","Germany",2013,"21.05.",2013-05-21,2292,"e"
"Statistik der Sterbefälle","Germany",2013,"22.05.",2013-05-22,2267,"e"
"Statistik der Sterbefälle","Germany",2013,"23.05.",2013-05-23,2287,"e"
"Statistik der Sterbefälle","Germany",2013,"24.05.",2013-05-24,2256,"e"
"Statistik der Sterbefälle","Germany",2013,"25.05.",2013-05-25,2140,"e"
"Statistik der Sterbefälle","Germany",2013,"26.05.",2013-05-26,2234,"e"
"Statistik der Sterbefälle","Germany",2013,"27.05.",2013-05-27,2392,"e"
"Statistik der Sterbefälle","Germany",2013,"28.05.",2013-05-28,2417,"e"
"Statistik der Sterbefälle","Germany",2013,"29.05.",2013-05-29,2291,"e"
"Statistik der Sterbefälle","Germany",2013,"30.05.",2013-05-30,2238,"e"
"Statistik der Sterbefälle","Germany",2013,"31.05.",2013-05-31,2464,"e"
"Statistik der Sterbefälle","Germany",2013,"01.06.",2013-06-01,2322,"e"
"Statistik der Sterbefälle","Germany",2013,"02.06.",2013-06-02,2227,"e"
"Statistik der Sterbefälle","Germany",2013,"03.06.",2013-06-03,2156,"e"
"Statistik der Sterbefälle","Germany",2013,"04.06.",2013-06-04,2270,"e"
"Statistik der Sterbefälle","Germany",2013,"05.06.",2013-06-05,2332,"e"
"Statistik der Sterbefälle","Germany",2013,"06.06.",2013-06-06,2277,"e"
"Statistik der Sterbefälle","Germany",2013,"07.06.",2013-06-07,2477,"e"
"Statistik der Sterbefälle","Germany",2013,"08.06.",2013-06-08,2370,"e"
"Statistik der Sterbefälle","Germany",2013,"09.06.",2013-06-09,2316,"e"
"Statistik der Sterbefälle","Germany",2013,"10.06.",2013-06-10,2382,"e"
"Statistik der Sterbefälle","Germany",2013,"11.06.",2013-06-11,2254,"e"
"Statistik der Sterbefälle","Germany",2013,"12.06.",2013-06-12,2283,"e"
"Statistik der Sterbefälle","Germany",2013,"13.06.",2013-06-13,2402,"e"
"Statistik der Sterbefälle","Germany",2013,"14.06.",2013-06-14,2212,"e"
"Statistik der Sterbefälle","Germany",2013,"15.06.",2013-06-15,2270,"e"
"Statistik der Sterbefälle","Germany",2013,"16.06.",2013-06-16,2085,"e"
"Statistik der Sterbefälle","Germany",2013,"17.06.",2013-06-17,2378,"e"
"Statistik der Sterbefälle","Germany",2013,"18.06.",2013-06-18,2577,"e"
"Statistik der Sterbefälle","Germany",2013,"19.06.",2013-06-19,2739,"e"
"Statistik der Sterbefälle","Germany",2013,"20.06.",2013-06-20,2712,"e"
"Statistik der Sterbefälle","Germany",2013,"21.06.",2013-06-21,2306,"e"
"Statistik der Sterbefälle","Germany",2013,"22.06.",2013-06-22,2288,"e"
"Statistik der Sterbefälle","Germany",2013,"23.06.",2013-06-23,2153,"e"
"Statistik der Sterbefälle","Germany",2013,"24.06.",2013-06-24,2160,"e"
"Statistik der Sterbefälle","Germany",2013,"25.06.",2013-06-25,2206,"e"
"Statistik der Sterbefälle","Germany",2013,"26.06.",2013-06-26,2127,"e"
"Statistik der Sterbefälle","Germany",2013,"27.06.",2013-06-27,2184,"e"
"Statistik der Sterbefälle","Germany",2013,"28.06.",2013-06-28,2123,"e"
"Statistik der Sterbefälle","Germany",2013,"29.06.",2013-06-29,2010,"e"
"Statistik der Sterbefälle","Germany",2013,"30.06.",2013-06-30,2060,"e"
"Statistik der Sterbefälle","Germany",2013,"01.07.",2013-07-01,2203,"e"
"Statistik der Sterbefälle","Germany",2013,"02.07.",2013-07-02,2255,"e"
"Statistik der Sterbefälle","Germany",2013,"03.07.",2013-07-03,2339,"e"
"Statistik der Sterbefälle","Germany",2013,"04.07.",2013-07-04,2312,"e"
"Statistik der Sterbefälle","Germany",2013,"05.07.",2013-07-05,2239,"e"
"Statistik der Sterbefälle","Germany",2013,"06.07.",2013-07-06,2160,"e"
"Statistik der Sterbefälle","Germany",2013,"07.07.",2013-07-07,2106,"e"
"Statistik der Sterbefälle","Germany",2013,"08.07.",2013-07-08,2299,"e"
"Statistik der Sterbefälle","Germany",2013,"09.07.",2013-07-09,2273,"e"
"Statistik der Sterbefälle","Germany",2013,"10.07.",2013-07-10,2112,"e"
"Statistik der Sterbefälle","Germany",2013,"11.07.",2013-07-11,2226,"e"
"Statistik der Sterbefälle","Germany",2013,"12.07.",2013-07-12,2179,"e"
"Statistik der Sterbefälle","Germany",2013,"13.07.",2013-07-13,2054,"e"
"Statistik der Sterbefälle","Germany",2013,"14.07.",2013-07-14,2095,"e"
"Statistik der Sterbefälle","Germany",2013,"15.07.",2013-07-15,2232,"e"
"Statistik der Sterbefälle","Germany",2013,"16.07.",2013-07-16,2215,"e"
"Statistik der Sterbefälle","Germany",2013,"17.07.",2013-07-17,2267,"e"
"Statistik der Sterbefälle","Germany",2013,"18.07.",2013-07-18,2341,"e"
"Statistik der Sterbefälle","Germany",2013,"19.07.",2013-07-19,2373,"e"
"Statistik der Sterbefälle","Germany",2013,"20.07.",2013-07-20,2288,"e"
"Statistik der Sterbefälle","Germany",2013,"21.07.",2013-07-21,2140,"e"
"Statistik der Sterbefälle","Germany",2013,"22.07.",2013-07-22,2368,"e"
"Statistik der Sterbefälle","Germany",2013,"23.07.",2013-07-23,2439,"e"
"Statistik der Sterbefälle","Germany",2013,"24.07.",2013-07-24,2353,"e"
"Statistik der Sterbefälle","Germany",2013,"25.07.",2013-07-25,2396,"e"
"Statistik der Sterbefälle","Germany",2013,"26.07.",2013-07-26,2440,"e"
"Statistik der Sterbefälle","Germany",2013,"27.07.",2013-07-27,2477,"e"
"Statistik der Sterbefälle","Germany",2013,"28.07.",2013-07-28,2380,"e"
"Statistik der Sterbefälle","Germany",2013,"29.07.",2013-07-29,2408,"e"
"Statistik der Sterbefälle","Germany",2013,"30.07.",2013-07-30,2131,"e"
"Statistik der Sterbefälle","Germany",2013,"31.07.",2013-07-31,2190,"e"
"Statistik der Sterbefälle","Germany",2013,"01.08.",2013-08-01,2265,"e"
"Statistik der Sterbefälle","Germany",2013,"02.08.",2013-08-02,2410,"e"
"Statistik der Sterbefälle","Germany",2013,"03.08.",2013-08-03,2441,"e"
"Statistik der Sterbefälle","Germany",2013,"04.08.",2013-08-04,2232,"e"
"Statistik der Sterbefälle","Germany",2013,"05.08.",2013-08-05,2273,"e"
"Statistik der Sterbefälle","Germany",2013,"06.08.",2013-08-06,2411,"e"
"Statistik der Sterbefälle","Germany",2013,"07.08.",2013-08-07,2217,"e"
"Statistik der Sterbefälle","Germany",2013,"08.08.",2013-08-08,2167,"e"
"Statistik der Sterbefälle","Germany",2013,"09.08.",2013-08-09,2141,"e"
"Statistik der Sterbefälle","Germany",2013,"10.08.",2013-08-10,2094,"e"
"Statistik der Sterbefälle","Germany",2013,"11.08.",2013-08-11,1960,"e"
"Statistik der Sterbefälle","Germany",2013,"12.08.",2013-08-12,2163,"e"
"Statistik der Sterbefälle","Germany",2013,"13.08.",2013-08-13,2079,"e"
"Statistik der Sterbefälle","Germany",2013,"14.08.",2013-08-14,2071,"e"
"Statistik der Sterbefälle","Germany",2013,"15.08.",2013-08-15,2254,"e"
"Statistik der Sterbefälle","Germany",2013,"16.08.",2013-08-16,2275,"e"
"Statistik der Sterbefälle","Germany",2013,"17.08.",2013-08-17,2216,"e"
"Statistik der Sterbefälle","Germany",2013,"18.08.",2013-08-18,2168,"e"
"Statistik der Sterbefälle","Germany",2013,"19.08.",2013-08-19,2242,"e"
"Statistik der Sterbefälle","Germany",2013,"20.08.",2013-08-20,2110,"e"
"Statistik der Sterbefälle","Germany",2013,"21.08.",2013-08-21,2175,"e"
"Statistik der Sterbefälle","Germany",2013,"22.08.",2013-08-22,2165,"e"
"Statistik der Sterbefälle","Germany",2013,"23.08.",2013-08-23,2196,"e"
"Statistik der Sterbefälle","Germany",2013,"24.08.",2013-08-24,2205,"e"
"Statistik der Sterbefälle","Germany",2013,"25.08.",2013-08-25,2089,"e"
"Statistik der Sterbefälle","Germany",2013,"26.08.",2013-08-26,2094,"e"
"Statistik der Sterbefälle","Germany",2013,"27.08.",2013-08-27,2278,"e"
"Statistik der Sterbefälle","Germany",2013,"28.08.",2013-08-28,2200,"e"
"Statistik der Sterbefälle","Germany",2013,"29.08.",2013-08-29,2172,"e"
"Statistik der Sterbefälle","Germany",2013,"30.08.",2013-08-30,2230,"e"
"Statistik der Sterbefälle","Germany",2013,"31.08.",2013-08-31,2177,"e"
"Statistik der Sterbefälle","Germany",2013,"01.09.",2013-09-01,2025,"e"
"Statistik der Sterbefälle","Germany",2013,"02.09.",2013-09-02,2172,"e"
"Statistik der Sterbefälle","Germany",2013,"03.09.",2013-09-03,2189,"e"
"Statistik der Sterbefälle","Germany",2013,"04.09.",2013-09-04,2205,"e"
"Statistik der Sterbefälle","Germany",2013,"05.09.",2013-09-05,2266,"e"
"Statistik der Sterbefälle","Germany",2013,"06.09.",2013-09-06,2347,"e"
"Statistik der Sterbefälle","Germany",2013,"07.09.",2013-09-07,2304,"e"
"Statistik der Sterbefälle","Germany",2013,"08.09.",2013-09-08,2148,"e"
"Statistik der Sterbefälle","Germany",2013,"09.09.",2013-09-09,2085,"e"
"Statistik der Sterbefälle","Germany",2013,"10.09.",2013-09-10,2043,"e"
"Statistik der Sterbefälle","Germany",2013,"11.09.",2013-09-11,2132,"e"
"Statistik der Sterbefälle","Germany",2013,"12.09.",2013-09-12,2048,"e"
"Statistik der Sterbefälle","Germany",2013,"13.09.",2013-09-13,2208,"e"
"Statistik der Sterbefälle","Germany",2013,"14.09.",2013-09-14,2167,"e"
"Statistik der Sterbefälle","Germany",2013,"15.09.",2013-09-15,1997,"e"
"Statistik der Sterbefälle","Germany",2013,"16.09.",2013-09-16,2233,"e"
"Statistik der Sterbefälle","Germany",2013,"17.09.",2013-09-17,2192,"e"
"Statistik der Sterbefälle","Germany",2013,"18.09.",2013-09-18,2239,"e"
"Statistik der Sterbefälle","Germany",2013,"19.09.",2013-09-19,2164,"e"
"Statistik der Sterbefälle","Germany",2013,"20.09.",2013-09-20,2184,"e"
"Statistik der Sterbefälle","Germany",2013,"21.09.",2013-09-21,2154,"e"
"Statistik der Sterbefälle","Germany",2013,"22.09.",2013-09-22,2146,"e"
"Statistik der Sterbefälle","Germany",2013,"23.09.",2013-09-23,2305,"e"
"Statistik der Sterbefälle","Germany",2013,"24.09.",2013-09-24,2240,"e"
"Statistik der Sterbefälle","Germany",2013,"25.09.",2013-09-25,2253,"e"
"Statistik der Sterbefälle","Germany",2013,"26.09.",2013-09-26,2283,"e"
"Statistik der Sterbefälle","Germany",2013,"27.09.",2013-09-27,2298,"e"
"Statistik der Sterbefälle","Germany",2013,"28.09.",2013-09-28,2226,"e"
"Statistik der Sterbefälle","Germany",2013,"29.09.",2013-09-29,2114,"e"
"Statistik der Sterbefälle","Germany",2013,"30.09.",2013-09-30,2233,"e"
"Statistik der Sterbefälle","Germany",2013,"01.10.",2013-10-01,2243,"e"
"Statistik der Sterbefälle","Germany",2013,"02.10.",2013-10-02,2283,"e"
"Statistik der Sterbefälle","Germany",2013,"03.10.",2013-10-03,2206,"e"
"Statistik der Sterbefälle","Germany",2013,"04.10.",2013-10-04,2311,"e"
"Statistik der Sterbefälle","Germany",2013,"05.10.",2013-10-05,2333,"e"
"Statistik der Sterbefälle","Germany",2013,"06.10.",2013-10-06,2285,"e"
"Statistik der Sterbefälle","Germany",2013,"07.10.",2013-10-07,2260,"e"
"Statistik der Sterbefälle","Germany",2013,"08.10.",2013-10-08,2327,"e"
"Statistik der Sterbefälle","Germany",2013,"09.10.",2013-10-09,2292,"e"
"Statistik der Sterbefälle","Germany",2013,"10.10.",2013-10-10,2309,"e"
"Statistik der Sterbefälle","Germany",2013,"11.10.",2013-10-11,2239,"e"
"Statistik der Sterbefälle","Germany",2013,"12.10.",2013-10-12,2280,"e"
"Statistik der Sterbefälle","Germany",2013,"13.10.",2013-10-13,2232,"e"
"Statistik der Sterbefälle","Germany",2013,"14.10.",2013-10-14,2276,"e"
"Statistik der Sterbefälle","Germany",2013,"15.10.",2013-10-15,2413,"e"
"Statistik der Sterbefälle","Germany",2013,"16.10.",2013-10-16,2275,"e"
"Statistik der Sterbefälle","Germany",2013,"17.10.",2013-10-17,2342,"e"
"Statistik der Sterbefälle","Germany",2013,"18.10.",2013-10-18,2362,"e"
"Statistik der Sterbefälle","Germany",2013,"19.10.",2013-10-19,2324,"e"
"Statistik der Sterbefälle","Germany",2013,"20.10.",2013-10-20,2246,"e"
"Statistik der Sterbefälle","Germany",2013,"21.10.",2013-10-21,2471,"e"
"Statistik der Sterbefälle","Germany",2013,"22.10.",2013-10-22,2407,"e"
"Statistik der Sterbefälle","Germany",2013,"23.10.",2013-10-23,2443,"e"
"Statistik der Sterbefälle","Germany",2013,"24.10.",2013-10-24,2323,"e"
"Statistik der Sterbefälle","Germany",2013,"25.10.",2013-10-25,2343,"e"
"Statistik der Sterbefälle","Germany",2013,"26.10.",2013-10-26,2407,"e"
"Statistik der Sterbefälle","Germany",2013,"27.10.",2013-10-27,2360,"e"
"Statistik der Sterbefälle","Germany",2013,"28.10.",2013-10-28,2326,"e"
"Statistik der Sterbefälle","Germany",2013,"29.10.",2013-10-29,2318,"e"
"Statistik der Sterbefälle","Germany",2013,"30.10.",2013-10-30,2286,"e"
"Statistik der Sterbefälle","Germany",2013,"31.10.",2013-10-31,2258,"e"
"Statistik der Sterbefälle","Germany",2013,"01.11.",2013-11-01,2298,"e"
"Statistik der Sterbefälle","Germany",2013,"02.11.",2013-11-02,2301,"e"
"Statistik der Sterbefälle","Germany",2013,"03.11.",2013-11-03,2163,"e"
"Statistik der Sterbefälle","Germany",2013,"04.11.",2013-11-04,2329,"e"
"Statistik der Sterbefälle","Germany",2013,"05.11.",2013-11-05,2340,"e"
"Statistik der Sterbefälle","Germany",2013,"06.11.",2013-11-06,2305,"e"
"Statistik der Sterbefälle","Germany",2013,"07.11.",2013-11-07,2387,"e"
"Statistik der Sterbefälle","Germany",2013,"08.11.",2013-11-08,2456,"e"
"Statistik der Sterbefälle","Germany",2013,"09.11.",2013-11-09,2238,"e"
"Statistik der Sterbefälle","Germany",2013,"10.11.",2013-11-10,2172,"e"
"Statistik der Sterbefälle","Germany",2013,"11.11.",2013-11-11,2251,"e"
"Statistik der Sterbefälle","Germany",2013,"12.11.",2013-11-12,2244,"e"
"Statistik der Sterbefälle","Germany",2013,"13.11.",2013-11-13,2432,"e"
"Statistik der Sterbefälle","Germany",2013,"14.11.",2013-11-14,2353,"e"
"Statistik der Sterbefälle","Germany",2013,"15.11.",2013-11-15,2337,"e"
"Statistik der Sterbefälle","Germany",2013,"16.11.",2013-11-16,2251,"e"
"Statistik der Sterbefälle","Germany",2013,"17.11.",2013-11-17,2317,"e"
"Statistik der Sterbefälle","Germany",2013,"18.11.",2013-11-18,2349,"e"
"Statistik der Sterbefälle","Germany",2013,"19.11.",2013-11-19,2400,"e"
"Statistik der Sterbefälle","Germany",2013,"20.11.",2013-11-20,2364,"e"
"Statistik der Sterbefälle","Germany",2013,"21.11.",2013-11-21,2440,"e"
"Statistik der Sterbefälle","Germany",2013,"22.11.",2013-11-22,2439,"e"
"Statistik der Sterbefälle","Germany",2013,"23.11.",2013-11-23,2413,"e"
"Statistik der Sterbefälle","Germany",2013,"24.11.",2013-11-24,2315,"e"
"Statistik der Sterbefälle","Germany",2013,"25.11.",2013-11-25,2308,"e"
"Statistik der Sterbefälle","Germany",2013,"26.11.",2013-11-26,2387,"e"
"Statistik der Sterbefälle","Germany",2013,"27.11.",2013-11-27,2320,"e"
"Statistik der Sterbefälle","Germany",2013,"28.11.",2013-11-28,2377,"e"
"Statistik der Sterbefälle","Germany",2013,"29.11.",2013-11-29,2479,"e"
"Statistik der Sterbefälle","Germany",2013,"30.11.",2013-11-30,2399,"e"
"Statistik der Sterbefälle","Germany",2013,"01.12.",2013-12-01,2257,"e"
"Statistik der Sterbefälle","Germany",2013,"02.12.",2013-12-02,2391,"e"
"Statistik der Sterbefälle","Germany",2013,"03.12.",2013-12-03,2459,"e"
"Statistik der Sterbefälle","Germany",2013,"04.12.",2013-12-04,2416,"e"
"Statistik der Sterbefälle","Germany",2013,"05.12.",2013-12-05,2527,"e"
"Statistik der Sterbefälle","Germany",2013,"06.12.",2013-12-06,2536,"e"
"Statistik der Sterbefälle","Germany",2013,"07.12.",2013-12-07,2375,"e"
"Statistik der Sterbefälle","Germany",2013,"08.12.",2013-12-08,2494,"e"
"Statistik der Sterbefälle","Germany",2013,"09.12.",2013-12-09,2512,"e"
"Statistik der Sterbefälle","Germany",2013,"10.12.",2013-12-10,2391,"e"
"Statistik der Sterbefälle","Germany",2013,"11.12.",2013-12-11,2478,"e"
"Statistik der Sterbefälle","Germany",2013,"12.12.",2013-12-12,2443,"e"
"Statistik der Sterbefälle","Germany",2013,"13.12.",2013-12-13,2433,"e"
"Statistik der Sterbefälle","Germany",2013,"14.12.",2013-12-14,2341,"e"
"Statistik der Sterbefälle","Germany",2013,"15.12.",2013-12-15,2438,"e"
"Statistik der Sterbefälle","Germany",2013,"16.12.",2013-12-16,2404,"e"
"Statistik der Sterbefälle","Germany",2013,"17.12.",2013-12-17,2541,"e"
"Statistik der Sterbefälle","Germany",2013,"18.12.",2013-12-18,2571,"e"
"Statistik der Sterbefälle","Germany",2013,"19.12.",2013-12-19,2584,"e"
"Statistik der Sterbefälle","Germany",2013,"20.12.",2013-12-20,2349,"e"
"Statistik der Sterbefälle","Germany",2013,"21.12.",2013-12-21,2430,"e"
"Statistik der Sterbefälle","Germany",2013,"22.12.",2013-12-22,2427,"e"
"Statistik der Sterbefälle","Germany",2013,"23.12.",2013-12-23,2600,"e"
"Statistik der Sterbefälle","Germany",2013,"24.12.",2013-12-24,2574,"e"
"Statistik der Sterbefälle","Germany",2013,"25.12.",2013-12-25,2439,"e"
"Statistik der Sterbefälle","Germany",2013,"26.12.",2013-12-26,2404,"e"
"Statistik der Sterbefälle","Germany",2013,"27.12.",2013-12-27,2452,"e"
"Statistik der Sterbefälle","Germany",2013,"28.12.",2013-12-28,2406,"e"
"Statistik der Sterbefälle","Germany",2013,"29.12.",2013-12-29,2205,"e"
"Statistik der Sterbefälle","Germany",2013,"30.12.",2013-12-30,2299,"e"
"Statistik der Sterbefälle","Germany",2013,"31.12.",2013-12-31,2262,"e"
"Statistik der Sterbefälle","Germany",2014,"01.01.",2014-01-01,2385,"e"
"Statistik der Sterbefälle","Germany",2014,"02.01.",2014-01-02,2493,"e"
"Statistik der Sterbefälle","Germany",2014,"03.01.",2014-01-03,2556,"e"
"Statistik der Sterbefälle","Germany",2014,"04.01.",2014-01-04,2377,"e"
"Statistik der Sterbefälle","Germany",2014,"05.01.",2014-01-05,2413,"e"
"Statistik der Sterbefälle","Germany",2014,"06.01.",2014-01-06,2483,"e"
"Statistik der Sterbefälle","Germany",2014,"07.01.",2014-01-07,2480,"e"
"Statistik der Sterbefälle","Germany",2014,"08.01.",2014-01-08,2446,"e"
"Statistik der Sterbefälle","Germany",2014,"09.01.",2014-01-09,2583,"e"
"Statistik der Sterbefälle","Germany",2014,"10.01.",2014-01-10,2582,"e"
"Statistik der Sterbefälle","Germany",2014,"11.01.",2014-01-11,2350,"e"
"Statistik der Sterbefälle","Germany",2014,"12.01.",2014-01-12,2286,"e"
"Statistik der Sterbefälle","Germany",2014,"13.01.",2014-01-13,2372,"e"
"Statistik der Sterbefälle","Germany",2014,"14.01.",2014-01-14,2390,"e"
"Statistik der Sterbefälle","Germany",2014,"15.01.",2014-01-15,2410,"e"
"Statistik der Sterbefälle","Germany",2014,"16.01.",2014-01-16,2399,"e"
"Statistik der Sterbefälle","Germany",2014,"17.01.",2014-01-17,2437,"e"
"Statistik der Sterbefälle","Germany",2014,"18.01.",2014-01-18,2429,"e"
"Statistik der Sterbefälle","Germany",2014,"19.01.",2014-01-19,2377,"e"
"Statistik der Sterbefälle","Germany",2014,"20.01.",2014-01-20,2373,"e"
"Statistik der Sterbefälle","Germany",2014,"21.01.",2014-01-21,2457,"e"
"Statistik der Sterbefälle","Germany",2014,"22.01.",2014-01-22,2366,"e"
"Statistik der Sterbefälle","Germany",2014,"23.01.",2014-01-23,2369,"e"
"Statistik der Sterbefälle","Germany",2014,"24.01.",2014-01-24,2458,"e"
"Statistik der Sterbefälle","Germany",2014,"25.01.",2014-01-25,2356,"e"
"Statistik der Sterbefälle","Germany",2014,"26.01.",2014-01-26,2446,"e"
"Statistik der Sterbefälle","Germany",2014,"27.01.",2014-01-27,2599,"e"
"Statistik der Sterbefälle","Germany",2014,"28.01.",2014-01-28,2495,"e"
"Statistik der Sterbefälle","Germany",2014,"29.01.",2014-01-29,2423,"e"
"Statistik der Sterbefälle","Germany",2014,"30.01.",2014-01-30,2475,"e"
"Statistik der Sterbefälle","Germany",2014,"31.01.",2014-01-31,2455,"e"
"Statistik der Sterbefälle","Germany",2014,"01.02.",2014-02-01,2457,"e"
"Statistik der Sterbefälle","Germany",2014,"02.02.",2014-02-02,2462,"e"
"Statistik der Sterbefälle","Germany",2014,"03.02.",2014-02-03,2426,"e"
"Statistik der Sterbefälle","Germany",2014,"04.02.",2014-02-04,2510,"e"
"Statistik der Sterbefälle","Germany",2014,"05.02.",2014-02-05,2480,"e"
"Statistik der Sterbefälle","Germany",2014,"06.02.",2014-02-06,2551,"e"
"Statistik der Sterbefälle","Germany",2014,"07.02.",2014-02-07,2636,"e"
"Statistik der Sterbefälle","Germany",2014,"08.02.",2014-02-08,2494,"e"
"Statistik der Sterbefälle","Germany",2014,"09.02.",2014-02-09,2437,"e"
"Statistik der Sterbefälle","Germany",2014,"10.02.",2014-02-10,2542,"e"
"Statistik der Sterbefälle","Germany",2014,"11.02.",2014-02-11,2415,"e"
"Statistik der Sterbefälle","Germany",2014,"12.02.",2014-02-12,2588,"e"
"Statistik der Sterbefälle","Germany",2014,"13.02.",2014-02-13,2536,"e"
"Statistik der Sterbefälle","Germany",2014,"14.02.",2014-02-14,2479,"e"
"Statistik der Sterbefälle","Germany",2014,"15.02.",2014-02-15,2493,"e"
"Statistik der Sterbefälle","Germany",2014,"16.02.",2014-02-16,2369,"e"
"Statistik der Sterbefälle","Germany",2014,"17.02.",2014-02-17,2523,"e"
"Statistik der Sterbefälle","Germany",2014,"18.02.",2014-02-18,2514,"e"
"Statistik der Sterbefälle","Germany",2014,"19.02.",2014-02-19,2376,"e"
"Statistik der Sterbefälle","Germany",2014,"20.02.",2014-02-20,2524,"e"
"Statistik der Sterbefälle","Germany",2014,"21.02.",2014-02-21,2529,"e"
"Statistik der Sterbefälle","Germany",2014,"22.02.",2014-02-22,2438,"e"
"Statistik der Sterbefälle","Germany",2014,"23.02.",2014-02-23,2307,"e"
"Statistik der Sterbefälle","Germany",2014,"24.02.",2014-02-24,2469,"e"
"Statistik der Sterbefälle","Germany",2014,"25.02.",2014-02-25,2442,"e"
"Statistik der Sterbefälle","Germany",2014,"26.02.",2014-02-26,2464,"e"
"Statistik der Sterbefälle","Germany",2014,"27.02.",2014-02-27,2447,"e"
"Statistik der Sterbefälle","Germany",2014,"28.02.",2014-02-28,2605,"e"
"Statistik der Sterbefälle","Germany",2014,"01.03.",2014-03-01,2514,"e"
"Statistik der Sterbefälle","Germany",2014,"02.03.",2014-03-02,2404,"e"
"Statistik der Sterbefälle","Germany",2014,"03.03.",2014-03-03,2523,"e"
"Statistik der Sterbefälle","Germany",2014,"04.03.",2014-03-04,2523,"e"
"Statistik der Sterbefälle","Germany",2014,"05.03.",2014-03-05,2508,"e"
"Statistik der Sterbefälle","Germany",2014,"06.03.",2014-03-06,2463,"e"
"Statistik der Sterbefälle","Germany",2014,"07.03.",2014-03-07,2512,"e"
"Statistik der Sterbefälle","Germany",2014,"08.03.",2014-03-08,2451,"e"
"Statistik der Sterbefälle","Germany",2014,"09.03.",2014-03-09,2469,"e"
"Statistik der Sterbefälle","Germany",2014,"10.03.",2014-03-10,2510,"e"
"Statistik der Sterbefälle","Germany",2014,"11.03.",2014-03-11,2544,"e"
"Statistik der Sterbefälle","Germany",2014,"12.03.",2014-03-12,2472,"e"
"Statistik der Sterbefälle","Germany",2014,"13.03.",2014-03-13,2523,"e"
"Statistik der Sterbefälle","Germany",2014,"14.03.",2014-03-14,2562,"e"
"Statistik der Sterbefälle","Germany",2014,"15.03.",2014-03-15,2436,"e"
"Statistik der Sterbefälle","Germany",2014,"16.03.",2014-03-16,2444,"e"
"Statistik der Sterbefälle","Germany",2014,"17.03.",2014-03-17,2538,"e"
"Statistik der Sterbefälle","Germany",2014,"18.03.",2014-03-18,2458,"e"
"Statistik der Sterbefälle","Germany",2014,"19.03.",2014-03-19,2533,"e"
"Statistik der Sterbefälle","Germany",2014,"20.03.",2014-03-20,2569,"e"
"Statistik der Sterbefälle","Germany",2014,"21.03.",2014-03-21,2609,"e"
"Statistik der Sterbefälle","Germany",2014,"22.03.",2014-03-22,2497,"e"
"Statistik der Sterbefälle","Germany",2014,"23.03.",2014-03-23,2375,"e"
"Statistik der Sterbefälle","Germany",2014,"24.03.",2014-03-24,2486,"e"
"Statistik der Sterbefälle","Germany",2014,"25.03.",2014-03-25,2475,"e"
"Statistik der Sterbefälle","Germany",2014,"26.03.",2014-03-26,2491,"e"
"Statistik der Sterbefälle","Germany",2014,"27.03.",2014-03-27,2610,"e"
"Statistik der Sterbefälle","Germany",2014,"28.03.",2014-03-28,2535,"e"
"Statistik der Sterbefälle","Germany",2014,"29.03.",2014-03-29,2468,"e"
"Statistik der Sterbefälle","Germany",2014,"30.03.",2014-03-30,2353,"e"
"Statistik der Sterbefälle","Germany",2014,"31.03.",2014-03-31,2481,"e"
"Statistik der Sterbefälle","Germany",2014,"01.04.",2014-04-01,2540,"e"
"Statistik der Sterbefälle","Germany",2014,"02.04.",2014-04-02,2601,"e"
"Statistik der Sterbefälle","Germany",2014,"03.04.",2014-04-03,2667,"e"
"Statistik der Sterbefälle","Germany",2014,"04.04.",2014-04-04,2462,"e"
"Statistik der Sterbefälle","Germany",2014,"05.04.",2014-04-05,2454,"e"
"Statistik der Sterbefälle","Germany",2014,"06.04.",2014-04-06,2336,"e"
"Statistik der Sterbefälle","Germany",2014,"07.04.",2014-04-07,2631,"e"
"Statistik der Sterbefälle","Germany",2014,"08.04.",2014-04-08,2320,"e"
"Statistik der Sterbefälle","Germany",2014,"09.04.",2014-04-09,2287,"e"
"Statistik der Sterbefälle","Germany",2014,"10.04.",2014-04-10,2367,"e"
"Statistik der Sterbefälle","Germany",2014,"11.04.",2014-04-11,2537,"e"
"Statistik der Sterbefälle","Germany",2014,"12.04.",2014-04-12,2342,"e"
"Statistik der Sterbefälle","Germany",2014,"13.04.",2014-04-13,2262,"e"
"Statistik der Sterbefälle","Germany",2014,"14.04.",2014-04-14,2390,"e"
"Statistik der Sterbefälle","Germany",2014,"15.04.",2014-04-15,2316,"e"
"Statistik der Sterbefälle","Germany",2014,"16.04.",2014-04-16,2316,"e"
"Statistik der Sterbefälle","Germany",2014,"17.04.",2014-04-17,2399,"e"
"Statistik der Sterbefälle","Germany",2014,"18.04.",2014-04-18,2378,"e"
"Statistik der Sterbefälle","Germany",2014,"19.04.",2014-04-19,2311,"e"
"Statistik der Sterbefälle","Germany",2014,"20.04.",2014-04-20,2430,"e"
"Statistik der Sterbefälle","Germany",2014,"21.04.",2014-04-21,2347,"e"
"Statistik der Sterbefälle","Germany",2014,"22.04.",2014-04-22,2394,"e"
"Statistik der Sterbefälle","Germany",2014,"23.04.",2014-04-23,2403,"e"
"Statistik der Sterbefälle","Germany",2014,"24.04.",2014-04-24,2358,"e"
"Statistik der Sterbefälle","Germany",2014,"25.04.",2014-04-25,2410,"e"
"Statistik der Sterbefälle","Germany",2014,"26.04.",2014-04-26,2361,"e"
"Statistik der Sterbefälle","Germany",2014,"27.04.",2014-04-27,2277,"e"
"Statistik der Sterbefälle","Germany",2014,"28.04.",2014-04-28,2405,"e"
"Statistik der Sterbefälle","Germany",2014,"29.04.",2014-04-29,2289,"e"
"Statistik der Sterbefälle","Germany",2014,"30.04.",2014-04-30,2351,"e"
"Statistik der Sterbefälle","Germany",2014,"01.05.",2014-05-01,2279,"e"
"Statistik der Sterbefälle","Germany",2014,"02.05.",2014-05-02,2228,"e"
"Statistik der Sterbefälle","Germany",2014,"03.05.",2014-05-03,2186,"e"
"Statistik der Sterbefälle","Germany",2014,"04.05.",2014-05-04,2065,"e"
"Statistik der Sterbefälle","Germany",2014,"05.05.",2014-05-05,2291,"e"
"Statistik der Sterbefälle","Germany",2014,"06.05.",2014-05-06,2331,"e"
"Statistik der Sterbefälle","Germany",2014,"07.05.",2014-05-07,2282,"e"
"Statistik der Sterbefälle","Germany",2014,"08.05.",2014-05-08,2313,"e"
"Statistik der Sterbefälle","Germany",2014,"09.05.",2014-05-09,2323,"e"
"Statistik der Sterbefälle","Germany",2014,"10.05.",2014-05-10,2238,"e"
"Statistik der Sterbefälle","Germany",2014,"11.05.",2014-05-11,2296,"e"
"Statistik der Sterbefälle","Germany",2014,"12.05.",2014-05-12,2328,"e"
"Statistik der Sterbefälle","Germany",2014,"13.05.",2014-05-13,2317,"e"
"Statistik der Sterbefälle","Germany",2014,"14.05.",2014-05-14,2162,"e"
"Statistik der Sterbefälle","Germany",2014,"15.05.",2014-05-15,2231,"e"
"Statistik der Sterbefälle","Germany",2014,"16.05.",2014-05-16,2303,"e"
"Statistik der Sterbefälle","Germany",2014,"17.05.",2014-05-17,2245,"e"
"Statistik der Sterbefälle","Germany",2014,"18.05.",2014-05-18,2177,"e"
"Statistik der Sterbefälle","Germany",2014,"19.05.",2014-05-19,2382,"e"
"Statistik der Sterbefälle","Germany",2014,"20.05.",2014-05-20,2413,"e"
"Statistik der Sterbefälle","Germany",2014,"21.05.",2014-05-21,2335,"e"
"Statistik der Sterbefälle","Germany",2014,"22.05.",2014-05-22,2472,"e"
"Statistik der Sterbefälle","Germany",2014,"23.05.",2014-05-23,2461,"e"
"Statistik der Sterbefälle","Germany",2014,"24.05.",2014-05-24,2284,"e"
"Statistik der Sterbefälle","Germany",2014,"25.05.",2014-05-25,2106,"e"
"Statistik der Sterbefälle","Germany",2014,"26.05.",2014-05-26,2314,"e"
"Statistik der Sterbefälle","Germany",2014,"27.05.",2014-05-27,2216,"e"
"Statistik der Sterbefälle","Germany",2014,"28.05.",2014-05-28,2186,"e"
"Statistik der Sterbefälle","Germany",2014,"29.05.",2014-05-29,2123,"e"
"Statistik der Sterbefälle","Germany",2014,"30.05.",2014-05-30,2142,"e"
"Statistik der Sterbefälle","Germany",2014,"31.05.",2014-05-31,2134,"e"
"Statistik der Sterbefälle","Germany",2014,"01.06.",2014-06-01,2096,"e"
"Statistik der Sterbefälle","Germany",2014,"02.06.",2014-06-02,2276,"e"
"Statistik der Sterbefälle","Germany",2014,"03.06.",2014-06-03,2331,"e"
"Statistik der Sterbefälle","Germany",2014,"04.06.",2014-06-04,2321,"e"
"Statistik der Sterbefälle","Germany",2014,"05.06.",2014-06-05,2230,"e"
"Statistik der Sterbefälle","Germany",2014,"06.06.",2014-06-06,2334,"e"
"Statistik der Sterbefälle","Germany",2014,"07.06.",2014-06-07,2368,"e"
"Statistik der Sterbefälle","Germany",2014,"08.06.",2014-06-08,2355,"e"
"Statistik der Sterbefälle","Germany",2014,"09.06.",2014-06-09,2438,"e"
"Statistik der Sterbefälle","Germany",2014,"10.06.",2014-06-10,2542,"e"
"Statistik der Sterbefälle","Germany",2014,"11.06.",2014-06-11,2456,"e"
"Statistik der Sterbefälle","Germany",2014,"12.06.",2014-06-12,2348,"e"
"Statistik der Sterbefälle","Germany",2014,"13.06.",2014-06-13,2200,"e"
"Statistik der Sterbefälle","Germany",2014,"14.06.",2014-06-14,2118,"e"
"Statistik der Sterbefälle","Germany",2014,"15.06.",2014-06-15,2074,"e"
"Statistik der Sterbefälle","Germany",2014,"16.06.",2014-06-16,2232,"e"
"Statistik der Sterbefälle","Germany",2014,"17.06.",2014-06-17,2108,"e"
"Statistik der Sterbefälle","Germany",2014,"18.06.",2014-06-18,2269,"e"
"Statistik der Sterbefälle","Germany",2014,"19.06.",2014-06-19,2139,"e"
"Statistik der Sterbefälle","Germany",2014,"20.06.",2014-06-20,2172,"e"
"Statistik der Sterbefälle","Germany",2014,"21.06.",2014-06-21,2198,"e"
"Statistik der Sterbefälle","Germany",2014,"22.06.",2014-06-22,2150,"e"
"Statistik der Sterbefälle","Germany",2014,"23.06.",2014-06-23,2189,"e"
"Statistik der Sterbefälle","Germany",2014,"24.06.",2014-06-24,2268,"e"
"Statistik der Sterbefälle","Germany",2014,"25.06.",2014-06-25,2246,"e"
"Statistik der Sterbefälle","Germany",2014,"26.06.",2014-06-26,2203,"e"
"Statistik der Sterbefälle","Germany",2014,"27.06.",2014-06-27,2273,"e"
"Statistik der Sterbefälle","Germany",2014,"28.06.",2014-06-28,2250,"e"
"Statistik der Sterbefälle","Germany",2014,"29.06.",2014-06-29,2154,"e"
"Statistik der Sterbefälle","Germany",2014,"30.06.",2014-06-30,2173,"e"
"Statistik der Sterbefälle","Germany",2014,"01.07.",2014-07-01,2114,"e"
"Statistik der Sterbefälle","Germany",2014,"02.07.",2014-07-02,2231,"e"
"Statistik der Sterbefälle","Germany",2014,"03.07.",2014-07-03,2222,"e"
"Statistik der Sterbefälle","Germany",2014,"04.07.",2014-07-04,2398,"e"
"Statistik der Sterbefälle","Germany",2014,"05.07.",2014-07-05,2484,"e"
"Statistik der Sterbefälle","Germany",2014,"06.07.",2014-07-06,2407,"e"
"Statistik der Sterbefälle","Germany",2014,"07.07.",2014-07-07,2301,"e"
"Statistik der Sterbefälle","Germany",2014,"08.07.",2014-07-08,2294,"e"
"Statistik der Sterbefälle","Germany",2014,"09.07.",2014-07-09,2285,"e"
"Statistik der Sterbefälle","Germany",2014,"10.07.",2014-07-10,2252,"e"
"Statistik der Sterbefälle","Germany",2014,"11.07.",2014-07-11,2395,"e"
"Statistik der Sterbefälle","Germany",2014,"12.07.",2014-07-12,2159,"e"
"Statistik der Sterbefälle","Germany",2014,"13.07.",2014-07-13,2159,"e"
"Statistik der Sterbefälle","Germany",2014,"14.07.",2014-07-14,2353,"e"
"Statistik der Sterbefälle","Germany",2014,"15.07.",2014-07-15,2289,"e"
"Statistik der Sterbefälle","Germany",2014,"16.07.",2014-07-16,2272,"e"
"Statistik der Sterbefälle","Germany",2014,"17.07.",2014-07-17,2262,"e"
"Statistik der Sterbefälle","Germany",2014,"18.07.",2014-07-18,2453,"e"
"Statistik der Sterbefälle","Germany",2014,"19.07.",2014-07-19,2486,"e"
"Statistik der Sterbefälle","Germany",2014,"20.07.",2014-07-20,2516,"e"
"Statistik der Sterbefälle","Germany",2014,"21.07.",2014-07-21,2556,"e"
"Statistik der Sterbefälle","Germany",2014,"22.07.",2014-07-22,2357,"e"
"Statistik der Sterbefälle","Germany",2014,"23.07.",2014-07-23,2495,"e"
"Statistik der Sterbefälle","Germany",2014,"24.07.",2014-07-24,2278,"e"
"Statistik der Sterbefälle","Germany",2014,"25.07.",2014-07-25,2316,"e"
"Statistik der Sterbefälle","Germany",2014,"26.07.",2014-07-26,2186,"e"
"Statistik der Sterbefälle","Germany",2014,"27.07.",2014-07-27,2182,"e"
"Statistik der Sterbefälle","Germany",2014,"28.07.",2014-07-28,2333,"e"
"Statistik der Sterbefälle","Germany",2014,"29.07.",2014-07-29,2310,"e"
"Statistik der Sterbefälle","Germany",2014,"30.07.",2014-07-30,2339,"e"
"Statistik der Sterbefälle","Germany",2014,"31.07.",2014-07-31,2111,"e"
"Statistik der Sterbefälle","Germany",2014,"01.08.",2014-08-01,2185,"e"
"Statistik der Sterbefälle","Germany",2014,"02.08.",2014-08-02,2267,"e"
"Statistik der Sterbefälle","Germany",2014,"03.08.",2014-08-03,2248,"e"
"Statistik der Sterbefälle","Germany",2014,"04.08.",2014-08-04,2254,"e"
"Statistik der Sterbefälle","Germany",2014,"05.08.",2014-08-05,2144,"e"
"Statistik der Sterbefälle","Germany",2014,"06.08.",2014-08-06,2101,"e"
"Statistik der Sterbefälle","Germany",2014,"07.08.",2014-08-07,2155,"e"
"Statistik der Sterbefälle","Germany",2014,"08.08.",2014-08-08,2289,"e"
"Statistik der Sterbefälle","Germany",2014,"09.08.",2014-08-09,2297,"e"
"Statistik der Sterbefälle","Germany",2014,"10.08.",2014-08-10,2195,"e"
"Statistik der Sterbefälle","Germany",2014,"11.08.",2014-08-11,2236,"e"
"Statistik der Sterbefälle","Germany",2014,"12.08.",2014-08-12,2186,"e"
"Statistik der Sterbefälle","Germany",2014,"13.08.",2014-08-13,2089,"e"
"Statistik der Sterbefälle","Germany",2014,"14.08.",2014-08-14,2151,"e"
"Statistik der Sterbefälle","Germany",2014,"15.08.",2014-08-15,2227,"e"
"Statistik der Sterbefälle","Germany",2014,"16.08.",2014-08-16,2121,"e"
"Statistik der Sterbefälle","Germany",2014,"17.08.",2014-08-17,2001,"e"
"Statistik der Sterbefälle","Germany",2014,"18.08.",2014-08-18,2161,"e"
"Statistik der Sterbefälle","Germany",2014,"19.08.",2014-08-19,2252,"e"
"Statistik der Sterbefälle","Germany",2014,"20.08.",2014-08-20,2173,"e"
"Statistik der Sterbefälle","Germany",2014,"21.08.",2014-08-21,2202,"e"
"Statistik der Sterbefälle","Germany",2014,"22.08.",2014-08-22,2256,"e"
"Statistik der Sterbefälle","Germany",2014,"23.08.",2014-08-23,2273,"e"
"Statistik der Sterbefälle","Germany",2014,"24.08.",2014-08-24,2209,"e"
"Statistik der Sterbefälle","Germany",2014,"25.08.",2014-08-25,2228,"e"
"Statistik der Sterbefälle","Germany",2014,"26.08.",2014-08-26,2204,"e"
"Statistik der Sterbefälle","Germany",2014,"27.08.",2014-08-27,2285,"e"
"Statistik der Sterbefälle","Germany",2014,"28.08.",2014-08-28,2219,"e"
"Statistik der Sterbefälle","Germany",2014,"29.08.",2014-08-29,2428,"e"
"Statistik der Sterbefälle","Germany",2014,"30.08.",2014-08-30,2347,"e"
"Statistik der Sterbefälle","Germany",2014,"31.08.",2014-08-31,2227,"e"
"Statistik der Sterbefälle","Germany",2014,"01.09.",2014-09-01,2240,"e"
"Statistik der Sterbefälle","Germany",2014,"02.09.",2014-09-02,2329,"e"
"Statistik der Sterbefälle","Germany",2014,"03.09.",2014-09-03,2315,"e"
"Statistik der Sterbefälle","Germany",2014,"04.09.",2014-09-04,2318,"e"
"Statistik der Sterbefälle","Germany",2014,"05.09.",2014-09-05,2376,"e"
"Statistik der Sterbefälle","Germany",2014,"06.09.",2014-09-06,2343,"e"
"Statistik der Sterbefälle","Germany",2014,"07.09.",2014-09-07,2339,"e"
"Statistik der Sterbefälle","Germany",2014,"08.09.",2014-09-08,2374,"e"
"Statistik der Sterbefälle","Germany",2014,"09.09.",2014-09-09,2242,"e"
"Statistik der Sterbefälle","Germany",2014,"10.09.",2014-09-10,2210,"e"
"Statistik der Sterbefälle","Germany",2014,"11.09.",2014-09-11,2190,"e"
"Statistik der Sterbefälle","Germany",2014,"12.09.",2014-09-12,2216,"e"
"Statistik der Sterbefälle","Germany",2014,"13.09.",2014-09-13,2329,"e"
"Statistik der Sterbefälle","Germany",2014,"14.09.",2014-09-14,2279,"e"
"Statistik der Sterbefälle","Germany",2014,"15.09.",2014-09-15,2288,"e"
"Statistik der Sterbefälle","Germany",2014,"16.09.",2014-09-16,2313,"e"
"Statistik der Sterbefälle","Germany",2014,"17.09.",2014-09-17,2300,"e"
"Statistik der Sterbefälle","Germany",2014,"18.09.",2014-09-18,2280,"e"
"Statistik der Sterbefälle","Germany",2014,"19.09.",2014-09-19,2388,"e"
"Statistik der Sterbefälle","Germany",2014,"20.09.",2014-09-20,2297,"e"
"Statistik der Sterbefälle","Germany",2014,"21.09.",2014-09-21,2209,"e"
"Statistik der Sterbefälle","Germany",2014,"22.09.",2014-09-22,2216,"e"
"Statistik der Sterbefälle","Germany",2014,"23.09.",2014-09-23,2139,"e"
"Statistik der Sterbefälle","Germany",2014,"24.09.",2014-09-24,2244,"e"
"Statistik der Sterbefälle","Germany",2014,"25.09.",2014-09-25,2191,"e"
"Statistik der Sterbefälle","Germany",2014,"26.09.",2014-09-26,2356,"e"
"Statistik der Sterbefälle","Germany",2014,"27.09.",2014-09-27,2283,"e"
"Statistik der Sterbefälle","Germany",2014,"28.09.",2014-09-28,2263,"e"
"Statistik der Sterbefälle","Germany",2014,"29.09.",2014-09-29,2367,"e"
"Statistik der Sterbefälle","Germany",2014,"30.09.",2014-09-30,2292,"e"
"Statistik der Sterbefälle","Germany",2014,"01.10.",2014-10-01,2389,"e"
"Statistik der Sterbefälle","Germany",2014,"02.10.",2014-10-02,2359,"e"
"Statistik der Sterbefälle","Germany",2014,"03.10.",2014-10-03,2353,"e"
"Statistik der Sterbefälle","Germany",2014,"04.10.",2014-10-04,2253,"e"
"Statistik der Sterbefälle","Germany",2014,"05.10.",2014-10-05,2102,"e"
"Statistik der Sterbefälle","Germany",2014,"06.10.",2014-10-06,2241,"e"
"Statistik der Sterbefälle","Germany",2014,"07.10.",2014-10-07,2413,"e"
"Statistik der Sterbefälle","Germany",2014,"08.10.",2014-10-08,2341,"e"
"Statistik der Sterbefälle","Germany",2014,"09.10.",2014-10-09,2440,"e"
"Statistik der Sterbefälle","Germany",2014,"10.10.",2014-10-10,2486,"e"
"Statistik der Sterbefälle","Germany",2014,"11.10.",2014-10-11,2284,"e"
"Statistik der Sterbefälle","Germany",2014,"12.10.",2014-10-12,2207,"e"
"Statistik der Sterbefälle","Germany",2014,"13.10.",2014-10-13,2371,"e"
"Statistik der Sterbefälle","Germany",2014,"14.10.",2014-10-14,2429,"e"
"Statistik der Sterbefälle","Germany",2014,"15.10.",2014-10-15,2374,"e"
"Statistik der Sterbefälle","Germany",2014,"16.10.",2014-10-16,2276,"e"
"Statistik der Sterbefälle","Germany",2014,"17.10.",2014-10-17,2354,"e"
"Statistik der Sterbefälle","Germany",2014,"18.10.",2014-10-18,2305,"e"
"Statistik der Sterbefälle","Germany",2014,"19.10.",2014-10-19,2315,"e"
"Statistik der Sterbefälle","Germany",2014,"20.10.",2014-10-20,2414,"e"
"Statistik der Sterbefälle","Germany",2014,"21.10.",2014-10-21,2252,"e"
"Statistik der Sterbefälle","Germany",2014,"22.10.",2014-10-22,2348,"e"
"Statistik der Sterbefälle","Germany",2014,"23.10.",2014-10-23,2360,"e"
"Statistik der Sterbefälle","Germany",2014,"24.10.",2014-10-24,2369,"e"
"Statistik der Sterbefälle","Germany",2014,"25.10.",2014-10-25,2284,"e"
"Statistik der Sterbefälle","Germany",2014,"26.10.",2014-10-26,2388,"e"
"Statistik der Sterbefälle","Germany",2014,"27.10.",2014-10-27,2350,"e"
"Statistik der Sterbefälle","Germany",2014,"28.10.",2014-10-28,2386,"e"
"Statistik der Sterbefälle","Germany",2014,"29.10.",2014-10-29,2376,"e"
"Statistik der Sterbefälle","Germany",2014,"30.10.",2014-10-30,2360,"e"
"Statistik der Sterbefälle","Germany",2014,"31.10.",2014-10-31,2418,"e"
"Statistik der Sterbefälle","Germany",2014,"01.11.",2014-11-01,2399,"e"
"Statistik der Sterbefälle","Germany",2014,"02.11.",2014-11-02,2461,"e"
"Statistik der Sterbefälle","Germany",2014,"03.11.",2014-11-03,2600,"e"
"Statistik der Sterbefälle","Germany",2014,"04.11.",2014-11-04,2405,"e"
"Statistik der Sterbefälle","Germany",2014,"05.11.",2014-11-05,2498,"e"
"Statistik der Sterbefälle","Germany",2014,"06.11.",2014-11-06,2349,"e"
"Statistik der Sterbefälle","Germany",2014,"07.11.",2014-11-07,2395,"e"
"Statistik der Sterbefälle","Germany",2014,"08.11.",2014-11-08,2417,"e"
"Statistik der Sterbefälle","Germany",2014,"09.11.",2014-11-09,2349,"e"
"Statistik der Sterbefälle","Germany",2014,"10.11.",2014-11-10,2468,"e"
"Statistik der Sterbefälle","Germany",2014,"11.11.",2014-11-11,2434,"e"
"Statistik der Sterbefälle","Germany",2014,"12.11.",2014-11-12,2458,"e"
"Statistik der Sterbefälle","Germany",2014,"13.11.",2014-11-13,2458,"e"
"Statistik der Sterbefälle","Germany",2014,"14.11.",2014-11-14,2602,"e"
"Statistik der Sterbefälle","Germany",2014,"15.11.",2014-11-15,2471,"e"
"Statistik der Sterbefälle","Germany",2014,"16.11.",2014-11-16,2397,"e"
"Statistik der Sterbefälle","Germany",2014,"17.11.",2014-11-17,2477,"e"
"Statistik der Sterbefälle","Germany",2014,"18.11.",2014-11-18,2449,"e"
"Statistik der Sterbefälle","Germany",2014,"19.11.",2014-11-19,2457,"e"
"Statistik der Sterbefälle","Germany",2014,"20.11.",2014-11-20,2391,"e"
"Statistik der Sterbefälle","Germany",2014,"21.11.",2014-11-21,2464,"e"
"Statistik der Sterbefälle","Germany",2014,"22.11.",2014-11-22,2487,"e"
"Statistik der Sterbefälle","Germany",2014,"23.11.",2014-11-23,2337,"e"
"Statistik der Sterbefälle","Germany",2014,"24.11.",2014-11-24,2470,"e"
"Statistik der Sterbefälle","Germany",2014,"25.11.",2014-11-25,2528,"e"
"Statistik der Sterbefälle","Germany",2014,"26.11.",2014-11-26,2472,"e"
"Statistik der Sterbefälle","Germany",2014,"27.11.",2014-11-27,2556,"e"
"Statistik der Sterbefälle","Germany",2014,"28.11.",2014-11-28,2526,"e"
"Statistik der Sterbefälle","Germany",2014,"29.11.",2014-11-29,2538,"e"
"Statistik der Sterbefälle","Germany",2014,"30.11.",2014-11-30,2409,"e"
"Statistik der Sterbefälle","Germany",2014,"01.12.",2014-12-01,2533,"e"
"Statistik der Sterbefälle","Germany",2014,"02.12.",2014-12-02,2578,"e"
"Statistik der Sterbefälle","Germany",2014,"03.12.",2014-12-03,2601,"e"
"Statistik der Sterbefälle","Germany",2014,"04.12.",2014-12-04,2639,"e"
"Statistik der Sterbefälle","Germany",2014,"05.12.",2014-12-05,2513,"e"
"Statistik der Sterbefälle","Germany",2014,"06.12.",2014-12-06,2601,"e"
"Statistik der Sterbefälle","Germany",2014,"07.12.",2014-12-07,2499,"e"
"Statistik der Sterbefälle","Germany",2014,"08.12.",2014-12-08,2689,"e"
"Statistik der Sterbefälle","Germany",2014,"09.12.",2014-12-09,2640,"e"
"Statistik der Sterbefälle","Germany",2014,"10.12.",2014-12-10,2737,"e"
"Statistik der Sterbefälle","Germany",2014,"11.12.",2014-12-11,2627,"e"
"Statistik der Sterbefälle","Germany",2014,"12.12.",2014-12-12,2723,"e"
"Statistik der Sterbefälle","Germany",2014,"13.12.",2014-12-13,2632,"e"
"Statistik der Sterbefälle","Germany",2014,"14.12.",2014-12-14,2587,"e"
"Statistik der Sterbefälle","Germany",2014,"15.12.",2014-12-15,2580,"e"
"Statistik der Sterbefälle","Germany",2014,"16.12.",2014-12-16,2649,"e"
"Statistik der Sterbefälle","Germany",2014,"17.12.",2014-12-17,2572,"e"
"Statistik der Sterbefälle","Germany",2014,"18.12.",2014-12-18,2690,"e"
"Statistik der Sterbefälle","Germany",2014,"19.12.",2014-12-19,2698,"e"
"Statistik der Sterbefälle","Germany",2014,"20.12.",2014-12-20,2682,"e"
"Statistik der Sterbefälle","Germany",2014,"21.12.",2014-12-21,2507,"e"
"Statistik der Sterbefälle","Germany",2014,"22.12.",2014-12-22,2671,"e"
"Statistik der Sterbefälle","Germany",2014,"23.12.",2014-12-23,2732,"e"
"Statistik der Sterbefälle","Germany",2014,"24.12.",2014-12-24,2623,"e"
"Statistik der Sterbefälle","Germany",2014,"25.12.",2014-12-25,2427,"e"
"Statistik der Sterbefälle","Germany",2014,"26.12.",2014-12-26,2539,"e"
"Statistik der Sterbefälle","Germany",2014,"27.12.",2014-12-27,2588,"e"
"Statistik der Sterbefälle","Germany",2014,"28.12.",2014-12-28,2559,"e"
"Statistik der Sterbefälle","Germany",2014,"29.12.",2014-12-29,2681,"e"
"Statistik der Sterbefälle","Germany",2014,"30.12.",2014-12-30,2681,"e"
"Statistik der Sterbefälle","Germany",2014,"31.12.",2014-12-31,2644,"e"
"Statistik der Sterbefälle","Germany",2015,"01.01.",2015-01-01,2655,"e"
"Statistik der Sterbefälle","Germany",2015,"02.01.",2015-01-02,2716,"e"
"Statistik der Sterbefälle","Germany",2015,"03.01.",2015-01-03,2729,"e"
"Statistik der Sterbefälle","Germany",2015,"04.01.",2015-01-04,2607,"e"
"Statistik der Sterbefälle","Germany",2015,"05.01.",2015-01-05,2778,"e"
"Statistik der Sterbefälle","Germany",2015,"06.01.",2015-01-06,2771,"e"
"Statistik der Sterbefälle","Germany",2015,"07.01.",2015-01-07,2742,"e"
"Statistik der Sterbefälle","Germany",2015,"08.01.",2015-01-08,2837,"e"
"Statistik der Sterbefälle","Germany",2015,"09.01.",2015-01-09,2794,"e"
"Statistik der Sterbefälle","Germany",2015,"10.01.",2015-01-10,2737,"e"
"Statistik der Sterbefälle","Germany",2015,"11.01.",2015-01-11,2624,"e"
"Statistik der Sterbefälle","Germany",2015,"12.01.",2015-01-12,2733,"e"
"Statistik der Sterbefälle","Germany",2015,"13.01.",2015-01-13,2862,"e"
"Statistik der Sterbefälle","Germany",2015,"14.01.",2015-01-14,2815,"e"
"Statistik der Sterbefälle","Germany",2015,"15.01.",2015-01-15,2850,"e"
"Statistik der Sterbefälle","Germany",2015,"16.01.",2015-01-16,2887,"e"
"Statistik der Sterbefälle","Germany",2015,"17.01.",2015-01-17,2735,"e"
"Statistik der Sterbefälle","Germany",2015,"18.01.",2015-01-18,2618,"e"
"Statistik der Sterbefälle","Germany",2015,"19.01.",2015-01-19,2750,"e"
"Statistik der Sterbefälle","Germany",2015,"20.01.",2015-01-20,2796,"e"
"Statistik der Sterbefälle","Germany",2015,"21.01.",2015-01-21,2763,"e"
"Statistik der Sterbefälle","Germany",2015,"22.01.",2015-01-22,2697,"e"
"Statistik der Sterbefälle","Germany",2015,"23.01.",2015-01-23,2771,"e"
"Statistik der Sterbefälle","Germany",2015,"24.01.",2015-01-24,2824,"e"
"Statistik der Sterbefälle","Germany",2015,"25.01.",2015-01-25,2745,"e"
"Statistik der Sterbefälle","Germany",2015,"26.01.",2015-01-26,2894,"e"
"Statistik der Sterbefälle","Germany",2015,"27.01.",2015-01-27,2865,"e"
"Statistik der Sterbefälle","Germany",2015,"28.01.",2015-01-28,2959,"e"
"Statistik der Sterbefälle","Germany",2015,"29.01.",2015-01-29,3082,"e"
"Statistik der Sterbefälle","Germany",2015,"30.01.",2015-01-30,3068,"e"
"Statistik der Sterbefälle","Germany",2015,"31.01.",2015-01-31,2881,"e"
"Statistik der Sterbefälle","Germany",2015,"01.02.",2015-02-01,2967,"e"
"Statistik der Sterbefälle","Germany",2015,"02.02.",2015-02-02,3056,"e"
"Statistik der Sterbefälle","Germany",2015,"03.02.",2015-02-03,2968,"e"
"Statistik der Sterbefälle","Germany",2015,"04.02.",2015-02-04,3017,"e"
"Statistik der Sterbefälle","Germany",2015,"05.02.",2015-02-05,2956,"e"
"Statistik der Sterbefälle","Germany",2015,"06.02.",2015-02-06,3034,"e"
"Statistik der Sterbefälle","Germany",2015,"07.02.",2015-02-07,3025,"e"
"Statistik der Sterbefälle","Germany",2015,"08.02.",2015-02-08,2849,"e"
"Statistik der Sterbefälle","Germany",2015,"09.02.",2015-02-09,3172,"e"
"Statistik der Sterbefälle","Germany",2015,"10.02.",2015-02-10,3222,"e"
"Statistik der Sterbefälle","Germany",2015,"11.02.",2015-02-11,3120,"e"
"Statistik der Sterbefälle","Germany",2015,"12.02.",2015-02-12,3291,"e"
"Statistik der Sterbefälle","Germany",2015,"13.02.",2015-02-13,3200,"e"
"Statistik der Sterbefälle","Germany",2015,"14.02.",2015-02-14,3205,"e"
"Statistik der Sterbefälle","Germany",2015,"15.02.",2015-02-15,3185,"e"
"Statistik der Sterbefälle","Germany",2015,"16.02.",2015-02-16,3285,"e"
"Statistik der Sterbefälle","Germany",2015,"17.02.",2015-02-17,3305,"e"
"Statistik der Sterbefälle","Germany",2015,"18.02.",2015-02-18,3333,"e"
"Statistik der Sterbefälle","Germany",2015,"19.02.",2015-02-19,3293,"e"
"Statistik der Sterbefälle","Germany",2015,"20.02.",2015-02-20,3418,"e"
"Statistik der Sterbefälle","Germany",2015,"21.02.",2015-02-21,3380,"e"
"Statistik der Sterbefälle","Germany",2015,"22.02.",2015-02-22,3250,"e"
"Statistik der Sterbefälle","Germany",2015,"23.02.",2015-02-23,3477,"e"
"Statistik der Sterbefälle","Germany",2015,"24.02.",2015-02-24,3488,"e"
"Statistik der Sterbefälle","Germany",2015,"25.02.",2015-02-25,3351,"e"
"Statistik der Sterbefälle","Germany",2015,"26.02.",2015-02-26,3357,"e"
"Statistik der Sterbefälle","Germany",2015,"27.02.",2015-02-27,3424,"e"
"Statistik der Sterbefälle","Germany",2015,"28.02.",2015-02-28,3284,"e"
"Statistik der Sterbefälle","Germany",2015,"01.03.",2015-03-01,3217,"e"
"Statistik der Sterbefälle","Germany",2015,"02.03.",2015-03-02,3282,"e"
"Statistik der Sterbefälle","Germany",2015,"03.03.",2015-03-03,3204,"e"
"Statistik der Sterbefälle","Germany",2015,"04.03.",2015-03-04,3189,"e"
"Statistik der Sterbefälle","Germany",2015,"05.03.",2015-03-05,3147,"e"
"Statistik der Sterbefälle","Germany",2015,"06.03.",2015-03-06,3135,"e"
"Statistik der Sterbefälle","Germany",2015,"07.03.",2015-03-07,2987,"e"
"Statistik der Sterbefälle","Germany",2015,"08.03.",2015-03-08,3058,"e"
"Statistik der Sterbefälle","Germany",2015,"09.03.",2015-03-09,3058,"e"
"Statistik der Sterbefälle","Germany",2015,"10.03.",2015-03-10,3079,"e"
"Statistik der Sterbefälle","Germany",2015,"11.03.",2015-03-11,2980,"e"
"Statistik der Sterbefälle","Germany",2015,"12.03.",2015-03-12,2936,"e"
"Statistik der Sterbefälle","Germany",2015,"13.03.",2015-03-13,3037,"e"
"Statistik der Sterbefälle","Germany",2015,"14.03.",2015-03-14,2919,"e"
"Statistik der Sterbefälle","Germany",2015,"15.03.",2015-03-15,2761,"e"
"Statistik der Sterbefälle","Germany",2015,"16.03.",2015-03-16,2979,"e"
"Statistik der Sterbefälle","Germany",2015,"17.03.",2015-03-17,3022,"e"
"Statistik der Sterbefälle","Germany",2015,"18.03.",2015-03-18,2916,"e"
"Statistik der Sterbefälle","Germany",2015,"19.03.",2015-03-19,2902,"e"
"Statistik der Sterbefälle","Germany",2015,"20.03.",2015-03-20,2855,"e"
"Statistik der Sterbefälle","Germany",2015,"21.03.",2015-03-21,2726,"e"
"Statistik der Sterbefälle","Germany",2015,"22.03.",2015-03-22,2609,"e"
"Statistik der Sterbefälle","Germany",2015,"23.03.",2015-03-23,2739,"e"
"Statistik der Sterbefälle","Germany",2015,"24.03.",2015-03-24,2870,"e"
"Statistik der Sterbefälle","Germany",2015,"25.03.",2015-03-25,2849,"e"
"Statistik der Sterbefälle","Germany",2015,"26.03.",2015-03-26,2706,"e"
"Statistik der Sterbefälle","Germany",2015,"27.03.",2015-03-27,2749,"e"
"Statistik der Sterbefälle","Germany",2015,"28.03.",2015-03-28,2663,"e"
"Statistik der Sterbefälle","Germany",2015,"29.03.",2015-03-29,2530,"e"
"Statistik der Sterbefälle","Germany",2015,"30.03.",2015-03-30,2790,"e"
"Statistik der Sterbefälle","Germany",2015,"31.03.",2015-03-31,2832,"e"
"Statistik der Sterbefälle","Germany",2015,"01.04.",2015-04-01,2638,"e"
"Statistik der Sterbefälle","Germany",2015,"02.04.",2015-04-02,2739,"e"
"Statistik der Sterbefälle","Germany",2015,"03.04.",2015-04-03,2584,"e"
"Statistik der Sterbefälle","Germany",2015,"04.04.",2015-04-04,2518,"e"
"Statistik der Sterbefälle","Germany",2015,"05.04.",2015-04-05,2567,"e"
"Statistik der Sterbefälle","Germany",2015,"06.04.",2015-04-06,2493,"e"
"Statistik der Sterbefälle","Germany",2015,"07.04.",2015-04-07,2583,"e"
"Statistik der Sterbefälle","Germany",2015,"08.04.",2015-04-08,2581,"e"
"Statistik der Sterbefälle","Germany",2015,"09.04.",2015-04-09,2673,"e"
"Statistik der Sterbefälle","Germany",2015,"10.04.",2015-04-10,2659,"e"
"Statistik der Sterbefälle","Germany",2015,"11.04.",2015-04-11,2618,"e"
"Statistik der Sterbefälle","Germany",2015,"12.04.",2015-04-12,2482,"e"
"Statistik der Sterbefälle","Germany",2015,"13.04.",2015-04-13,2632,"e"
"Statistik der Sterbefälle","Germany",2015,"14.04.",2015-04-14,2690,"e"
"Statistik der Sterbefälle","Germany",2015,"15.04.",2015-04-15,2788,"e"
"Statistik der Sterbefälle","Germany",2015,"16.04.",2015-04-16,2669,"e"
"Statistik der Sterbefälle","Germany",2015,"17.04.",2015-04-17,2519,"e"
"Statistik der Sterbefälle","Germany",2015,"18.04.",2015-04-18,2506,"e"
"Statistik der Sterbefälle","Germany",2015,"19.04.",2015-04-19,2312,"e"
"Statistik der Sterbefälle","Germany",2015,"20.04.",2015-04-20,2555,"e"
"Statistik der Sterbefälle","Germany",2015,"21.04.",2015-04-21,2566,"e"
"Statistik der Sterbefälle","Germany",2015,"22.04.",2015-04-22,2538,"e"
"Statistik der Sterbefälle","Germany",2015,"23.04.",2015-04-23,2509,"e"
"Statistik der Sterbefälle","Germany",2015,"24.04.",2015-04-24,2574,"e"
"Statistik der Sterbefälle","Germany",2015,"25.04.",2015-04-25,2477,"e"
"Statistik der Sterbefälle","Germany",2015,"26.04.",2015-04-26,2449,"e"
"Statistik der Sterbefälle","Germany",2015,"27.04.",2015-04-27,2555,"e"
"Statistik der Sterbefälle","Germany",2015,"28.04.",2015-04-28,2380,"e"
"Statistik der Sterbefälle","Germany",2015,"29.04.",2015-04-29,2439,"e"
"Statistik der Sterbefälle","Germany",2015,"30.04.",2015-04-30,2531,"e"
"Statistik der Sterbefälle","Germany",2015,"01.05.",2015-05-01,2390,"e"
"Statistik der Sterbefälle","Germany",2015,"02.05.",2015-05-02,2374,"e"
"Statistik der Sterbefälle","Germany",2015,"03.05.",2015-05-03,2445,"e"
"Statistik der Sterbefälle","Germany",2015,"04.05.",2015-05-04,2521,"e"
"Statistik der Sterbefälle","Germany",2015,"05.05.",2015-05-05,2599,"e"
"Statistik der Sterbefälle","Germany",2015,"06.05.",2015-05-06,2405,"e"
"Statistik der Sterbefälle","Germany",2015,"07.05.",2015-05-07,2428,"e"
"Statistik der Sterbefälle","Germany",2015,"08.05.",2015-05-08,2448,"e"
"Statistik der Sterbefälle","Germany",2015,"09.05.",2015-05-09,2407,"e"
"Statistik der Sterbefälle","Germany",2015,"10.05.",2015-05-10,2264,"e"
"Statistik der Sterbefälle","Germany",2015,"11.05.",2015-05-11,2508,"e"
"Statistik der Sterbefälle","Germany",2015,"12.05.",2015-05-12,2516,"e"
"Statistik der Sterbefälle","Germany",2015,"13.05.",2015-05-13,2421,"e"
"Statistik der Sterbefälle","Germany",2015,"14.05.",2015-05-14,2322,"e"
"Statistik der Sterbefälle","Germany",2015,"15.05.",2015-05-15,2380,"e"
"Statistik der Sterbefälle","Germany",2015,"16.05.",2015-05-16,2284,"e"
"Statistik der Sterbefälle","Germany",2015,"17.05.",2015-05-17,2301,"e"
"Statistik der Sterbefälle","Germany",2015,"18.05.",2015-05-18,2420,"e"
"Statistik der Sterbefälle","Germany",2015,"19.05.",2015-05-19,2320,"e"
"Statistik der Sterbefälle","Germany",2015,"20.05.",2015-05-20,2325,"e"
"Statistik der Sterbefälle","Germany",2015,"21.05.",2015-05-21,2308,"e"
"Statistik der Sterbefälle","Germany",2015,"22.05.",2015-05-22,2351,"e"
"Statistik der Sterbefälle","Germany",2015,"23.05.",2015-05-23,2395,"e"
"Statistik der Sterbefälle","Germany",2015,"24.05.",2015-05-24,2211,"e"
"Statistik der Sterbefälle","Germany",2015,"25.05.",2015-05-25,2278,"e"
"Statistik der Sterbefälle","Germany",2015,"26.05.",2015-05-26,2358,"e"
"Statistik der Sterbefälle","Germany",2015,"27.05.",2015-05-27,2253,"e"
"Statistik der Sterbefälle","Germany",2015,"28.05.",2015-05-28,2411,"e"
"Statistik der Sterbefälle","Germany",2015,"29.05.",2015-05-29,2352,"e"
"Statistik der Sterbefälle","Germany",2015,"30.05.",2015-05-30,2342,"e"
"Statistik der Sterbefälle","Germany",2015,"31.05.",2015-05-31,2206,"e"
"Statistik der Sterbefälle","Germany",2015,"01.06.",2015-06-01,2414,"e"
"Statistik der Sterbefälle","Germany",2015,"02.06.",2015-06-02,2420,"e"
"Statistik der Sterbefälle","Germany",2015,"03.06.",2015-06-03,2454,"e"
"Statistik der Sterbefälle","Germany",2015,"04.06.",2015-06-04,2240,"e"
"Statistik der Sterbefälle","Germany",2015,"05.06.",2015-06-05,2510,"e"
"Statistik der Sterbefälle","Germany",2015,"06.06.",2015-06-06,2526,"e"
"Statistik der Sterbefälle","Germany",2015,"07.06.",2015-06-07,2213,"e"
"Statistik der Sterbefälle","Germany",2015,"08.06.",2015-06-08,2242,"e"
"Statistik der Sterbefälle","Germany",2015,"09.06.",2015-06-09,2282,"e"
"Statistik der Sterbefälle","Germany",2015,"10.06.",2015-06-10,2405,"e"
"Statistik der Sterbefälle","Germany",2015,"11.06.",2015-06-11,2363,"e"
"Statistik der Sterbefälle","Germany",2015,"12.06.",2015-06-12,2382,"e"
"Statistik der Sterbefälle","Germany",2015,"13.06.",2015-06-13,2444,"e"
"Statistik der Sterbefälle","Germany",2015,"14.06.",2015-06-14,2154,"e"
"Statistik der Sterbefälle","Germany",2015,"15.06.",2015-06-15,2300,"e"
"Statistik der Sterbefälle","Germany",2015,"16.06.",2015-06-16,2111,"e"
"Statistik der Sterbefälle","Germany",2015,"17.06.",2015-06-17,2173,"e"
"Statistik der Sterbefälle","Germany",2015,"18.06.",2015-06-18,2314,"e"
"Statistik der Sterbefälle","Germany",2015,"19.06.",2015-06-19,2302,"e"
"Statistik der Sterbefälle","Germany",2015,"20.06.",2015-06-20,2257,"e"
"Statistik der Sterbefälle","Germany",2015,"21.06.",2015-06-21,2162,"e"
"Statistik der Sterbefälle","Germany",2015,"22.06.",2015-06-22,2315,"e"
"Statistik der Sterbefälle","Germany",2015,"23.06.",2015-06-23,2251,"e"
"Statistik der Sterbefälle","Germany",2015,"24.06.",2015-06-24,2361,"e"
"Statistik der Sterbefälle","Germany",2015,"25.06.",2015-06-25,2307,"e"
"Statistik der Sterbefälle","Germany",2015,"26.06.",2015-06-26,2426,"e"
"Statistik der Sterbefälle","Germany",2015,"27.06.",2015-06-27,2319,"e"
"Statistik der Sterbefälle","Germany",2015,"28.06.",2015-06-28,2173,"e"
"Statistik der Sterbefälle","Germany",2015,"29.06.",2015-06-29,2297,"e"
"Statistik der Sterbefälle","Germany",2015,"30.06.",2015-06-30,2367,"e"
"Statistik der Sterbefälle","Germany",2015,"01.07.",2015-07-01,2408,"e"
"Statistik der Sterbefälle","Germany",2015,"02.07.",2015-07-02,2644,"e"
"Statistik der Sterbefälle","Germany",2015,"03.07.",2015-07-03,2958,"e"
"Statistik der Sterbefälle","Germany",2015,"04.07.",2015-07-04,3174,"e"
"Statistik der Sterbefälle","Germany",2015,"05.07.",2015-07-05,3404,"e"
"Statistik der Sterbefälle","Germany",2015,"06.07.",2015-07-06,3038,"e"
"Statistik der Sterbefälle","Germany",2015,"07.07.",2015-07-07,2681,"e"
"Statistik der Sterbefälle","Germany",2015,"08.07.",2015-07-08,2498,"e"
"Statistik der Sterbefälle","Germany",2015,"09.07.",2015-07-09,2314,"e"
"Statistik der Sterbefälle","Germany",2015,"10.07.",2015-07-10,2381,"e"
"Statistik der Sterbefälle","Germany",2015,"11.07.",2015-07-11,2245,"e"
"Statistik der Sterbefälle","Germany",2015,"12.07.",2015-07-12,2204,"e"
"Statistik der Sterbefälle","Germany",2015,"13.07.",2015-07-13,2285,"e"
"Statistik der Sterbefälle","Germany",2015,"14.07.",2015-07-14,2274,"e"
"Statistik der Sterbefälle","Germany",2015,"15.07.",2015-07-15,2360,"e"
"Statistik der Sterbefälle","Germany",2015,"16.07.",2015-07-16,2393,"e"
"Statistik der Sterbefälle","Germany",2015,"17.07.",2015-07-17,2487,"e"
"Statistik der Sterbefälle","Germany",2015,"18.07.",2015-07-18,2422,"e"
"Statistik der Sterbefälle","Germany",2015,"19.07.",2015-07-19,2226,"e"
"Statistik der Sterbefälle","Germany",2015,"20.07.",2015-07-20,2329,"e"
"Statistik der Sterbefälle","Germany",2015,"21.07.",2015-07-21,2488,"e"
"Statistik der Sterbefälle","Germany",2015,"22.07.",2015-07-22,2569,"e"
"Statistik der Sterbefälle","Germany",2015,"23.07.",2015-07-23,2233,"e"
"Statistik der Sterbefälle","Germany",2015,"24.07.",2015-07-24,2325,"e"
"Statistik der Sterbefälle","Germany",2015,"25.07.",2015-07-25,2228,"e"
"Statistik der Sterbefälle","Germany",2015,"26.07.",2015-07-26,2100,"e"
"Statistik der Sterbefälle","Germany",2015,"27.07.",2015-07-27,2221,"e"
"Statistik der Sterbefälle","Germany",2015,"28.07.",2015-07-28,2232,"e"
"Statistik der Sterbefälle","Germany",2015,"29.07.",2015-07-29,2122,"e"
"Statistik der Sterbefälle","Germany",2015,"30.07.",2015-07-30,2235,"e"
"Statistik der Sterbefälle","Germany",2015,"31.07.",2015-07-31,2211,"e"
"Statistik der Sterbefälle","Germany",2015,"01.08.",2015-08-01,2159,"e"
"Statistik der Sterbefälle","Germany",2015,"02.08.",2015-08-02,2252,"e"
"Statistik der Sterbefälle","Germany",2015,"03.08.",2015-08-03,2323,"e"
"Statistik der Sterbefälle","Germany",2015,"04.08.",2015-08-04,2405,"e"
"Statistik der Sterbefälle","Germany",2015,"05.08.",2015-08-05,2262,"e"
"Statistik der Sterbefälle","Germany",2015,"06.08.",2015-08-06,2376,"e"
"Statistik der Sterbefälle","Germany",2015,"07.08.",2015-08-07,2496,"e"
"Statistik der Sterbefälle","Germany",2015,"08.08.",2015-08-08,2380,"e"
"Statistik der Sterbefälle","Germany",2015,"09.08.",2015-08-09,2409,"e"
"Statistik der Sterbefälle","Germany",2015,"10.08.",2015-08-10,2411,"e"
"Statistik der Sterbefälle","Germany",2015,"11.08.",2015-08-11,2489,"e"
"Statistik der Sterbefälle","Germany",2015,"12.08.",2015-08-12,2434,"e"
"Statistik der Sterbefälle","Germany",2015,"13.08.",2015-08-13,2404,"e"
"Statistik der Sterbefälle","Germany",2015,"14.08.",2015-08-14,2617,"e"
"Statistik der Sterbefälle","Germany",2015,"15.08.",2015-08-15,2392,"e"
"Statistik der Sterbefälle","Germany",2015,"16.08.",2015-08-16,2134,"e"
"Statistik der Sterbefälle","Germany",2015,"17.08.",2015-08-17,2242,"e"
"Statistik der Sterbefälle","Germany",2015,"18.08.",2015-08-18,2139,"e"
"Statistik der Sterbefälle","Germany",2015,"19.08.",2015-08-19,2133,"e"
"Statistik der Sterbefälle","Germany",2015,"20.08.",2015-08-20,2117,"e"
"Statistik der Sterbefälle","Germany",2015,"21.08.",2015-08-21,2235,"e"
"Statistik der Sterbefälle","Germany",2015,"22.08.",2015-08-22,2191,"e"
"Statistik der Sterbefälle","Germany",2015,"23.08.",2015-08-23,2176,"e"
"Statistik der Sterbefälle","Germany",2015,"24.08.",2015-08-24,2356,"e"
"Statistik der Sterbefälle","Germany",2015,"25.08.",2015-08-25,2153,"e"
"Statistik der Sterbefälle","Germany",2015,"26.08.",2015-08-26,2233,"e"
"Statistik der Sterbefälle","Germany",2015,"27.08.",2015-08-27,2402,"e"
"Statistik der Sterbefälle","Germany",2015,"28.08.",2015-08-28,2334,"e"
"Statistik der Sterbefälle","Germany",2015,"29.08.",2015-08-29,2304,"e"
"Statistik der Sterbefälle","Germany",2015,"30.08.",2015-08-30,2335,"e"
"Statistik der Sterbefälle","Germany",2015,"31.08.",2015-08-31,2462,"e"
"Statistik der Sterbefälle","Germany",2015,"01.09.",2015-09-01,2445,"e"
"Statistik der Sterbefälle","Germany",2015,"02.09.",2015-09-02,2220,"e"
"Statistik der Sterbefälle","Germany",2015,"03.09.",2015-09-03,2160,"e"
"Statistik der Sterbefälle","Germany",2015,"04.09.",2015-09-04,2198,"e"
"Statistik der Sterbefälle","Germany",2015,"05.09.",2015-09-05,2080,"e"
"Statistik der Sterbefälle","Germany",2015,"06.09.",2015-09-06,2089,"e"
"Statistik der Sterbefälle","Germany",2015,"07.09.",2015-09-07,2214,"e"
"Statistik der Sterbefälle","Germany",2015,"08.09.",2015-09-08,2248,"e"
"Statistik der Sterbefälle","Germany",2015,"09.09.",2015-09-09,2312,"e"
"Statistik der Sterbefälle","Germany",2015,"10.09.",2015-09-10,2201,"e"
"Statistik der Sterbefälle","Germany",2015,"11.09.",2015-09-11,2272,"e"
"Statistik der Sterbefälle","Germany",2015,"12.09.",2015-09-12,2304,"e"
"Statistik der Sterbefälle","Germany",2015,"13.09.",2015-09-13,2401,"e"
"Statistik der Sterbefälle","Germany",2015,"14.09.",2015-09-14,2325,"e"
"Statistik der Sterbefälle","Germany",2015,"15.09.",2015-09-15,2316,"e"
"Statistik der Sterbefälle","Germany",2015,"16.09.",2015-09-16,2367,"e"
"Statistik der Sterbefälle","Germany",2015,"17.09.",2015-09-17,2462,"e"
"Statistik der Sterbefälle","Germany",2015,"18.09.",2015-09-18,2201,"e"
"Statistik der Sterbefälle","Germany",2015,"19.09.",2015-09-19,2184,"e"
"Statistik der Sterbefälle","Germany",2015,"20.09.",2015-09-20,2179,"e"
"Statistik der Sterbefälle","Germany",2015,"21.09.",2015-09-21,2186,"e"
"Statistik der Sterbefälle","Germany",2015,"22.09.",2015-09-22,2231,"e"
"Statistik der Sterbefälle","Germany",2015,"23.09.",2015-09-23,2301,"e"
"Statistik der Sterbefälle","Germany",2015,"24.09.",2015-09-24,2260,"e"
"Statistik der Sterbefälle","Germany",2015,"25.09.",2015-09-25,2264,"e"
"Statistik der Sterbefälle","Germany",2015,"26.09.",2015-09-26,2300,"e"
"Statistik der Sterbefälle","Germany",2015,"27.09.",2015-09-27,2125,"e"
"Statistik der Sterbefälle","Germany",2015,"28.09.",2015-09-28,2247,"e"
"Statistik der Sterbefälle","Germany",2015,"29.09.",2015-09-29,2340,"e"
"Statistik der Sterbefälle","Germany",2015,"30.09.",2015-09-30,2386,"e"
"Statistik der Sterbefälle","Germany",2015,"01.10.",2015-10-01,2335,"e"
"Statistik der Sterbefälle","Germany",2015,"02.10.",2015-10-02,2373,"e"
"Statistik der Sterbefälle","Germany",2015,"03.10.",2015-10-03,2444,"e"
"Statistik der Sterbefälle","Germany",2015,"04.10.",2015-10-04,2304,"e"
"Statistik der Sterbefälle","Germany",2015,"05.10.",2015-10-05,2399,"e"
"Statistik der Sterbefälle","Germany",2015,"06.10.",2015-10-06,2470,"e"
"Statistik der Sterbefälle","Germany",2015,"07.10.",2015-10-07,2527,"e"
"Statistik der Sterbefälle","Germany",2015,"08.10.",2015-10-08,2412,"e"
"Statistik der Sterbefälle","Germany",2015,"09.10.",2015-10-09,2412,"e"
"Statistik der Sterbefälle","Germany",2015,"10.10.",2015-10-10,2296,"e"
"Statistik der Sterbefälle","Germany",2015,"11.10.",2015-10-11,2260,"e"
"Statistik der Sterbefälle","Germany",2015,"12.10.",2015-10-12,2342,"e"
"Statistik der Sterbefälle","Germany",2015,"13.10.",2015-10-13,2355,"e"
"Statistik der Sterbefälle","Germany",2015,"14.10.",2015-10-14,2436,"e"
"Statistik der Sterbefälle","Germany",2015,"15.10.",2015-10-15,2419,"e"
"Statistik der Sterbefälle","Germany",2015,"16.10.",2015-10-16,2465,"e"
"Statistik der Sterbefälle","Germany",2015,"17.10.",2015-10-17,2450,"e"
"Statistik der Sterbefälle","Germany",2015,"18.10.",2015-10-18,2381,"e"
"Statistik der Sterbefälle","Germany",2015,"19.10.",2015-10-19,2504,"e"
"Statistik der Sterbefälle","Germany",2015,"20.10.",2015-10-20,2612,"e"
"Statistik der Sterbefälle","Germany",2015,"21.10.",2015-10-21,2442,"e"
"Statistik der Sterbefälle","Germany",2015,"22.10.",2015-10-22,2503,"e"
"Statistik der Sterbefälle","Germany",2015,"23.10.",2015-10-23,2474,"e"
"Statistik der Sterbefälle","Germany",2015,"24.10.",2015-10-24,2360,"e"
"Statistik der Sterbefälle","Germany",2015,"25.10.",2015-10-25,2446,"e"
"Statistik der Sterbefälle","Germany",2015,"26.10.",2015-10-26,2457,"e"
"Statistik der Sterbefälle","Germany",2015,"27.10.",2015-10-27,2334,"e"
"Statistik der Sterbefälle","Germany",2015,"28.10.",2015-10-28,2455,"e"
"Statistik der Sterbefälle","Germany",2015,"29.10.",2015-10-29,2406,"e"
"Statistik der Sterbefälle","Germany",2015,"30.10.",2015-10-30,2454,"e"
"Statistik der Sterbefälle","Germany",2015,"31.10.",2015-10-31,2327,"e"
"Statistik der Sterbefälle","Germany",2015,"01.11.",2015-11-01,2362,"e"
"Statistik der Sterbefälle","Germany",2015,"02.11.",2015-11-02,2397,"e"
"Statistik der Sterbefälle","Germany",2015,"03.11.",2015-11-03,2377,"e"
"Statistik der Sterbefälle","Germany",2015,"04.11.",2015-11-04,2434,"e"
"Statistik der Sterbefälle","Germany",2015,"05.11.",2015-11-05,2431,"e"
"Statistik der Sterbefälle","Germany",2015,"06.11.",2015-11-06,2588,"e"
"Statistik der Sterbefälle","Germany",2015,"07.11.",2015-11-07,2478,"e"
"Statistik der Sterbefälle","Germany",2015,"08.11.",2015-11-08,2319,"e"
"Statistik der Sterbefälle","Germany",2015,"09.11.",2015-11-09,2401,"e"
"Statistik der Sterbefälle","Germany",2015,"10.11.",2015-11-10,2468,"e"
"Statistik der Sterbefälle","Germany",2015,"11.11.",2015-11-11,2408,"e"
"Statistik der Sterbefälle","Germany",2015,"12.11.",2015-11-12,2368,"e"
"Statistik der Sterbefälle","Germany",2015,"13.11.",2015-11-13,2408,"e"
"Statistik der Sterbefälle","Germany",2015,"14.11.",2015-11-14,2299,"e"
"Statistik der Sterbefälle","Germany",2015,"15.11.",2015-11-15,2266,"e"
"Statistik der Sterbefälle","Germany",2015,"16.11.",2015-11-16,2418,"e"
"Statistik der Sterbefälle","Germany",2015,"17.11.",2015-11-17,2458,"e"
"Statistik der Sterbefälle","Germany",2015,"18.11.",2015-11-18,2486,"e"
"Statistik der Sterbefälle","Germany",2015,"19.11.",2015-11-19,2319,"e"
"Statistik der Sterbefälle","Germany",2015,"20.11.",2015-11-20,2527,"e"
"Statistik der Sterbefälle","Germany",2015,"21.11.",2015-11-21,2368,"e"
"Statistik der Sterbefälle","Germany",2015,"22.11.",2015-11-22,2273,"e"
"Statistik der Sterbefälle","Germany",2015,"23.11.",2015-11-23,2374,"e"
"Statistik der Sterbefälle","Germany",2015,"24.11.",2015-11-24,2376,"e"
"Statistik der Sterbefälle","Germany",2015,"25.11.",2015-11-25,2488,"e"
"Statistik der Sterbefälle","Germany",2015,"26.11.",2015-11-26,2427,"e"
"Statistik der Sterbefälle","Germany",2015,"27.11.",2015-11-27,2378,"e"
"Statistik der Sterbefälle","Germany",2015,"28.11.",2015-11-28,2398,"e"
"Statistik der Sterbefälle","Germany",2015,"29.11.",2015-11-29,2361,"e"
"Statistik der Sterbefälle","Germany",2015,"30.11.",2015-11-30,2489,"e"
"Statistik der Sterbefälle","Germany",2015,"01.12.",2015-12-01,2498,"e"
"Statistik der Sterbefälle","Germany",2015,"02.12.",2015-12-02,2427,"e"
"Statistik der Sterbefälle","Germany",2015,"03.12.",2015-12-03,2445,"e"
"Statistik der Sterbefälle","Germany",2015,"04.12.",2015-12-04,2455,"e"
"Statistik der Sterbefälle","Germany",2015,"05.12.",2015-12-05,2359,"e"
"Statistik der Sterbefälle","Germany",2015,"06.12.",2015-12-06,2336,"e"
"Statistik der Sterbefälle","Germany",2015,"07.12.",2015-12-07,2471,"e"
"Statistik der Sterbefälle","Germany",2015,"08.12.",2015-12-08,2487,"e"
"Statistik der Sterbefälle","Germany",2015,"09.12.",2015-12-09,2426,"e"
"Statistik der Sterbefälle","Germany",2015,"10.12.",2015-12-10,2432,"e"
"Statistik der Sterbefälle","Germany",2015,"11.12.",2015-12-11,2407,"e"
"Statistik der Sterbefälle","Germany",2015,"12.12.",2015-12-12,2424,"e"
"Statistik der Sterbefälle","Germany",2015,"13.12.",2015-12-13,2407,"e"
"Statistik der Sterbefälle","Germany",2015,"14.12.",2015-12-14,2463,"e"
"Statistik der Sterbefälle","Germany",2015,"15.12.",2015-12-15,2540,"e"
"Statistik der Sterbefälle","Germany",2015,"16.12.",2015-12-16,2428,"e"
"Statistik der Sterbefälle","Germany",2015,"17.12.",2015-12-17,2522,"e"
"Statistik der Sterbefälle","Germany",2015,"18.12.",2015-12-18,2523,"e"
"Statistik der Sterbefälle","Germany",2015,"19.12.",2015-12-19,2558,"e"
"Statistik der Sterbefälle","Germany",2015,"20.12.",2015-12-20,2374,"e"
"Statistik der Sterbefälle","Germany",2015,"21.12.",2015-12-21,2534,"e"
"Statistik der Sterbefälle","Germany",2015,"22.12.",2015-12-22,2493,"e"
"Statistik der Sterbefälle","Germany",2015,"23.12.",2015-12-23,2503,"e"
"Statistik der Sterbefälle","Germany",2015,"24.12.",2015-12-24,2419,"e"
"Statistik der Sterbefälle","Germany",2015,"25.12.",2015-12-25,2390,"e"
"Statistik der Sterbefälle","Germany",2015,"26.12.",2015-12-26,2422,"e"
"Statistik der Sterbefälle","Germany",2015,"27.12.",2015-12-27,2415,"e"
"Statistik der Sterbefälle","Germany",2015,"28.12.",2015-12-28,2474,"e"
"Statistik der Sterbefälle","Germany",2015,"29.12.",2015-12-29,2388,"e"
"Statistik der Sterbefälle","Germany",2015,"30.12.",2015-12-30,2376,"e"
"Statistik der Sterbefälle","Germany",2015,"31.12.",2015-12-31,2470,"e"
"Statistik der Sterbefälle","Germany",2016,"01.01.",2016-01-01,2558,"e"
"Statistik der Sterbefälle","Germany",2016,"02.01.",2016-01-02,2422,"e"
"Statistik der Sterbefälle","Germany",2016,"03.01.",2016-01-03,2522,"e"
"Statistik der Sterbefälle","Germany",2016,"04.01.",2016-01-04,2743,"e"
"Statistik der Sterbefälle","Germany",2016,"05.01.",2016-01-05,2633,"e"
"Statistik der Sterbefälle","Germany",2016,"06.01.",2016-01-06,2578,"e"
"Statistik der Sterbefälle","Germany",2016,"07.01.",2016-01-07,2584,"e"
"Statistik der Sterbefälle","Germany",2016,"08.01.",2016-01-08,2765,"e"
"Statistik der Sterbefälle","Germany",2016,"09.01.",2016-01-09,2579,"e"
"Statistik der Sterbefälle","Germany",2016,"10.01.",2016-01-10,2585,"e"
"Statistik der Sterbefälle","Germany",2016,"11.01.",2016-01-11,2751,"e"
"Statistik der Sterbefälle","Germany",2016,"12.01.",2016-01-12,2627,"e"
"Statistik der Sterbefälle","Germany",2016,"13.01.",2016-01-13,2698,"e"
"Statistik der Sterbefälle","Germany",2016,"14.01.",2016-01-14,2581,"e"
"Statistik der Sterbefälle","Germany",2016,"15.01.",2016-01-15,2657,"e"
"Statistik der Sterbefälle","Germany",2016,"16.01.",2016-01-16,2627,"e"
"Statistik der Sterbefälle","Germany",2016,"17.01.",2016-01-17,2498,"e"
"Statistik der Sterbefälle","Germany",2016,"18.01.",2016-01-18,2624,"e"
"Statistik der Sterbefälle","Germany",2016,"19.01.",2016-01-19,2641,"e"
"Statistik der Sterbefälle","Germany",2016,"20.01.",2016-01-20,2640,"e"
"Statistik der Sterbefälle","Germany",2016,"21.01.",2016-01-21,2685,"e"
"Statistik der Sterbefälle","Germany",2016,"22.01.",2016-01-22,2668,"e"
"Statistik der Sterbefälle","Germany",2016,"23.01.",2016-01-23,2688,"e"
"Statistik der Sterbefälle","Germany",2016,"24.01.",2016-01-24,2681,"e"
"Statistik der Sterbefälle","Germany",2016,"25.01.",2016-01-25,2777,"e"
"Statistik der Sterbefälle","Germany",2016,"26.01.",2016-01-26,2679,"e"
"Statistik der Sterbefälle","Germany",2016,"27.01.",2016-01-27,2691,"e"
"Statistik der Sterbefälle","Germany",2016,"28.01.",2016-01-28,2639,"e"
"Statistik der Sterbefälle","Germany",2016,"29.01.",2016-01-29,2755,"e"
"Statistik der Sterbefälle","Germany",2016,"30.01.",2016-01-30,2650,"e"
"Statistik der Sterbefälle","Germany",2016,"31.01.",2016-01-31,2516,"e"
"Statistik der Sterbefälle","Germany",2016,"01.02.",2016-02-01,2683,"e"
"Statistik der Sterbefälle","Germany",2016,"02.02.",2016-02-02,2745,"e"
"Statistik der Sterbefälle","Germany",2016,"03.02.",2016-02-03,2518,"e"
"Statistik der Sterbefälle","Germany",2016,"04.02.",2016-02-04,2579,"e"
"Statistik der Sterbefälle","Germany",2016,"05.02.",2016-02-05,2649,"e"
"Statistik der Sterbefälle","Germany",2016,"06.02.",2016-02-06,2700,"e"
"Statistik der Sterbefälle","Germany",2016,"07.02.",2016-02-07,2619,"e"
"Statistik der Sterbefälle","Germany",2016,"08.02.",2016-02-08,2663,"e"
"Statistik der Sterbefälle","Germany",2016,"09.02.",2016-02-09,2640,"e"
"Statistik der Sterbefälle","Germany",2016,"10.02.",2016-02-10,2751,"e"
"Statistik der Sterbefälle","Germany",2016,"11.02.",2016-02-11,2594,"e"
"Statistik der Sterbefälle","Germany",2016,"12.02.",2016-02-12,2620,"e"
"Statistik der Sterbefälle","Germany",2016,"13.02.",2016-02-13,2701,"e"
"Statistik der Sterbefälle","Germany",2016,"14.02.",2016-02-14,2572,"e"
"Statistik der Sterbefälle","Germany",2016,"15.02.",2016-02-15,2643,"e"
"Statistik der Sterbefälle","Germany",2016,"16.02.",2016-02-16,2506,"e"
"Statistik der Sterbefälle","Germany",2016,"17.02.",2016-02-17,2671,"e"
"Statistik der Sterbefälle","Germany",2016,"18.02.",2016-02-18,2673,"e"
"Statistik der Sterbefälle","Germany",2016,"19.02.",2016-02-19,2730,"e"
"Statistik der Sterbefälle","Germany",2016,"20.02.",2016-02-20,2661,"e"
"Statistik der Sterbefälle","Germany",2016,"21.02.",2016-02-21,2599,"e"
"Statistik der Sterbefälle","Germany",2016,"22.02.",2016-02-22,2706,"e"
"Statistik der Sterbefälle","Germany",2016,"23.02.",2016-02-23,2684,"e"
"Statistik der Sterbefälle","Germany",2016,"24.02.",2016-02-24,2618,"e"
"Statistik der Sterbefälle","Germany",2016,"25.02.",2016-02-25,2658,"e"
"Statistik der Sterbefälle","Germany",2016,"26.02.",2016-02-26,2703,"e"
"Statistik der Sterbefälle","Germany",2016,"27.02.",2016-02-27,2585,"e"
"Statistik der Sterbefälle","Germany",2016,"28.02.",2016-02-28,2521,"e"
"Statistik der Sterbefälle","Germany",2016,"29.02.",2016-02-29,2627,"e"
"Statistik der Sterbefälle","Germany",2016,"01.03.",2016-03-01,2693,"e"
"Statistik der Sterbefälle","Germany",2016,"02.03.",2016-03-02,2794,"e"
"Statistik der Sterbefälle","Germany",2016,"03.03.",2016-03-03,2730,"e"
"Statistik der Sterbefälle","Germany",2016,"04.03.",2016-03-04,2803,"e"
"Statistik der Sterbefälle","Germany",2016,"05.03.",2016-03-05,2654,"e"
"Statistik der Sterbefälle","Germany",2016,"06.03.",2016-03-06,2625,"e"
"Statistik der Sterbefälle","Germany",2016,"07.03.",2016-03-07,2690,"e"
"Statistik der Sterbefälle","Germany",2016,"08.03.",2016-03-08,2754,"e"
"Statistik der Sterbefälle","Germany",2016,"09.03.",2016-03-09,2769,"e"
"Statistik der Sterbefälle","Germany",2016,"10.03.",2016-03-10,2682,"e"
"Statistik der Sterbefälle","Germany",2016,"11.03.",2016-03-11,2714,"e"
"Statistik der Sterbefälle","Germany",2016,"12.03.",2016-03-12,2613,"e"
"Statistik der Sterbefälle","Germany",2016,"13.03.",2016-03-13,2666,"e"
"Statistik der Sterbefälle","Germany",2016,"14.03.",2016-03-14,2727,"e"
"Statistik der Sterbefälle","Germany",2016,"15.03.",2016-03-15,2715,"e"
"Statistik der Sterbefälle","Germany",2016,"16.03.",2016-03-16,2686,"e"
"Statistik der Sterbefälle","Germany",2016,"17.03.",2016-03-17,2813,"e"
"Statistik der Sterbefälle","Germany",2016,"18.03.",2016-03-18,2711,"e"
"Statistik der Sterbefälle","Germany",2016,"19.03.",2016-03-19,2691,"e"
"Statistik der Sterbefälle","Germany",2016,"20.03.",2016-03-20,2628,"e"
"Statistik der Sterbefälle","Germany",2016,"21.03.",2016-03-21,2788,"e"
"Statistik der Sterbefälle","Germany",2016,"22.03.",2016-03-22,2748,"e"
"Statistik der Sterbefälle","Germany",2016,"23.03.",2016-03-23,2811,"e"
"Statistik der Sterbefälle","Germany",2016,"24.03.",2016-03-24,2660,"e"
"Statistik der Sterbefälle","Germany",2016,"25.03.",2016-03-25,2676,"e"
"Statistik der Sterbefälle","Germany",2016,"26.03.",2016-03-26,2656,"e"
"Statistik der Sterbefälle","Germany",2016,"27.03.",2016-03-27,2487,"e"
"Statistik der Sterbefälle","Germany",2016,"28.03.",2016-03-28,2551,"e"
"Statistik der Sterbefälle","Germany",2016,"29.03.",2016-03-29,2757,"e"
"Statistik der Sterbefälle","Germany",2016,"30.03.",2016-03-30,2668,"e"
"Statistik der Sterbefälle","Germany",2016,"31.03.",2016-03-31,2708,"e"
"Statistik der Sterbefälle","Germany",2016,"01.04.",2016-04-01,2675,"e"
"Statistik der Sterbefälle","Germany",2016,"02.04.",2016-04-02,2637,"e"
"Statistik der Sterbefälle","Germany",2016,"03.04.",2016-04-03,2621,"e"
"Statistik der Sterbefälle","Germany",2016,"04.04.",2016-04-04,2695,"e"
"Statistik der Sterbefälle","Germany",2016,"05.04.",2016-04-05,2707,"e"
"Statistik der Sterbefälle","Germany",2016,"06.04.",2016-04-06,2650,"e"
"Statistik der Sterbefälle","Germany",2016,"07.04.",2016-04-07,2584,"e"
"Statistik der Sterbefälle","Germany",2016,"08.04.",2016-04-08,2653,"e"
"Statistik der Sterbefälle","Germany",2016,"09.04.",2016-04-09,2532,"e"
"Statistik der Sterbefälle","Germany",2016,"10.04.",2016-04-10,2423,"e"
"Statistik der Sterbefälle","Germany",2016,"11.04.",2016-04-11,2546,"e"
"Statistik der Sterbefälle","Germany",2016,"12.04.",2016-04-12,2618,"e"
"Statistik der Sterbefälle","Germany",2016,"13.04.",2016-04-13,2621,"e"
"Statistik der Sterbefälle","Germany",2016,"14.04.",2016-04-14,2518,"e"
"Statistik der Sterbefälle","Germany",2016,"15.04.",2016-04-15,2544,"e"
"Statistik der Sterbefälle","Germany",2016,"16.04.",2016-04-16,2471,"e"
"Statistik der Sterbefälle","Germany",2016,"17.04.",2016-04-17,2394,"e"
"Statistik der Sterbefälle","Germany",2016,"18.04.",2016-04-18,2370,"e"
"Statistik der Sterbefälle","Germany",2016,"19.04.",2016-04-19,2351,"e"
"Statistik der Sterbefälle","Germany",2016,"20.04.",2016-04-20,2425,"e"
"Statistik der Sterbefälle","Germany",2016,"21.04.",2016-04-21,2422,"e"
"Statistik der Sterbefälle","Germany",2016,"22.04.",2016-04-22,2466,"e"
"Statistik der Sterbefälle","Germany",2016,"23.04.",2016-04-23,2428,"e"
"Statistik der Sterbefälle","Germany",2016,"24.04.",2016-04-24,2313,"e"
"Statistik der Sterbefälle","Germany",2016,"25.04.",2016-04-25,2423,"e"
"Statistik der Sterbefälle","Germany",2016,"26.04.",2016-04-26,2437,"e"
"Statistik der Sterbefälle","Germany",2016,"27.04.",2016-04-27,2502,"e"
"Statistik der Sterbefälle","Germany",2016,"28.04.",2016-04-28,2413,"e"
"Statistik der Sterbefälle","Germany",2016,"29.04.",2016-04-29,2379,"e"
"Statistik der Sterbefälle","Germany",2016,"30.04.",2016-04-30,2497,"e"
"Statistik der Sterbefälle","Germany",2016,"01.05.",2016-05-01,2402,"e"
"Statistik der Sterbefälle","Germany",2016,"02.05.",2016-05-02,2491,"e"
"Statistik der Sterbefälle","Germany",2016,"03.05.",2016-05-03,2396,"e"
"Statistik der Sterbefälle","Germany",2016,"04.05.",2016-05-04,2413,"e"
"Statistik der Sterbefälle","Germany",2016,"05.05.",2016-05-05,2226,"e"
"Statistik der Sterbefälle","Germany",2016,"06.05.",2016-05-06,2505,"e"
"Statistik der Sterbefälle","Germany",2016,"07.05.",2016-05-07,2503,"e"
"Statistik der Sterbefälle","Germany",2016,"08.05.",2016-05-08,2367,"e"
"Statistik der Sterbefälle","Germany",2016,"09.05.",2016-05-09,2552,"e"
"Statistik der Sterbefälle","Germany",2016,"10.05.",2016-05-10,2648,"e"
"Statistik der Sterbefälle","Germany",2016,"11.05.",2016-05-11,2600,"e"
"Statistik der Sterbefälle","Germany",2016,"12.05.",2016-05-12,2573,"e"
"Statistik der Sterbefälle","Germany",2016,"13.05.",2016-05-13,2562,"e"
"Statistik der Sterbefälle","Germany",2016,"14.05.",2016-05-14,2399,"e"
"Statistik der Sterbefälle","Germany",2016,"15.05.",2016-05-15,2295,"e"
"Statistik der Sterbefälle","Germany",2016,"16.05.",2016-05-16,2278,"e"
"Statistik der Sterbefälle","Germany",2016,"17.05.",2016-05-17,2340,"e"
"Statistik der Sterbefälle","Germany",2016,"18.05.",2016-05-18,2332,"e"
"Statistik der Sterbefälle","Germany",2016,"19.05.",2016-05-19,2442,"e"
"Statistik der Sterbefälle","Germany",2016,"20.05.",2016-05-20,2410,"e"
"Statistik der Sterbefälle","Germany",2016,"21.05.",2016-05-21,2401,"e"
"Statistik der Sterbefälle","Germany",2016,"22.05.",2016-05-22,2398,"e"
"Statistik der Sterbefälle","Germany",2016,"23.05.",2016-05-23,2407,"e"
"Statistik der Sterbefälle","Germany",2016,"24.05.",2016-05-24,2344,"e"
"Statistik der Sterbefälle","Germany",2016,"25.05.",2016-05-25,2402,"e"
"Statistik der Sterbefälle","Germany",2016,"26.05.",2016-05-26,2194,"e"
"Statistik der Sterbefälle","Germany",2016,"27.05.",2016-05-27,2346,"e"
"Statistik der Sterbefälle","Germany",2016,"28.05.",2016-05-28,2309,"e"
"Statistik der Sterbefälle","Germany",2016,"29.05.",2016-05-29,2284,"e"
"Statistik der Sterbefälle","Germany",2016,"30.05.",2016-05-30,2361,"e"
"Statistik der Sterbefälle","Germany",2016,"31.05.",2016-05-31,2345,"e"
"Statistik der Sterbefälle","Germany",2016,"01.06.",2016-06-01,2369,"e"
"Statistik der Sterbefälle","Germany",2016,"02.06.",2016-06-02,2416,"e"
"Statistik der Sterbefälle","Germany",2016,"03.06.",2016-06-03,2349,"e"
"Statistik der Sterbefälle","Germany",2016,"04.06.",2016-06-04,2338,"e"
"Statistik der Sterbefälle","Germany",2016,"05.06.",2016-06-05,2168,"e"
"Statistik der Sterbefälle","Germany",2016,"06.06.",2016-06-06,2378,"e"
"Statistik der Sterbefälle","Germany",2016,"07.06.",2016-06-07,2334,"e"
"Statistik der Sterbefälle","Germany",2016,"08.06.",2016-06-08,2355,"e"
"Statistik der Sterbefälle","Germany",2016,"09.06.",2016-06-09,2177,"e"
"Statistik der Sterbefälle","Germany",2016,"10.06.",2016-06-10,2265,"e"
"Statistik der Sterbefälle","Germany",2016,"11.06.",2016-06-11,2121,"e"
"Statistik der Sterbefälle","Germany",2016,"12.06.",2016-06-12,2169,"e"
"Statistik der Sterbefälle","Germany",2016,"13.06.",2016-06-13,2293,"e"
"Statistik der Sterbefälle","Germany",2016,"14.06.",2016-06-14,2288,"e"
"Statistik der Sterbefälle","Germany",2016,"15.06.",2016-06-15,2259,"e"
"Statistik der Sterbefälle","Germany",2016,"16.06.",2016-06-16,2370,"e"
"Statistik der Sterbefälle","Germany",2016,"17.06.",2016-06-17,2208,"e"
"Statistik der Sterbefälle","Germany",2016,"18.06.",2016-06-18,2186,"e"
"Statistik der Sterbefälle","Germany",2016,"19.06.",2016-06-19,2113,"e"
"Statistik der Sterbefälle","Germany",2016,"20.06.",2016-06-20,2314,"e"
"Statistik der Sterbefälle","Germany",2016,"21.06.",2016-06-21,2346,"e"
"Statistik der Sterbefälle","Germany",2016,"22.06.",2016-06-22,2506,"e"
"Statistik der Sterbefälle","Germany",2016,"23.06.",2016-06-23,2475,"e"
"Statistik der Sterbefälle","Germany",2016,"24.06.",2016-06-24,2712,"e"
"Statistik der Sterbefälle","Germany",2016,"25.06.",2016-06-25,2492,"e"
"Statistik der Sterbefälle","Germany",2016,"26.06.",2016-06-26,2065,"e"
"Statistik der Sterbefälle","Germany",2016,"27.06.",2016-06-27,2191,"e"
"Statistik der Sterbefälle","Germany",2016,"28.06.",2016-06-28,2302,"e"
"Statistik der Sterbefälle","Germany",2016,"29.06.",2016-06-29,2348,"e"
"Statistik der Sterbefälle","Germany",2016,"30.06.",2016-06-30,2279,"e"
"Statistik der Sterbefälle","Germany",2016,"01.07.",2016-07-01,2431,"e"
"Statistik der Sterbefälle","Germany",2016,"02.07.",2016-07-02,2145,"e"
"Statistik der Sterbefälle","Germany",2016,"03.07.",2016-07-03,2003,"e"
"Statistik der Sterbefälle","Germany",2016,"04.07.",2016-07-04,2298,"e"
"Statistik der Sterbefälle","Germany",2016,"05.07.",2016-07-05,2368,"e"
"Statistik der Sterbefälle","Germany",2016,"06.07.",2016-07-06,2231,"e"
"Statistik der Sterbefälle","Germany",2016,"07.07.",2016-07-07,2261,"e"
"Statistik der Sterbefälle","Germany",2016,"08.07.",2016-07-08,2455,"e"
"Statistik der Sterbefälle","Germany",2016,"09.07.",2016-07-09,2284,"e"
"Statistik der Sterbefälle","Germany",2016,"10.07.",2016-07-10,2332,"e"
"Statistik der Sterbefälle","Germany",2016,"11.07.",2016-07-11,2559,"e"
"Statistik der Sterbefälle","Germany",2016,"12.07.",2016-07-12,2435,"e"
"Statistik der Sterbefälle","Germany",2016,"13.07.",2016-07-13,2313,"e"
"Statistik der Sterbefälle","Germany",2016,"14.07.",2016-07-14,2216,"e"
"Statistik der Sterbefälle","Germany",2016,"15.07.",2016-07-15,2139,"e"
"Statistik der Sterbefälle","Germany",2016,"16.07.",2016-07-16,2225,"e"
"Statistik der Sterbefälle","Germany",2016,"17.07.",2016-07-17,2285,"e"
"Statistik der Sterbefälle","Germany",2016,"18.07.",2016-07-18,2294,"e"
"Statistik der Sterbefälle","Germany",2016,"19.07.",2016-07-19,2316,"e"
"Statistik der Sterbefälle","Germany",2016,"20.07.",2016-07-20,2441,"e"
"Statistik der Sterbefälle","Germany",2016,"21.07.",2016-07-21,2593,"e"
"Statistik der Sterbefälle","Germany",2016,"22.07.",2016-07-22,2659,"e"
"Statistik der Sterbefälle","Germany",2016,"23.07.",2016-07-23,2366,"e"
"Statistik der Sterbefälle","Germany",2016,"24.07.",2016-07-24,2316,"e"
"Statistik der Sterbefälle","Germany",2016,"25.07.",2016-07-25,2449,"e"
"Statistik der Sterbefälle","Germany",2016,"26.07.",2016-07-26,2345,"e"
"Statistik der Sterbefälle","Germany",2016,"27.07.",2016-07-27,2267,"e"
"Statistik der Sterbefälle","Germany",2016,"28.07.",2016-07-28,2313,"e"
"Statistik der Sterbefälle","Germany",2016,"29.07.",2016-07-29,2311,"e"
"Statistik der Sterbefälle","Germany",2016,"30.07.",2016-07-30,2250,"e"
"Statistik der Sterbefälle","Germany",2016,"31.07.",2016-07-31,2222,"e"
"Statistik der Sterbefälle","Germany",2016,"01.08.",2016-08-01,2197,"e"
"Statistik der Sterbefälle","Germany",2016,"02.08.",2016-08-02,2216,"e"
"Statistik der Sterbefälle","Germany",2016,"03.08.",2016-08-03,2305,"e"
"Statistik der Sterbefälle","Germany",2016,"04.08.",2016-08-04,2269,"e"
"Statistik der Sterbefälle","Germany",2016,"05.08.",2016-08-05,2202,"e"
"Statistik der Sterbefälle","Germany",2016,"06.08.",2016-08-06,2149,"e"
"Statistik der Sterbefälle","Germany",2016,"07.08.",2016-08-07,2101,"e"
"Statistik der Sterbefälle","Germany",2016,"08.08.",2016-08-08,2307,"e"
"Statistik der Sterbefälle","Germany",2016,"09.08.",2016-08-09,2134,"e"
"Statistik der Sterbefälle","Germany",2016,"10.08.",2016-08-10,2191,"e"
"Statistik der Sterbefälle","Germany",2016,"11.08.",2016-08-11,2107,"e"
"Statistik der Sterbefälle","Germany",2016,"12.08.",2016-08-12,2229,"e"
"Statistik der Sterbefälle","Germany",2016,"13.08.",2016-08-13,2327,"e"
"Statistik der Sterbefälle","Germany",2016,"14.08.",2016-08-14,2192,"e"
"Statistik der Sterbefälle","Germany",2016,"15.08.",2016-08-15,2394,"e"
"Statistik der Sterbefälle","Germany",2016,"16.08.",2016-08-16,2238,"e"
"Statistik der Sterbefälle","Germany",2016,"17.08.",2016-08-17,2375,"e"
"Statistik der Sterbefälle","Germany",2016,"18.08.",2016-08-18,2366,"e"
"Statistik der Sterbefälle","Germany",2016,"19.08.",2016-08-19,2324,"e"
"Statistik der Sterbefälle","Germany",2016,"20.08.",2016-08-20,2319,"e"
"Statistik der Sterbefälle","Germany",2016,"21.08.",2016-08-21,2242,"e"
"Statistik der Sterbefälle","Germany",2016,"22.08.",2016-08-22,2321,"e"
"Statistik der Sterbefälle","Germany",2016,"23.08.",2016-08-23,2330,"e"
"Statistik der Sterbefälle","Germany",2016,"24.08.",2016-08-24,2479,"e"
"Statistik der Sterbefälle","Germany",2016,"25.08.",2016-08-25,2479,"e"
"Statistik der Sterbefälle","Germany",2016,"26.08.",2016-08-26,2511,"e"
"Statistik der Sterbefälle","Germany",2016,"27.08.",2016-08-27,2487,"e"
"Statistik der Sterbefälle","Germany",2016,"28.08.",2016-08-28,2540,"e"
"Statistik der Sterbefälle","Germany",2016,"29.08.",2016-08-29,2441,"e"
"Statistik der Sterbefälle","Germany",2016,"30.08.",2016-08-30,2254,"e"
"Statistik der Sterbefälle","Germany",2016,"31.08.",2016-08-31,2269,"e"
"Statistik der Sterbefälle","Germany",2016,"01.09.",2016-09-01,2419,"e"
"Statistik der Sterbefälle","Germany",2016,"02.09.",2016-09-02,2294,"e"
"Statistik der Sterbefälle","Germany",2016,"03.09.",2016-09-03,2217,"e"
"Statistik der Sterbefälle","Germany",2016,"04.09.",2016-09-04,2207,"e"
"Statistik der Sterbefälle","Germany",2016,"05.09.",2016-09-05,2214,"e"
"Statistik der Sterbefälle","Germany",2016,"06.09.",2016-09-06,2299,"e"
"Statistik der Sterbefälle","Germany",2016,"07.09.",2016-09-07,2283,"e"
"Statistik der Sterbefälle","Germany",2016,"08.09.",2016-09-08,2398,"e"
"Statistik der Sterbefälle","Germany",2016,"09.09.",2016-09-09,2432,"e"
"Statistik der Sterbefälle","Germany",2016,"10.09.",2016-09-10,2229,"e"
"Statistik der Sterbefälle","Germany",2016,"11.09.",2016-09-11,2261,"e"
"Statistik der Sterbefälle","Germany",2016,"12.09.",2016-09-12,2337,"e"
"Statistik der Sterbefälle","Germany",2016,"13.09.",2016-09-13,2440,"e"
"Statistik der Sterbefälle","Germany",2016,"14.09.",2016-09-14,2435,"e"
"Statistik der Sterbefälle","Germany",2016,"15.09.",2016-09-15,2421,"e"
"Statistik der Sterbefälle","Germany",2016,"16.09.",2016-09-16,2367,"e"
"Statistik der Sterbefälle","Germany",2016,"17.09.",2016-09-17,2262,"e"
"Statistik der Sterbefälle","Germany",2016,"18.09.",2016-09-18,2110,"e"
"Statistik der Sterbefälle","Germany",2016,"19.09.",2016-09-19,2221,"e"
"Statistik der Sterbefälle","Germany",2016,"20.09.",2016-09-20,2234,"e"
"Statistik der Sterbefälle","Germany",2016,"21.09.",2016-09-21,2251,"e"
"Statistik der Sterbefälle","Germany",2016,"22.09.",2016-09-22,2185,"e"
"Statistik der Sterbefälle","Germany",2016,"23.09.",2016-09-23,2230,"e"
"Statistik der Sterbefälle","Germany",2016,"24.09.",2016-09-24,2301,"e"
"Statistik der Sterbefälle","Germany",2016,"25.09.",2016-09-25,2184,"e"
"Statistik der Sterbefälle","Germany",2016,"26.09.",2016-09-26,2328,"e"
"Statistik der Sterbefälle","Germany",2016,"27.09.",2016-09-27,2363,"e"
"Statistik der Sterbefälle","Germany",2016,"28.09.",2016-09-28,2266,"e"
"Statistik der Sterbefälle","Germany",2016,"29.09.",2016-09-29,2378,"e"
"Statistik der Sterbefälle","Germany",2016,"30.09.",2016-09-30,2471,"e"
"Statistik der Sterbefälle","Germany",2016,"01.10.",2016-10-01,2259,"e"
"Statistik der Sterbefälle","Germany",2016,"02.10.",2016-10-02,2271,"e"
"Statistik der Sterbefälle","Germany",2016,"03.10.",2016-10-03,2219,"e"
"Statistik der Sterbefälle","Germany",2016,"04.10.",2016-10-04,2307,"e"
"Statistik der Sterbefälle","Germany",2016,"05.10.",2016-10-05,2294,"e"
"Statistik der Sterbefälle","Germany",2016,"06.10.",2016-10-06,2429,"e"
"Statistik der Sterbefälle","Germany",2016,"07.10.",2016-10-07,2368,"e"
"Statistik der Sterbefälle","Germany",2016,"08.10.",2016-10-08,2443,"e"
"Statistik der Sterbefälle","Germany",2016,"09.10.",2016-10-09,2292,"e"
"Statistik der Sterbefälle","Germany",2016,"10.10.",2016-10-10,2403,"e"
"Statistik der Sterbefälle","Germany",2016,"11.10.",2016-10-11,2415,"e"
"Statistik der Sterbefälle","Germany",2016,"12.10.",2016-10-12,2447,"e"
"Statistik der Sterbefälle","Germany",2016,"13.10.",2016-10-13,2479,"e"
"Statistik der Sterbefälle","Germany",2016,"14.10.",2016-10-14,2593,"e"
"Statistik der Sterbefälle","Germany",2016,"15.10.",2016-10-15,2619,"e"
"Statistik der Sterbefälle","Germany",2016,"16.10.",2016-10-16,2471,"e"
"Statistik der Sterbefälle","Germany",2016,"17.10.",2016-10-17,2531,"e"
"Statistik der Sterbefälle","Germany",2016,"18.10.",2016-10-18,2604,"e"
"Statistik der Sterbefälle","Germany",2016,"19.10.",2016-10-19,2561,"e"
"Statistik der Sterbefälle","Germany",2016,"20.10.",2016-10-20,2501,"e"
"Statistik der Sterbefälle","Germany",2016,"21.10.",2016-10-21,2566,"e"
"Statistik der Sterbefälle","Germany",2016,"22.10.",2016-10-22,2406,"e"
"Statistik der Sterbefälle","Germany",2016,"23.10.",2016-10-23,2430,"e"
"Statistik der Sterbefälle","Germany",2016,"24.10.",2016-10-24,2588,"e"
"Statistik der Sterbefälle","Germany",2016,"25.10.",2016-10-25,2475,"e"
"Statistik der Sterbefälle","Germany",2016,"26.10.",2016-10-26,2556,"e"
"Statistik der Sterbefälle","Germany",2016,"27.10.",2016-10-27,2446,"e"
"Statistik der Sterbefälle","Germany",2016,"28.10.",2016-10-28,2596,"e"
"Statistik der Sterbefälle","Germany",2016,"29.10.",2016-10-29,2476,"e"
"Statistik der Sterbefälle","Germany",2016,"30.10.",2016-10-30,2449,"e"
"Statistik der Sterbefälle","Germany",2016,"31.10.",2016-10-31,2507,"e"
"Statistik der Sterbefälle","Germany",2016,"01.11.",2016-11-01,2523,"e"
"Statistik der Sterbefälle","Germany",2016,"02.11.",2016-11-02,2553,"e"
"Statistik der Sterbefälle","Germany",2016,"03.11.",2016-11-03,2462,"e"
"Statistik der Sterbefälle","Germany",2016,"04.11.",2016-11-04,2545,"e"
"Statistik der Sterbefälle","Germany",2016,"05.11.",2016-11-05,2581,"e"
"Statistik der Sterbefälle","Germany",2016,"06.11.",2016-11-06,2409,"e"
"Statistik der Sterbefälle","Germany",2016,"07.11.",2016-11-07,2525,"e"
"Statistik der Sterbefälle","Germany",2016,"08.11.",2016-11-08,2522,"e"
"Statistik der Sterbefälle","Germany",2016,"09.11.",2016-11-09,2520,"e"
"Statistik der Sterbefälle","Germany",2016,"10.11.",2016-11-10,2593,"e"
"Statistik der Sterbefälle","Germany",2016,"11.11.",2016-11-11,2553,"e"
"Statistik der Sterbefälle","Germany",2016,"12.11.",2016-11-12,2543,"e"
"Statistik der Sterbefälle","Germany",2016,"13.11.",2016-11-13,2526,"e"
"Statistik der Sterbefälle","Germany",2016,"14.11.",2016-11-14,2588,"e"
"Statistik der Sterbefälle","Germany",2016,"15.11.",2016-11-15,2598,"e"
"Statistik der Sterbefälle","Germany",2016,"16.11.",2016-11-16,2770,"e"
"Statistik der Sterbefälle","Germany",2016,"17.11.",2016-11-17,2613,"e"
"Statistik der Sterbefälle","Germany",2016,"18.11.",2016-11-18,2677,"e"
"Statistik der Sterbefälle","Germany",2016,"19.11.",2016-11-19,2711,"e"
"Statistik der Sterbefälle","Germany",2016,"20.11.",2016-11-20,2634,"e"
"Statistik der Sterbefälle","Germany",2016,"21.11.",2016-11-21,2541,"e"
"Statistik der Sterbefälle","Germany",2016,"22.11.",2016-11-22,2577,"e"
"Statistik der Sterbefälle","Germany",2016,"23.11.",2016-11-23,2577,"e"
"Statistik der Sterbefälle","Germany",2016,"24.11.",2016-11-24,2581,"e"
"Statistik der Sterbefälle","Germany",2016,"25.11.",2016-11-25,2618,"e"
"Statistik der Sterbefälle","Germany",2016,"26.11.",2016-11-26,2568,"e"
"Statistik der Sterbefälle","Germany",2016,"27.11.",2016-11-27,2449,"e"
"Statistik der Sterbefälle","Germany",2016,"28.11.",2016-11-28,2521,"e"
"Statistik der Sterbefälle","Germany",2016,"29.11.",2016-11-29,2551,"e"
"Statistik der Sterbefälle","Germany",2016,"30.11.",2016-11-30,2621,"e"
"Statistik der Sterbefälle","Germany",2016,"01.12.",2016-12-01,2658,"e"
"Statistik der Sterbefälle","Germany",2016,"02.12.",2016-12-02,2754,"e"
"Statistik der Sterbefälle","Germany",2016,"03.12.",2016-12-03,2532,"e"
"Statistik der Sterbefälle","Germany",2016,"04.12.",2016-12-04,2509,"e"
"Statistik der Sterbefälle","Germany",2016,"05.12.",2016-12-05,2658,"e"
"Statistik der Sterbefälle","Germany",2016,"06.12.",2016-12-06,2662,"e"
"Statistik der Sterbefälle","Germany",2016,"07.12.",2016-12-07,2678,"e"
"Statistik der Sterbefälle","Germany",2016,"08.12.",2016-12-08,2706,"e"
"Statistik der Sterbefälle","Germany",2016,"09.12.",2016-12-09,2727,"e"
"Statistik der Sterbefälle","Germany",2016,"10.12.",2016-12-10,2699,"e"
"Statistik der Sterbefälle","Germany",2016,"11.12.",2016-12-11,2663,"e"
"Statistik der Sterbefälle","Germany",2016,"12.12.",2016-12-12,2704,"e"
"Statistik der Sterbefälle","Germany",2016,"13.12.",2016-12-13,2718,"e"
"Statistik der Sterbefälle","Germany",2016,"14.12.",2016-12-14,2700,"e"
"Statistik der Sterbefälle","Germany",2016,"15.12.",2016-12-15,2784,"e"
"Statistik der Sterbefälle","Germany",2016,"16.12.",2016-12-16,2662,"e"
"Statistik der Sterbefälle","Germany",2016,"17.12.",2016-12-17,2629,"e"
"Statistik der Sterbefälle","Germany",2016,"18.12.",2016-12-18,2688,"e"
"Statistik der Sterbefälle","Germany",2016,"19.12.",2016-12-19,2748,"e"
"Statistik der Sterbefälle","Germany",2016,"20.12.",2016-12-20,2788,"e"
"Statistik der Sterbefälle","Germany",2016,"21.12.",2016-12-21,2716,"e"
"Statistik der Sterbefälle","Germany",2016,"22.12.",2016-12-22,2765,"e"
"Statistik der Sterbefälle","Germany",2016,"23.12.",2016-12-23,2729,"e"
"Statistik der Sterbefälle","Germany",2016,"24.12.",2016-12-24,2918,"e"
"Statistik der Sterbefälle","Germany",2016,"25.12.",2016-12-25,2712,"e"
"Statistik der Sterbefälle","Germany",2016,"26.12.",2016-12-26,2781,"e"
"Statistik der Sterbefälle","Germany",2016,"27.12.",2016-12-27,2839,"e"
"Statistik der Sterbefälle","Germany",2016,"28.12.",2016-12-28,2831,"e"
"Statistik der Sterbefälle","Germany",2016,"29.12.",2016-12-29,2751,"e"
"Statistik der Sterbefälle","Germany",2016,"30.12.",2016-12-30,2834,"e"
"Statistik der Sterbefälle","Germany",2016,"31.12.",2016-12-31,2796,"e"
"Statistik der Sterbefälle","Germany",2017,"01.01.",2017-01-01,2912,"e"
"Statistik der Sterbefälle","Germany",2017,"02.01.",2017-01-02,3085,"e"
"Statistik der Sterbefälle","Germany",2017,"03.01.",2017-01-03,2923,"e"
"Statistik der Sterbefälle","Germany",2017,"04.01.",2017-01-04,2973,"e"
"Statistik der Sterbefälle","Germany",2017,"05.01.",2017-01-05,3055,"e"
"Statistik der Sterbefälle","Germany",2017,"06.01.",2017-01-06,2979,"e"
"Statistik der Sterbefälle","Germany",2017,"07.01.",2017-01-07,2949,"e"
"Statistik der Sterbefälle","Germany",2017,"08.01.",2017-01-08,2954,"e"
"Statistik der Sterbefälle","Germany",2017,"09.01.",2017-01-09,3088,"e"
"Statistik der Sterbefälle","Germany",2017,"10.01.",2017-01-10,3256,"e"
"Statistik der Sterbefälle","Germany",2017,"11.01.",2017-01-11,3213,"e"
"Statistik der Sterbefälle","Germany",2017,"12.01.",2017-01-12,3145,"e"
"Statistik der Sterbefälle","Germany",2017,"13.01.",2017-01-13,3240,"e"
"Statistik der Sterbefälle","Germany",2017,"14.01.",2017-01-14,3079,"e"
"Statistik der Sterbefälle","Germany",2017,"15.01.",2017-01-15,3049,"e"
"Statistik der Sterbefälle","Germany",2017,"16.01.",2017-01-16,3036,"e"
"Statistik der Sterbefälle","Germany",2017,"17.01.",2017-01-17,3011,"e"
"Statistik der Sterbefälle","Germany",2017,"18.01.",2017-01-18,2956,"e"
"Statistik der Sterbefälle","Germany",2017,"19.01.",2017-01-19,3077,"e"
"Statistik der Sterbefälle","Germany",2017,"20.01.",2017-01-20,3073,"e"
"Statistik der Sterbefälle","Germany",2017,"21.01.",2017-01-21,3120,"e"
"Statistik der Sterbefälle","Germany",2017,"22.01.",2017-01-22,2963,"e"
"Statistik der Sterbefälle","Germany",2017,"23.01.",2017-01-23,3151,"e"
"Statistik der Sterbefälle","Germany",2017,"24.01.",2017-01-24,3226,"e"
"Statistik der Sterbefälle","Germany",2017,"25.01.",2017-01-25,3155,"e"
"Statistik der Sterbefälle","Germany",2017,"26.01.",2017-01-26,3196,"e"
"Statistik der Sterbefälle","Germany",2017,"27.01.",2017-01-27,3167,"e"
"Statistik der Sterbefälle","Germany",2017,"28.01.",2017-01-28,3114,"e"
"Statistik der Sterbefälle","Germany",2017,"29.01.",2017-01-29,3074,"e"
"Statistik der Sterbefälle","Germany",2017,"30.01.",2017-01-30,3404,"e"
"Statistik der Sterbefälle","Germany",2017,"31.01.",2017-01-31,3410,"e"
"Statistik der Sterbefälle","Germany",2017,"01.02.",2017-02-01,3290,"e"
"Statistik der Sterbefälle","Germany",2017,"02.02.",2017-02-02,3316,"e"
"Statistik der Sterbefälle","Germany",2017,"03.02.",2017-02-03,3535,"e"
"Statistik der Sterbefälle","Germany",2017,"04.02.",2017-02-04,3427,"e"
"Statistik der Sterbefälle","Germany",2017,"05.02.",2017-02-05,3258,"e"
"Statistik der Sterbefälle","Germany",2017,"06.02.",2017-02-06,3286,"e"
"Statistik der Sterbefälle","Germany",2017,"07.02.",2017-02-07,3337,"e"
"Statistik der Sterbefälle","Germany",2017,"08.02.",2017-02-08,3232,"e"
"Statistik der Sterbefälle","Germany",2017,"09.02.",2017-02-09,3217,"e"
"Statistik der Sterbefälle","Germany",2017,"10.02.",2017-02-10,3360,"e"
"Statistik der Sterbefälle","Germany",2017,"11.02.",2017-02-11,3168,"e"
"Statistik der Sterbefälle","Germany",2017,"12.02.",2017-02-12,3144,"e"
"Statistik der Sterbefälle","Germany",2017,"13.02.",2017-02-13,3298,"e"
"Statistik der Sterbefälle","Germany",2017,"14.02.",2017-02-14,3222,"e"
"Statistik der Sterbefälle","Germany",2017,"15.02.",2017-02-15,3292,"e"
"Statistik der Sterbefälle","Germany",2017,"16.02.",2017-02-16,3342,"e"
"Statistik der Sterbefälle","Germany",2017,"17.02.",2017-02-17,3268,"e"
"Statistik der Sterbefälle","Germany",2017,"18.02.",2017-02-18,3209,"e"
"Statistik der Sterbefälle","Germany",2017,"19.02.",2017-02-19,3052,"e"
"Statistik der Sterbefälle","Germany",2017,"20.02.",2017-02-20,3314,"e"
"Statistik der Sterbefälle","Germany",2017,"21.02.",2017-02-21,3221,"e"
"Statistik der Sterbefälle","Germany",2017,"22.02.",2017-02-22,3307,"e"
"Statistik der Sterbefälle","Germany",2017,"23.02.",2017-02-23,3350,"e"
"Statistik der Sterbefälle","Germany",2017,"24.02.",2017-02-24,3104,"e"
"Statistik der Sterbefälle","Germany",2017,"25.02.",2017-02-25,3025,"e"
"Statistik der Sterbefälle","Germany",2017,"26.02.",2017-02-26,2945,"e"
"Statistik der Sterbefälle","Germany",2017,"27.02.",2017-02-27,3131,"e"
"Statistik der Sterbefälle","Germany",2017,"28.02.",2017-02-28,2999,"e"
"Statistik der Sterbefälle","Germany",2017,"01.03.",2017-03-01,3121,"e"
"Statistik der Sterbefälle","Germany",2017,"02.03.",2017-03-02,2990,"e"
"Statistik der Sterbefälle","Germany",2017,"03.03.",2017-03-03,2944,"e"
"Statistik der Sterbefälle","Germany",2017,"04.03.",2017-03-04,2960,"e"
"Statistik der Sterbefälle","Germany",2017,"05.03.",2017-03-05,2785,"e"
"Statistik der Sterbefälle","Germany",2017,"06.03.",2017-03-06,2907,"e"
"Statistik der Sterbefälle","Germany",2017,"07.03.",2017-03-07,2724,"e"
"Statistik der Sterbefälle","Germany",2017,"08.03.",2017-03-08,2695,"e"
"Statistik der Sterbefälle","Germany",2017,"09.03.",2017-03-09,2758,"e"
"Statistik der Sterbefälle","Germany",2017,"10.03.",2017-03-10,2789,"e"
"Statistik der Sterbefälle","Germany",2017,"11.03.",2017-03-11,2659,"e"
"Statistik der Sterbefälle","Germany",2017,"12.03.",2017-03-12,2570,"e"
"Statistik der Sterbefälle","Germany",2017,"13.03.",2017-03-13,2680,"e"
"Statistik der Sterbefälle","Germany",2017,"14.03.",2017-03-14,2685,"e"
"Statistik der Sterbefälle","Germany",2017,"15.03.",2017-03-15,2662,"e"
"Statistik der Sterbefälle","Germany",2017,"16.03.",2017-03-16,2654,"e"
"Statistik der Sterbefälle","Germany",2017,"17.03.",2017-03-17,2667,"e"
"Statistik der Sterbefälle","Germany",2017,"18.03.",2017-03-18,2671,"e"
"Statistik der Sterbefälle","Germany",2017,"19.03.",2017-03-19,2646,"e"
"Statistik der Sterbefälle","Germany",2017,"20.03.",2017-03-20,2627,"e"
"Statistik der Sterbefälle","Germany",2017,"21.03.",2017-03-21,2604,"e"
"Statistik der Sterbefälle","Germany",2017,"22.03.",2017-03-22,2557,"e"
"Statistik der Sterbefälle","Germany",2017,"23.03.",2017-03-23,2572,"e"
"Statistik der Sterbefälle","Germany",2017,"24.03.",2017-03-24,2617,"e"
"Statistik der Sterbefälle","Germany",2017,"25.03.",2017-03-25,2501,"e"
"Statistik der Sterbefälle","Germany",2017,"26.03.",2017-03-26,2162,"e"
"Statistik der Sterbefälle","Germany",2017,"27.03.",2017-03-27,2548,"e"
"Statistik der Sterbefälle","Germany",2017,"28.03.",2017-03-28,2514,"e"
"Statistik der Sterbefälle","Germany",2017,"29.03.",2017-03-29,2573,"e"
"Statistik der Sterbefälle","Germany",2017,"30.03.",2017-03-30,2505,"e"
"Statistik der Sterbefälle","Germany",2017,"31.03.",2017-03-31,2587,"e"
"Statistik der Sterbefälle","Germany",2017,"01.04.",2017-04-01,2527,"e"
"Statistik der Sterbefälle","Germany",2017,"02.04.",2017-04-02,2477,"e"
"Statistik der Sterbefälle","Germany",2017,"03.04.",2017-04-03,2498,"e"
"Statistik der Sterbefälle","Germany",2017,"04.04.",2017-04-04,2418,"e"
"Statistik der Sterbefälle","Germany",2017,"05.04.",2017-04-05,2519,"e"
"Statistik der Sterbefälle","Germany",2017,"06.04.",2017-04-06,2370,"e"
"Statistik der Sterbefälle","Germany",2017,"07.04.",2017-04-07,2465,"e"
"Statistik der Sterbefälle","Germany",2017,"08.04.",2017-04-08,2417,"e"
"Statistik der Sterbefälle","Germany",2017,"09.04.",2017-04-09,2341,"e"
"Statistik der Sterbefälle","Germany",2017,"10.04.",2017-04-10,2483,"e"
"Statistik der Sterbefälle","Germany",2017,"11.04.",2017-04-11,2398,"e"
"Statistik der Sterbefälle","Germany",2017,"12.04.",2017-04-12,2474,"e"
"Statistik der Sterbefälle","Germany",2017,"13.04.",2017-04-13,2486,"e"
"Statistik der Sterbefälle","Germany",2017,"14.04.",2017-04-14,2375,"e"
"Statistik der Sterbefälle","Germany",2017,"15.04.",2017-04-15,2411,"e"
"Statistik der Sterbefälle","Germany",2017,"16.04.",2017-04-16,2274,"e"
"Statistik der Sterbefälle","Germany",2017,"17.04.",2017-04-17,2290,"e"
"Statistik der Sterbefälle","Germany",2017,"18.04.",2017-04-18,2431,"e"
"Statistik der Sterbefälle","Germany",2017,"19.04.",2017-04-19,2304,"e"
"Statistik der Sterbefälle","Germany",2017,"20.04.",2017-04-20,2387,"e"
"Statistik der Sterbefälle","Germany",2017,"21.04.",2017-04-21,2404,"e"
"Statistik der Sterbefälle","Germany",2017,"22.04.",2017-04-22,2428,"e"
"Statistik der Sterbefälle","Germany",2017,"23.04.",2017-04-23,2393,"e"
"Statistik der Sterbefälle","Germany",2017,"24.04.",2017-04-24,2499,"e"
"Statistik der Sterbefälle","Germany",2017,"25.04.",2017-04-25,2523,"e"
"Statistik der Sterbefälle","Germany",2017,"26.04.",2017-04-26,2544,"e"
"Statistik der Sterbefälle","Germany",2017,"27.04.",2017-04-27,2558,"e"
"Statistik der Sterbefälle","Germany",2017,"28.04.",2017-04-28,2606,"e"
"Statistik der Sterbefälle","Germany",2017,"29.04.",2017-04-29,2475,"e"
"Statistik der Sterbefälle","Germany",2017,"30.04.",2017-04-30,2429,"e"
"Statistik der Sterbefälle","Germany",2017,"01.05.",2017-05-01,2391,"e"
"Statistik der Sterbefälle","Germany",2017,"02.05.",2017-05-02,2508,"e"
"Statistik der Sterbefälle","Germany",2017,"03.05.",2017-05-03,2459,"e"
"Statistik der Sterbefälle","Germany",2017,"04.05.",2017-05-04,2496,"e"
"Statistik der Sterbefälle","Germany",2017,"05.05.",2017-05-05,2472,"e"
"Statistik der Sterbefälle","Germany",2017,"06.05.",2017-05-06,2431,"e"
"Statistik der Sterbefälle","Germany",2017,"07.05.",2017-05-07,2372,"e"
"Statistik der Sterbefälle","Germany",2017,"08.05.",2017-05-08,2460,"e"
"Statistik der Sterbefälle","Germany",2017,"09.05.",2017-05-09,2324,"e"
"Statistik der Sterbefälle","Germany",2017,"10.05.",2017-05-10,2455,"e"
"Statistik der Sterbefälle","Germany",2017,"11.05.",2017-05-11,2510,"e"
"Statistik der Sterbefälle","Germany",2017,"12.05.",2017-05-12,2588,"e"
"Statistik der Sterbefälle","Germany",2017,"13.05.",2017-05-13,2515,"e"
"Statistik der Sterbefälle","Germany",2017,"14.05.",2017-05-14,2491,"e"
"Statistik der Sterbefälle","Germany",2017,"15.05.",2017-05-15,2353,"e"
"Statistik der Sterbefälle","Germany",2017,"16.05.",2017-05-16,2475,"e"
"Statistik der Sterbefälle","Germany",2017,"17.05.",2017-05-17,2625,"e"
"Statistik der Sterbefälle","Germany",2017,"18.05.",2017-05-18,2593,"e"
"Statistik der Sterbefälle","Germany",2017,"19.05.",2017-05-19,2515,"e"
"Statistik der Sterbefälle","Germany",2017,"20.05.",2017-05-20,2342,"e"
"Statistik der Sterbefälle","Germany",2017,"21.05.",2017-05-21,2176,"e"
"Statistik der Sterbefälle","Germany",2017,"22.05.",2017-05-22,2346,"e"
"Statistik der Sterbefälle","Germany",2017,"23.05.",2017-05-23,2399,"e"
"Statistik der Sterbefälle","Germany",2017,"24.05.",2017-05-24,2392,"e"
"Statistik der Sterbefälle","Germany",2017,"25.05.",2017-05-25,2231,"e"
"Statistik der Sterbefälle","Germany",2017,"26.05.",2017-05-26,2442,"e"
"Statistik der Sterbefälle","Germany",2017,"27.05.",2017-05-27,2304,"e"
"Statistik der Sterbefälle","Germany",2017,"28.05.",2017-05-28,2337,"e"
"Statistik der Sterbefälle","Germany",2017,"29.05.",2017-05-29,2655,"e"
"Statistik der Sterbefälle","Germany",2017,"30.05.",2017-05-30,2534,"e"
"Statistik der Sterbefälle","Germany",2017,"31.05.",2017-05-31,2492,"e"
"Statistik der Sterbefälle","Germany",2017,"01.06.",2017-06-01,2326,"e"
"Statistik der Sterbefälle","Germany",2017,"02.06.",2017-06-02,2368,"e"
"Statistik der Sterbefälle","Germany",2017,"03.06.",2017-06-03,2306,"e"
"Statistik der Sterbefälle","Germany",2017,"04.06.",2017-06-04,2221,"e"
"Statistik der Sterbefälle","Germany",2017,"05.06.",2017-06-05,2137,"e"
"Statistik der Sterbefälle","Germany",2017,"06.06.",2017-06-06,2324,"e"
"Statistik der Sterbefälle","Germany",2017,"07.06.",2017-06-07,2273,"e"
"Statistik der Sterbefälle","Germany",2017,"08.06.",2017-06-08,2260,"e"
"Statistik der Sterbefälle","Germany",2017,"09.06.",2017-06-09,2385,"e"
"Statistik der Sterbefälle","Germany",2017,"10.06.",2017-06-10,2261,"e"
"Statistik der Sterbefälle","Germany",2017,"11.06.",2017-06-11,2206,"e"
"Statistik der Sterbefälle","Germany",2017,"12.06.",2017-06-12,2407,"e"
"Statistik der Sterbefälle","Germany",2017,"13.06.",2017-06-13,2302,"e"
"Statistik der Sterbefälle","Germany",2017,"14.06.",2017-06-14,2247,"e"
"Statistik der Sterbefälle","Germany",2017,"15.06.",2017-06-15,2394,"e"
"Statistik der Sterbefälle","Germany",2017,"16.06.",2017-06-16,2302,"e"
"Statistik der Sterbefälle","Germany",2017,"17.06.",2017-06-17,2171,"e"
"Statistik der Sterbefälle","Germany",2017,"18.06.",2017-06-18,2264,"e"
"Statistik der Sterbefälle","Germany",2017,"19.06.",2017-06-19,2335,"e"
"Statistik der Sterbefälle","Germany",2017,"20.06.",2017-06-20,2470,"e"
"Statistik der Sterbefälle","Germany",2017,"21.06.",2017-06-21,2342,"e"
"Statistik der Sterbefälle","Germany",2017,"22.06.",2017-06-22,2545,"e"
"Statistik der Sterbefälle","Germany",2017,"23.06.",2017-06-23,2551,"e"
"Statistik der Sterbefälle","Germany",2017,"24.06.",2017-06-24,2316,"e"
"Statistik der Sterbefälle","Germany",2017,"25.06.",2017-06-25,2260,"e"
"Statistik der Sterbefälle","Germany",2017,"26.06.",2017-06-26,2361,"e"
"Statistik der Sterbefälle","Germany",2017,"27.06.",2017-06-27,2281,"e"
"Statistik der Sterbefälle","Germany",2017,"28.06.",2017-06-28,2392,"e"
"Statistik der Sterbefälle","Germany",2017,"29.06.",2017-06-29,2355,"e"
"Statistik der Sterbefälle","Germany",2017,"30.06.",2017-06-30,2282,"e"
"Statistik der Sterbefälle","Germany",2017,"01.07.",2017-07-01,2218,"e"
"Statistik der Sterbefälle","Germany",2017,"02.07.",2017-07-02,2187,"e"
"Statistik der Sterbefälle","Germany",2017,"03.07.",2017-07-03,2309,"e"
"Statistik der Sterbefälle","Germany",2017,"04.07.",2017-07-04,2223,"e"
"Statistik der Sterbefälle","Germany",2017,"05.07.",2017-07-05,2366,"e"
"Statistik der Sterbefälle","Germany",2017,"06.07.",2017-07-06,2345,"e"
"Statistik der Sterbefälle","Germany",2017,"07.07.",2017-07-07,2523,"e"
"Statistik der Sterbefälle","Germany",2017,"08.07.",2017-07-08,2395,"e"
"Statistik der Sterbefälle","Germany",2017,"09.07.",2017-07-09,2263,"e"
"Statistik der Sterbefälle","Germany",2017,"10.07.",2017-07-10,2342,"e"
"Statistik der Sterbefälle","Germany",2017,"11.07.",2017-07-11,2373,"e"
"Statistik der Sterbefälle","Germany",2017,"12.07.",2017-07-12,2311,"e"
"Statistik der Sterbefälle","Germany",2017,"13.07.",2017-07-13,2138,"e"
"Statistik der Sterbefälle","Germany",2017,"14.07.",2017-07-14,2158,"e"
"Statistik der Sterbefälle","Germany",2017,"15.07.",2017-07-15,2180,"e"
"Statistik der Sterbefälle","Germany",2017,"16.07.",2017-07-16,2101,"e"
"Statistik der Sterbefälle","Germany",2017,"17.07.",2017-07-17,2246,"e"
"Statistik der Sterbefälle","Germany",2017,"18.07.",2017-07-18,2386,"e"
"Statistik der Sterbefälle","Germany",2017,"19.07.",2017-07-19,2384,"e"
"Statistik der Sterbefälle","Germany",2017,"20.07.",2017-07-20,2461,"e"
"Statistik der Sterbefälle","Germany",2017,"21.07.",2017-07-21,2406,"e"
"Statistik der Sterbefälle","Germany",2017,"22.07.",2017-07-22,2427,"e"
"Statistik der Sterbefälle","Germany",2017,"23.07.",2017-07-23,2279,"e"
"Statistik der Sterbefälle","Germany",2017,"24.07.",2017-07-24,2258,"e"
"Statistik der Sterbefälle","Germany",2017,"25.07.",2017-07-25,2248,"e"
"Statistik der Sterbefälle","Germany",2017,"26.07.",2017-07-26,2285,"e"
"Statistik der Sterbefälle","Germany",2017,"27.07.",2017-07-27,2317,"e"
"Statistik der Sterbefälle","Germany",2017,"28.07.",2017-07-28,2240,"e"
"Statistik der Sterbefälle","Germany",2017,"29.07.",2017-07-29,2354,"e"
"Statistik der Sterbefälle","Germany",2017,"30.07.",2017-07-30,2356,"e"
"Statistik der Sterbefälle","Germany",2017,"31.07.",2017-07-31,2332,"e"
"Statistik der Sterbefälle","Germany",2017,"01.08.",2017-08-01,2528,"e"
"Statistik der Sterbefälle","Germany",2017,"02.08.",2017-08-02,2394,"e"
"Statistik der Sterbefälle","Germany",2017,"03.08.",2017-08-03,2454,"e"
"Statistik der Sterbefälle","Germany",2017,"04.08.",2017-08-04,2374,"e"
"Statistik der Sterbefälle","Germany",2017,"05.08.",2017-08-05,2260,"e"
"Statistik der Sterbefälle","Germany",2017,"06.08.",2017-08-06,2152,"e"
"Statistik der Sterbefälle","Germany",2017,"07.08.",2017-08-07,2223,"e"
"Statistik der Sterbefälle","Germany",2017,"08.08.",2017-08-08,2414,"e"
"Statistik der Sterbefälle","Germany",2017,"09.08.",2017-08-09,2301,"e"
"Statistik der Sterbefälle","Germany",2017,"10.08.",2017-08-10,2261,"e"
"Statistik der Sterbefälle","Germany",2017,"11.08.",2017-08-11,2239,"e"
"Statistik der Sterbefälle","Germany",2017,"12.08.",2017-08-12,2172,"e"
"Statistik der Sterbefälle","Germany",2017,"13.08.",2017-08-13,2174,"e"
"Statistik der Sterbefälle","Germany",2017,"14.08.",2017-08-14,2292,"e"
"Statistik der Sterbefälle","Germany",2017,"15.08.",2017-08-15,2299,"e"
"Statistik der Sterbefälle","Germany",2017,"16.08.",2017-08-16,2469,"e"
"Statistik der Sterbefälle","Germany",2017,"17.08.",2017-08-17,2320,"e"
"Statistik der Sterbefälle","Germany",2017,"18.08.",2017-08-18,2414,"e"
"Statistik der Sterbefälle","Germany",2017,"19.08.",2017-08-19,2259,"e"
"Statistik der Sterbefälle","Germany",2017,"20.08.",2017-08-20,2095,"e"
"Statistik der Sterbefälle","Germany",2017,"21.08.",2017-08-21,2201,"e"
"Statistik der Sterbefälle","Germany",2017,"22.08.",2017-08-22,2206,"e"
"Statistik der Sterbefälle","Germany",2017,"23.08.",2017-08-23,2157,"e"
"Statistik der Sterbefälle","Germany",2017,"24.08.",2017-08-24,2391,"e"
"Statistik der Sterbefälle","Germany",2017,"25.08.",2017-08-25,2323,"e"
"Statistik der Sterbefälle","Germany",2017,"26.08.",2017-08-26,2377,"e"
"Statistik der Sterbefälle","Germany",2017,"27.08.",2017-08-27,2225,"e"
"Statistik der Sterbefälle","Germany",2017,"28.08.",2017-08-28,2282,"e"
"Statistik der Sterbefälle","Germany",2017,"29.08.",2017-08-29,2398,"e"
"Statistik der Sterbefälle","Germany",2017,"30.08.",2017-08-30,2484,"e"
"Statistik der Sterbefälle","Germany",2017,"31.08.",2017-08-31,2350,"e"
"Statistik der Sterbefälle","Germany",2017,"01.09.",2017-09-01,2205,"e"
"Statistik der Sterbefälle","Germany",2017,"02.09.",2017-09-02,2239,"e"
"Statistik der Sterbefälle","Germany",2017,"03.09.",2017-09-03,2106,"e"
"Statistik der Sterbefälle","Germany",2017,"04.09.",2017-09-04,2180,"e"
"Statistik der Sterbefälle","Germany",2017,"05.09.",2017-09-05,2231,"e"
"Statistik der Sterbefälle","Germany",2017,"06.09.",2017-09-06,2335,"e"
"Statistik der Sterbefälle","Germany",2017,"07.09.",2017-09-07,2233,"e"
"Statistik der Sterbefälle","Germany",2017,"08.09.",2017-09-08,2222,"e"
"Statistik der Sterbefälle","Germany",2017,"09.09.",2017-09-09,2314,"e"
"Statistik der Sterbefälle","Germany",2017,"10.09.",2017-09-10,2191,"e"
"Statistik der Sterbefälle","Germany",2017,"11.09.",2017-09-11,2341,"e"
"Statistik der Sterbefälle","Germany",2017,"12.09.",2017-09-12,2294,"e"
"Statistik der Sterbefälle","Germany",2017,"13.09.",2017-09-13,2334,"e"
"Statistik der Sterbefälle","Germany",2017,"14.09.",2017-09-14,2304,"e"
"Statistik der Sterbefälle","Germany",2017,"15.09.",2017-09-15,2284,"e"
"Statistik der Sterbefälle","Germany",2017,"16.09.",2017-09-16,2330,"e"
"Statistik der Sterbefälle","Germany",2017,"17.09.",2017-09-17,2259,"e"
"Statistik der Sterbefälle","Germany",2017,"18.09.",2017-09-18,2271,"e"
"Statistik der Sterbefälle","Germany",2017,"19.09.",2017-09-19,2382,"e"
"Statistik der Sterbefälle","Germany",2017,"20.09.",2017-09-20,2280,"e"
"Statistik der Sterbefälle","Germany",2017,"21.09.",2017-09-21,2420,"e"
"Statistik der Sterbefälle","Germany",2017,"22.09.",2017-09-22,2434,"e"
"Statistik der Sterbefälle","Germany",2017,"23.09.",2017-09-23,2392,"e"
"Statistik der Sterbefälle","Germany",2017,"24.09.",2017-09-24,2326,"e"
"Statistik der Sterbefälle","Germany",2017,"25.09.",2017-09-25,2379,"e"
"Statistik der Sterbefälle","Germany",2017,"26.09.",2017-09-26,2370,"e"
"Statistik der Sterbefälle","Germany",2017,"27.09.",2017-09-27,2428,"e"
"Statistik der Sterbefälle","Germany",2017,"28.09.",2017-09-28,2390,"e"
"Statistik der Sterbefälle","Germany",2017,"29.09.",2017-09-29,2490,"e"
"Statistik der Sterbefälle","Germany",2017,"30.09.",2017-09-30,2427,"e"
"Statistik der Sterbefälle","Germany",2017,"01.10.",2017-10-01,2263,"e"
"Statistik der Sterbefälle","Germany",2017,"02.10.",2017-10-02,2441,"e"
"Statistik der Sterbefälle","Germany",2017,"03.10.",2017-10-03,2342,"e"
"Statistik der Sterbefälle","Germany",2017,"04.10.",2017-10-04,2255,"e"
"Statistik der Sterbefälle","Germany",2017,"05.10.",2017-10-05,2470,"e"
"Statistik der Sterbefälle","Germany",2017,"06.10.",2017-10-06,2426,"e"
"Statistik der Sterbefälle","Germany",2017,"07.10.",2017-10-07,2404,"e"
"Statistik der Sterbefälle","Germany",2017,"08.10.",2017-10-08,2326,"e"
"Statistik der Sterbefälle","Germany",2017,"09.10.",2017-10-09,2424,"e"
"Statistik der Sterbefälle","Germany",2017,"10.10.",2017-10-10,2575,"e"
"Statistik der Sterbefälle","Germany",2017,"11.10.",2017-10-11,2465,"e"
"Statistik der Sterbefälle","Germany",2017,"12.10.",2017-10-12,2516,"e"
"Statistik der Sterbefälle","Germany",2017,"13.10.",2017-10-13,2599,"e"
"Statistik der Sterbefälle","Germany",2017,"14.10.",2017-10-14,2494,"e"
"Statistik der Sterbefälle","Germany",2017,"15.10.",2017-10-15,2397,"e"
"Statistik der Sterbefälle","Germany",2017,"16.10.",2017-10-16,2469,"e"
"Statistik der Sterbefälle","Germany",2017,"17.10.",2017-10-17,2446,"e"
"Statistik der Sterbefälle","Germany",2017,"18.10.",2017-10-18,2450,"e"
"Statistik der Sterbefälle","Germany",2017,"19.10.",2017-10-19,2494,"e"
"Statistik der Sterbefälle","Germany",2017,"20.10.",2017-10-20,2523,"e"
"Statistik der Sterbefälle","Germany",2017,"21.10.",2017-10-21,2439,"e"
"Statistik der Sterbefälle","Germany",2017,"22.10.",2017-10-22,2318,"e"
"Statistik der Sterbefälle","Germany",2017,"23.10.",2017-10-23,2345,"e"
"Statistik der Sterbefälle","Germany",2017,"24.10.",2017-10-24,2480,"e"
"Statistik der Sterbefälle","Germany",2017,"25.10.",2017-10-25,2489,"e"
"Statistik der Sterbefälle","Germany",2017,"26.10.",2017-10-26,2471,"e"
"Statistik der Sterbefälle","Germany",2017,"27.10.",2017-10-27,2434,"e"
"Statistik der Sterbefälle","Germany",2017,"28.10.",2017-10-28,2417,"e"
"Statistik der Sterbefälle","Germany",2017,"29.10.",2017-10-29,2423,"e"
"Statistik der Sterbefälle","Germany",2017,"30.10.",2017-10-30,2315,"e"
"Statistik der Sterbefälle","Germany",2017,"31.10.",2017-10-31,2319,"e"
"Statistik der Sterbefälle","Germany",2017,"01.11.",2017-11-01,2350,"e"
"Statistik der Sterbefälle","Germany",2017,"02.11.",2017-11-02,2388,"e"
"Statistik der Sterbefälle","Germany",2017,"03.11.",2017-11-03,2533,"e"
"Statistik der Sterbefälle","Germany",2017,"04.11.",2017-11-04,2467,"e"
"Statistik der Sterbefälle","Germany",2017,"05.11.",2017-11-05,2390,"e"
"Statistik der Sterbefälle","Germany",2017,"06.11.",2017-11-06,2434,"e"
"Statistik der Sterbefälle","Germany",2017,"07.11.",2017-11-07,2461,"e"
"Statistik der Sterbefälle","Germany",2017,"08.11.",2017-11-08,2425,"e"
"Statistik der Sterbefälle","Germany",2017,"09.11.",2017-11-09,2479,"e"
"Statistik der Sterbefälle","Germany",2017,"10.11.",2017-11-10,2567,"e"
"Statistik der Sterbefälle","Germany",2017,"11.11.",2017-11-11,2525,"e"
"Statistik der Sterbefälle","Germany",2017,"12.11.",2017-11-12,2480,"e"
"Statistik der Sterbefälle","Germany",2017,"13.11.",2017-11-13,2488,"e"
"Statistik der Sterbefälle","Germany",2017,"14.11.",2017-11-14,2578,"e"
"Statistik der Sterbefälle","Germany",2017,"15.11.",2017-11-15,2561,"e"
"Statistik der Sterbefälle","Germany",2017,"16.11.",2017-11-16,2528,"e"
"Statistik der Sterbefälle","Germany",2017,"17.11.",2017-11-17,2496,"e"
"Statistik der Sterbefälle","Germany",2017,"18.11.",2017-11-18,2493,"e"
"Statistik der Sterbefälle","Germany",2017,"19.11.",2017-11-19,2450,"e"
"Statistik der Sterbefälle","Germany",2017,"20.11.",2017-11-20,2501,"e"
"Statistik der Sterbefälle","Germany",2017,"21.11.",2017-11-21,2543,"e"
"Statistik der Sterbefälle","Germany",2017,"22.11.",2017-11-22,2708,"e"
"Statistik der Sterbefälle","Germany",2017,"23.11.",2017-11-23,2635,"e"
"Statistik der Sterbefälle","Germany",2017,"24.11.",2017-11-24,2533,"e"
"Statistik der Sterbefälle","Germany",2017,"25.11.",2017-11-25,2454,"e"
"Statistik der Sterbefälle","Germany",2017,"26.11.",2017-11-26,2302,"e"
"Statistik der Sterbefälle","Germany",2017,"27.11.",2017-11-27,2456,"e"
"Statistik der Sterbefälle","Germany",2017,"28.11.",2017-11-28,2633,"e"
"Statistik der Sterbefälle","Germany",2017,"29.11.",2017-11-29,2550,"e"
"Statistik der Sterbefälle","Germany",2017,"30.11.",2017-11-30,2579,"e"
"Statistik der Sterbefälle","Germany",2017,"01.12.",2017-12-01,2589,"e"
"Statistik der Sterbefälle","Germany",2017,"02.12.",2017-12-02,2525,"e"
"Statistik der Sterbefälle","Germany",2017,"03.12.",2017-12-03,2545,"e"
"Statistik der Sterbefälle","Germany",2017,"04.12.",2017-12-04,2613,"e"
"Statistik der Sterbefälle","Germany",2017,"05.12.",2017-12-05,2557,"e"
"Statistik der Sterbefälle","Germany",2017,"06.12.",2017-12-06,2601,"e"
"Statistik der Sterbefälle","Germany",2017,"07.12.",2017-12-07,2677,"e"
"Statistik der Sterbefälle","Germany",2017,"08.12.",2017-12-08,2614,"e"
"Statistik der Sterbefälle","Germany",2017,"09.12.",2017-12-09,2647,"e"
"Statistik der Sterbefälle","Germany",2017,"10.12.",2017-12-10,2586,"e"
"Statistik der Sterbefälle","Germany",2017,"11.12.",2017-12-11,2724,"e"
"Statistik der Sterbefälle","Germany",2017,"12.12.",2017-12-12,2692,"e"
"Statistik der Sterbefälle","Germany",2017,"13.12.",2017-12-13,2659,"e"
"Statistik der Sterbefälle","Germany",2017,"14.12.",2017-12-14,2705,"e"
"Statistik der Sterbefälle","Germany",2017,"15.12.",2017-12-15,2677,"e"
"Statistik der Sterbefälle","Germany",2017,"16.12.",2017-12-16,2640,"e"
"Statistik der Sterbefälle","Germany",2017,"17.12.",2017-12-17,2407,"e"
"Statistik der Sterbefälle","Germany",2017,"18.12.",2017-12-18,2609,"e"
"Statistik der Sterbefälle","Germany",2017,"19.12.",2017-12-19,2635,"e"
"Statistik der Sterbefälle","Germany",2017,"20.12.",2017-12-20,2626,"e"
"Statistik der Sterbefälle","Germany",2017,"21.12.",2017-12-21,2705,"e"
"Statistik der Sterbefälle","Germany",2017,"22.12.",2017-12-22,2771,"e"
"Statistik der Sterbefälle","Germany",2017,"23.12.",2017-12-23,2584,"e"
"Statistik der Sterbefälle","Germany",2017,"24.12.",2017-12-24,2570,"e"
"Statistik der Sterbefälle","Germany",2017,"25.12.",2017-12-25,2531,"e"
"Statistik der Sterbefälle","Germany",2017,"26.12.",2017-12-26,2611,"e"
"Statistik der Sterbefälle","Germany",2017,"27.12.",2017-12-27,2821,"e"
"Statistik der Sterbefälle","Germany",2017,"28.12.",2017-12-28,2649,"e"
"Statistik der Sterbefälle","Germany",2017,"29.12.",2017-12-29,2570,"e"
"Statistik der Sterbefälle","Germany",2017,"30.12.",2017-12-30,2712,"e"
"Statistik der Sterbefälle","Germany",2017,"31.12.",2017-12-31,2758,"e"
"Statistik der Sterbefälle","Germany",2018,"01.01.",2018-01-01,2665,"e"
"Statistik der Sterbefälle","Germany",2018,"02.01.",2018-01-02,2760,"e"
"Statistik der Sterbefälle","Germany",2018,"03.01.",2018-01-03,2870,"e"
"Statistik der Sterbefälle","Germany",2018,"04.01.",2018-01-04,2865,"e"
"Statistik der Sterbefälle","Germany",2018,"05.01.",2018-01-05,2875,"e"
"Statistik der Sterbefälle","Germany",2018,"06.01.",2018-01-06,2763,"e"
"Statistik der Sterbefälle","Germany",2018,"07.01.",2018-01-07,2544,"e"
"Statistik der Sterbefälle","Germany",2018,"08.01.",2018-01-08,2659,"e"
"Statistik der Sterbefälle","Germany",2018,"09.01.",2018-01-09,2589,"e"
"Statistik der Sterbefälle","Germany",2018,"10.01.",2018-01-10,2805,"e"
"Statistik der Sterbefälle","Germany",2018,"11.01.",2018-01-11,2705,"e"
"Statistik der Sterbefälle","Germany",2018,"12.01.",2018-01-12,2731,"e"
"Statistik der Sterbefälle","Germany",2018,"13.01.",2018-01-13,2679,"e"
"Statistik der Sterbefälle","Germany",2018,"14.01.",2018-01-14,2602,"e"
"Statistik der Sterbefälle","Germany",2018,"15.01.",2018-01-15,2754,"e"
"Statistik der Sterbefälle","Germany",2018,"16.01.",2018-01-16,2849,"e"
"Statistik der Sterbefälle","Germany",2018,"17.01.",2018-01-17,2731,"e"
"Statistik der Sterbefälle","Germany",2018,"18.01.",2018-01-18,2831,"e"
"Statistik der Sterbefälle","Germany",2018,"19.01.",2018-01-19,2803,"e"
"Statistik der Sterbefälle","Germany",2018,"20.01.",2018-01-20,2645,"e"
"Statistik der Sterbefälle","Germany",2018,"21.01.",2018-01-21,2574,"e"
"Statistik der Sterbefälle","Germany",2018,"22.01.",2018-01-22,2763,"e"
"Statistik der Sterbefälle","Germany",2018,"23.01.",2018-01-23,2761,"e"
"Statistik der Sterbefälle","Germany",2018,"24.01.",2018-01-24,2816,"e"
"Statistik der Sterbefälle","Germany",2018,"25.01.",2018-01-25,2796,"e"
"Statistik der Sterbefälle","Germany",2018,"26.01.",2018-01-26,2804,"e"
"Statistik der Sterbefälle","Germany",2018,"27.01.",2018-01-27,2640,"e"
"Statistik der Sterbefälle","Germany",2018,"28.01.",2018-01-28,2591,"e"
"Statistik der Sterbefälle","Germany",2018,"29.01.",2018-01-29,2897,"e"
"Statistik der Sterbefälle","Germany",2018,"30.01.",2018-01-30,2728,"e"
"Statistik der Sterbefälle","Germany",2018,"31.01.",2018-01-31,2878,"e"
"Statistik der Sterbefälle","Germany",2018,"01.02.",2018-02-01,2826,"e"
"Statistik der Sterbefälle","Germany",2018,"02.02.",2018-02-02,2811,"e"
"Statistik der Sterbefälle","Germany",2018,"03.02.",2018-02-03,2764,"e"
"Statistik der Sterbefälle","Germany",2018,"04.02.",2018-02-04,2654,"e"
"Statistik der Sterbefälle","Germany",2018,"05.02.",2018-02-05,2835,"e"
"Statistik der Sterbefälle","Germany",2018,"06.02.",2018-02-06,2784,"e"
"Statistik der Sterbefälle","Germany",2018,"07.02.",2018-02-07,2983,"e"
"Statistik der Sterbefälle","Germany",2018,"08.02.",2018-02-08,2887,"e"
"Statistik der Sterbefälle","Germany",2018,"09.02.",2018-02-09,2871,"e"
"Statistik der Sterbefälle","Germany",2018,"10.02.",2018-02-10,2872,"e"
"Statistik der Sterbefälle","Germany",2018,"11.02.",2018-02-11,2854,"e"
"Statistik der Sterbefälle","Germany",2018,"12.02.",2018-02-12,3012,"e"
"Statistik der Sterbefälle","Germany",2018,"13.02.",2018-02-13,3041,"e"
"Statistik der Sterbefälle","Germany",2018,"14.02.",2018-02-14,2965,"e"
"Statistik der Sterbefälle","Germany",2018,"15.02.",2018-02-15,3031,"e"
"Statistik der Sterbefälle","Germany",2018,"16.02.",2018-02-16,3105,"e"
"Statistik der Sterbefälle","Germany",2018,"17.02.",2018-02-17,3000,"e"
"Statistik der Sterbefälle","Germany",2018,"18.02.",2018-02-18,3100,"e"
"Statistik der Sterbefälle","Germany",2018,"19.02.",2018-02-19,3201,"e"
"Statistik der Sterbefälle","Germany",2018,"20.02.",2018-02-20,3237,"e"
"Statistik der Sterbefälle","Germany",2018,"21.02.",2018-02-21,3284,"e"
"Statistik der Sterbefälle","Germany",2018,"22.02.",2018-02-22,3291,"e"
"Statistik der Sterbefälle","Germany",2018,"23.02.",2018-02-23,3378,"e"
"Statistik der Sterbefälle","Germany",2018,"24.02.",2018-02-24,3269,"e"
"Statistik der Sterbefälle","Germany",2018,"25.02.",2018-02-25,3228,"e"
"Statistik der Sterbefälle","Germany",2018,"26.02.",2018-02-26,3457,"e"
"Statistik der Sterbefälle","Germany",2018,"27.02.",2018-02-27,3469,"e"
"Statistik der Sterbefälle","Germany",2018,"28.02.",2018-02-28,3590,"e"
"Statistik der Sterbefälle","Germany",2018,"01.03.",2018-03-01,3713,"e"
"Statistik der Sterbefälle","Germany",2018,"02.03.",2018-03-02,3703,"e"
"Statistik der Sterbefälle","Germany",2018,"03.03.",2018-03-03,3863,"e"
"Statistik der Sterbefälle","Germany",2018,"04.03.",2018-03-04,3740,"e"
"Statistik der Sterbefälle","Germany",2018,"05.03.",2018-03-05,3932,"e"
"Statistik der Sterbefälle","Germany",2018,"06.03.",2018-03-06,3881,"e"
"Statistik der Sterbefälle","Germany",2018,"07.03.",2018-03-07,3881,"e"
"Statistik der Sterbefälle","Germany",2018,"08.03.",2018-03-08,3722,"e"
"Statistik der Sterbefälle","Germany",2018,"09.03.",2018-03-09,3876,"e"
"Statistik der Sterbefälle","Germany",2018,"10.03.",2018-03-10,3749,"e"
"Statistik der Sterbefälle","Germany",2018,"11.03.",2018-03-11,3736,"e"
"Statistik der Sterbefälle","Germany",2018,"12.03.",2018-03-12,3741,"e"
"Statistik der Sterbefälle","Germany",2018,"13.03.",2018-03-13,3585,"e"
"Statistik der Sterbefälle","Germany",2018,"14.03.",2018-03-14,3522,"e"
"Statistik der Sterbefälle","Germany",2018,"15.03.",2018-03-15,3494,"e"
"Statistik der Sterbefälle","Germany",2018,"16.03.",2018-03-16,3524,"e"
"Statistik der Sterbefälle","Germany",2018,"17.03.",2018-03-17,3295,"e"
"Statistik der Sterbefälle","Germany",2018,"18.03.",2018-03-18,3224,"e"
"Statistik der Sterbefälle","Germany",2018,"19.03.",2018-03-19,3305,"e"
"Statistik der Sterbefälle","Germany",2018,"20.03.",2018-03-20,3309,"e"
"Statistik der Sterbefälle","Germany",2018,"21.03.",2018-03-21,3320,"e"
"Statistik der Sterbefälle","Germany",2018,"22.03.",2018-03-22,3269,"e"
"Statistik der Sterbefälle","Germany",2018,"23.03.",2018-03-23,3388,"e"
"Statistik der Sterbefälle","Germany",2018,"24.03.",2018-03-24,3249,"e"
"Statistik der Sterbefälle","Germany",2018,"25.03.",2018-03-25,2937,"e"
"Statistik der Sterbefälle","Germany",2018,"26.03.",2018-03-26,3086,"e"
"Statistik der Sterbefälle","Germany",2018,"27.03.",2018-03-27,3059,"e"
"Statistik der Sterbefälle","Germany",2018,"28.03.",2018-03-28,3192,"e"
"Statistik der Sterbefälle","Germany",2018,"29.03.",2018-03-29,2990,"e"
"Statistik der Sterbefälle","Germany",2018,"30.03.",2018-03-30,2902,"e"
"Statistik der Sterbefälle","Germany",2018,"31.03.",2018-03-31,2917,"e"
"Statistik der Sterbefälle","Germany",2018,"01.04.",2018-04-01,2760,"e"
"Statistik der Sterbefälle","Germany",2018,"02.04.",2018-04-02,2759,"e"
"Statistik der Sterbefälle","Germany",2018,"03.04.",2018-04-03,3002,"e"
"Statistik der Sterbefälle","Germany",2018,"04.04.",2018-04-04,2997,"e"
"Statistik der Sterbefälle","Germany",2018,"05.04.",2018-04-05,2909,"e"
"Statistik der Sterbefälle","Germany",2018,"06.04.",2018-04-06,2784,"e"
"Statistik der Sterbefälle","Germany",2018,"07.04.",2018-04-07,2787,"e"
"Statistik der Sterbefälle","Germany",2018,"08.04.",2018-04-08,2800,"e"
"Statistik der Sterbefälle","Germany",2018,"09.04.",2018-04-09,2810,"e"
"Statistik der Sterbefälle","Germany",2018,"10.04.",2018-04-10,2918,"e"
"Statistik der Sterbefälle","Germany",2018,"11.04.",2018-04-11,2780,"e"
"Statistik der Sterbefälle","Germany",2018,"12.04.",2018-04-12,2799,"e"
"Statistik der Sterbefälle","Germany",2018,"13.04.",2018-04-13,2736,"e"
"Statistik der Sterbefälle","Germany",2018,"14.04.",2018-04-14,2578,"e"
"Statistik der Sterbefälle","Germany",2018,"15.04.",2018-04-15,2544,"e"
"Statistik der Sterbefälle","Germany",2018,"16.04.",2018-04-16,2600,"e"
"Statistik der Sterbefälle","Germany",2018,"17.04.",2018-04-17,2624,"e"
"Statistik der Sterbefälle","Germany",2018,"18.04.",2018-04-18,2542,"e"
"Statistik der Sterbefälle","Germany",2018,"19.04.",2018-04-19,2547,"e"
"Statistik der Sterbefälle","Germany",2018,"20.04.",2018-04-20,2696,"e"
"Statistik der Sterbefälle","Germany",2018,"21.04.",2018-04-21,2479,"e"
"Statistik der Sterbefälle","Germany",2018,"22.04.",2018-04-22,2504,"e"
"Statistik der Sterbefälle","Germany",2018,"23.04.",2018-04-23,2512,"e"
"Statistik der Sterbefälle","Germany",2018,"24.04.",2018-04-24,2510,"e"
"Statistik der Sterbefälle","Germany",2018,"25.04.",2018-04-25,2508,"e"
"Statistik der Sterbefälle","Germany",2018,"26.04.",2018-04-26,2369,"e"
"Statistik der Sterbefälle","Germany",2018,"27.04.",2018-04-27,2380,"e"
"Statistik der Sterbefälle","Germany",2018,"28.04.",2018-04-28,2486,"e"
"Statistik der Sterbefälle","Germany",2018,"29.04.",2018-04-29,2328,"e"
"Statistik der Sterbefälle","Germany",2018,"30.04.",2018-04-30,2491,"e"
"Statistik der Sterbefälle","Germany",2018,"01.05.",2018-05-01,2459,"e"
"Statistik der Sterbefälle","Germany",2018,"02.05.",2018-05-02,2399,"e"
"Statistik der Sterbefälle","Germany",2018,"03.05.",2018-05-03,2392,"e"
"Statistik der Sterbefälle","Germany",2018,"04.05.",2018-05-04,2397,"e"
"Statistik der Sterbefälle","Germany",2018,"05.05.",2018-05-05,2454,"e"
"Statistik der Sterbefälle","Germany",2018,"06.05.",2018-05-06,2197,"e"
"Statistik der Sterbefälle","Germany",2018,"07.05.",2018-05-07,2422,"e"
"Statistik der Sterbefälle","Germany",2018,"08.05.",2018-05-08,2574,"e"
"Statistik der Sterbefälle","Germany",2018,"09.05.",2018-05-09,2646,"e"
"Statistik der Sterbefälle","Germany",2018,"10.05.",2018-05-10,2466,"e"
"Statistik der Sterbefälle","Germany",2018,"11.05.",2018-05-11,2387,"e"
"Statistik der Sterbefälle","Germany",2018,"12.05.",2018-05-12,2406,"e"
"Statistik der Sterbefälle","Germany",2018,"13.05.",2018-05-13,2325,"e"
"Statistik der Sterbefälle","Germany",2018,"14.05.",2018-05-14,2483,"e"
"Statistik der Sterbefälle","Germany",2018,"15.05.",2018-05-15,2483,"e"
"Statistik der Sterbefälle","Germany",2018,"16.05.",2018-05-16,2345,"e"
"Statistik der Sterbefälle","Germany",2018,"17.05.",2018-05-17,2362,"e"
"Statistik der Sterbefälle","Germany",2018,"18.05.",2018-05-18,2272,"e"
"Statistik der Sterbefälle","Germany",2018,"19.05.",2018-05-19,2363,"e"
"Statistik der Sterbefälle","Germany",2018,"20.05.",2018-05-20,2180,"e"
"Statistik der Sterbefälle","Germany",2018,"21.05.",2018-05-21,2184,"e"
"Statistik der Sterbefälle","Germany",2018,"22.05.",2018-05-22,2370,"e"
"Statistik der Sterbefälle","Germany",2018,"23.05.",2018-05-23,2462,"e"
"Statistik der Sterbefälle","Germany",2018,"24.05.",2018-05-24,2346,"e"
"Statistik der Sterbefälle","Germany",2018,"25.05.",2018-05-25,2478,"e"
"Statistik der Sterbefälle","Germany",2018,"26.05.",2018-05-26,2361,"e"
"Statistik der Sterbefälle","Germany",2018,"27.05.",2018-05-27,2312,"e"
"Statistik der Sterbefälle","Germany",2018,"28.05.",2018-05-28,2577,"e"
"Statistik der Sterbefälle","Germany",2018,"29.05.",2018-05-29,2600,"e"
"Statistik der Sterbefälle","Germany",2018,"30.05.",2018-05-30,2547,"e"
"Statistik der Sterbefälle","Germany",2018,"31.05.",2018-05-31,2399,"e"
"Statistik der Sterbefälle","Germany",2018,"01.06.",2018-06-01,2452,"e"
"Statistik der Sterbefälle","Germany",2018,"02.06.",2018-06-02,2296,"e"
"Statistik der Sterbefälle","Germany",2018,"03.06.",2018-06-03,2168,"e"
"Statistik der Sterbefälle","Germany",2018,"04.06.",2018-06-04,2356,"e"
"Statistik der Sterbefälle","Germany",2018,"05.06.",2018-06-05,2431,"e"
"Statistik der Sterbefälle","Germany",2018,"06.06.",2018-06-06,2358,"e"
"Statistik der Sterbefälle","Germany",2018,"07.06.",2018-06-07,2401,"e"
"Statistik der Sterbefälle","Germany",2018,"08.06.",2018-06-08,2481,"e"
"Statistik der Sterbefälle","Germany",2018,"09.06.",2018-06-09,2373,"e"
"Statistik der Sterbefälle","Germany",2018,"10.06.",2018-06-10,2314,"e"
"Statistik der Sterbefälle","Germany",2018,"11.06.",2018-06-11,2317,"e"
"Statistik der Sterbefälle","Germany",2018,"12.06.",2018-06-12,2196,"e"
"Statistik der Sterbefälle","Germany",2018,"13.06.",2018-06-13,2178,"e"
"Statistik der Sterbefälle","Germany",2018,"14.06.",2018-06-14,2212,"e"
"Statistik der Sterbefälle","Germany",2018,"15.06.",2018-06-15,2265,"e"
"Statistik der Sterbefälle","Germany",2018,"16.06.",2018-06-16,2307,"e"
"Statistik der Sterbefälle","Germany",2018,"17.06.",2018-06-17,2107,"e"
"Statistik der Sterbefälle","Germany",2018,"18.06.",2018-06-18,2273,"e"
"Statistik der Sterbefälle","Germany",2018,"19.06.",2018-06-19,2333,"e"
"Statistik der Sterbefälle","Germany",2018,"20.06.",2018-06-20,2348,"e"
"Statistik der Sterbefälle","Germany",2018,"21.06.",2018-06-21,2410,"e"
"Statistik der Sterbefälle","Germany",2018,"22.06.",2018-06-22,2191,"e"
"Statistik der Sterbefälle","Germany",2018,"23.06.",2018-06-23,2118,"e"
"Statistik der Sterbefälle","Germany",2018,"24.06.",2018-06-24,2170,"e"
"Statistik der Sterbefälle","Germany",2018,"25.06.",2018-06-25,2319,"e"
"Statistik der Sterbefälle","Germany",2018,"26.06.",2018-06-26,2356,"e"
"Statistik der Sterbefälle","Germany",2018,"27.06.",2018-06-27,2277,"e"
"Statistik der Sterbefälle","Germany",2018,"28.06.",2018-06-28,2442,"e"
"Statistik der Sterbefälle","Germany",2018,"29.06.",2018-06-29,2480,"e"
"Statistik der Sterbefälle","Germany",2018,"30.06.",2018-06-30,2399,"e"
"Statistik der Sterbefälle","Germany",2018,"01.07.",2018-07-01,2296,"e"
"Statistik der Sterbefälle","Germany",2018,"02.07.",2018-07-02,2229,"e"
"Statistik der Sterbefälle","Germany",2018,"03.07.",2018-07-03,2437,"e"
"Statistik der Sterbefälle","Germany",2018,"04.07.",2018-07-04,2423,"e"
"Statistik der Sterbefälle","Germany",2018,"05.07.",2018-07-05,2575,"e"
"Statistik der Sterbefälle","Germany",2018,"06.07.",2018-07-06,2428,"e"
"Statistik der Sterbefälle","Germany",2018,"07.07.",2018-07-07,2259,"e"
"Statistik der Sterbefälle","Germany",2018,"08.07.",2018-07-08,2271,"e"
"Statistik der Sterbefälle","Germany",2018,"09.07.",2018-07-09,2381,"e"
"Statistik der Sterbefälle","Germany",2018,"10.07.",2018-07-10,2317,"e"
"Statistik der Sterbefälle","Germany",2018,"11.07.",2018-07-11,2270,"e"
"Statistik der Sterbefälle","Germany",2018,"12.07.",2018-07-12,2404,"e"
"Statistik der Sterbefälle","Germany",2018,"13.07.",2018-07-13,2302,"e"
"Statistik der Sterbefälle","Germany",2018,"14.07.",2018-07-14,2192,"e"
"Statistik der Sterbefälle","Germany",2018,"15.07.",2018-07-15,2204,"e"
"Statistik der Sterbefälle","Germany",2018,"16.07.",2018-07-16,2452,"e"
"Statistik der Sterbefälle","Germany",2018,"17.07.",2018-07-17,2487,"e"
"Statistik der Sterbefälle","Germany",2018,"18.07.",2018-07-18,2348,"e"
"Statistik der Sterbefälle","Germany",2018,"19.07.",2018-07-19,2342,"e"
"Statistik der Sterbefälle","Germany",2018,"20.07.",2018-07-20,2453,"e"
"Statistik der Sterbefälle","Germany",2018,"21.07.",2018-07-21,2352,"e"
"Statistik der Sterbefälle","Germany",2018,"22.07.",2018-07-22,2268,"e"
"Statistik der Sterbefälle","Germany",2018,"23.07.",2018-07-23,2492,"e"
"Statistik der Sterbefälle","Germany",2018,"24.07.",2018-07-24,2422,"e"
"Statistik der Sterbefälle","Germany",2018,"25.07.",2018-07-25,2525,"e"
"Statistik der Sterbefälle","Germany",2018,"26.07.",2018-07-26,2674,"e"
"Statistik der Sterbefälle","Germany",2018,"27.07.",2018-07-27,2840,"e"
"Statistik der Sterbefälle","Germany",2018,"28.07.",2018-07-28,2885,"e"
"Statistik der Sterbefälle","Germany",2018,"29.07.",2018-07-29,2502,"e"
"Statistik der Sterbefälle","Germany",2018,"30.07.",2018-07-30,2731,"e"
"Statistik der Sterbefälle","Germany",2018,"31.07.",2018-07-31,2844,"e"
"Statistik der Sterbefälle","Germany",2018,"01.08.",2018-08-01,3005,"e"
"Statistik der Sterbefälle","Germany",2018,"02.08.",2018-08-02,2876,"e"
"Statistik der Sterbefälle","Germany",2018,"03.08.",2018-08-03,3053,"e"
"Statistik der Sterbefälle","Germany",2018,"04.08.",2018-08-04,3091,"e"
"Statistik der Sterbefälle","Germany",2018,"05.08.",2018-08-05,2771,"e"
"Statistik der Sterbefälle","Germany",2018,"06.08.",2018-08-06,2596,"e"
"Statistik der Sterbefälle","Germany",2018,"07.08.",2018-08-07,2878,"e"
"Statistik der Sterbefälle","Germany",2018,"08.08.",2018-08-08,2964,"e"
"Statistik der Sterbefälle","Germany",2018,"09.08.",2018-08-09,2896,"e"
"Statistik der Sterbefälle","Germany",2018,"10.08.",2018-08-10,2589,"e"
"Statistik der Sterbefälle","Germany",2018,"11.08.",2018-08-11,2321,"e"
"Statistik der Sterbefälle","Germany",2018,"12.08.",2018-08-12,2234,"e"
"Statistik der Sterbefälle","Germany",2018,"13.08.",2018-08-13,2557,"e"
"Statistik der Sterbefälle","Germany",2018,"14.08.",2018-08-14,2452,"e"
"Statistik der Sterbefälle","Germany",2018,"15.08.",2018-08-15,2307,"e"
"Statistik der Sterbefälle","Germany",2018,"16.08.",2018-08-16,2433,"e"
"Statistik der Sterbefälle","Germany",2018,"17.08.",2018-08-17,2433,"e"
"Statistik der Sterbefälle","Germany",2018,"18.08.",2018-08-18,2373,"e"
"Statistik der Sterbefälle","Germany",2018,"19.08.",2018-08-19,2335,"e"
"Statistik der Sterbefälle","Germany",2018,"20.08.",2018-08-20,2458,"e"
"Statistik der Sterbefälle","Germany",2018,"21.08.",2018-08-21,2397,"e"
"Statistik der Sterbefälle","Germany",2018,"22.08.",2018-08-22,2468,"e"
"Statistik der Sterbefälle","Germany",2018,"23.08.",2018-08-23,2575,"e"
"Statistik der Sterbefälle","Germany",2018,"24.08.",2018-08-24,2410,"e"
"Statistik der Sterbefälle","Germany",2018,"25.08.",2018-08-25,2212,"e"
"Statistik der Sterbefälle","Germany",2018,"26.08.",2018-08-26,2092,"e"
"Statistik der Sterbefälle","Germany",2018,"27.08.",2018-08-27,2317,"e"
"Statistik der Sterbefälle","Germany",2018,"28.08.",2018-08-28,2356,"e"
"Statistik der Sterbefälle","Germany",2018,"29.08.",2018-08-29,2311,"e"
"Statistik der Sterbefälle","Germany",2018,"30.08.",2018-08-30,2380,"e"
"Statistik der Sterbefälle","Germany",2018,"31.08.",2018-08-31,2230,"e"
"Statistik der Sterbefälle","Germany",2018,"01.09.",2018-09-01,2197,"e"
"Statistik der Sterbefälle","Germany",2018,"02.09.",2018-09-02,2209,"e"
"Statistik der Sterbefälle","Germany",2018,"03.09.",2018-09-03,2471,"e"
"Statistik der Sterbefälle","Germany",2018,"04.09.",2018-09-04,2427,"e"
"Statistik der Sterbefälle","Germany",2018,"05.09.",2018-09-05,2386,"e"
"Statistik der Sterbefälle","Germany",2018,"06.09.",2018-09-06,2379,"e"
"Statistik der Sterbefälle","Germany",2018,"07.09.",2018-09-07,2428,"e"
"Statistik der Sterbefälle","Germany",2018,"08.09.",2018-09-08,2153,"e"
"Statistik der Sterbefälle","Germany",2018,"09.09.",2018-09-09,2146,"e"
"Statistik der Sterbefälle","Germany",2018,"10.09.",2018-09-10,2281,"e"
"Statistik der Sterbefälle","Germany",2018,"11.09.",2018-09-11,2363,"e"
"Statistik der Sterbefälle","Germany",2018,"12.09.",2018-09-12,2449,"e"
"Statistik der Sterbefälle","Germany",2018,"13.09.",2018-09-13,2380,"e"
"Statistik der Sterbefälle","Germany",2018,"14.09.",2018-09-14,2420,"e"
"Statistik der Sterbefälle","Germany",2018,"15.09.",2018-09-15,2186,"e"
"Statistik der Sterbefälle","Germany",2018,"16.09.",2018-09-16,2213,"e"
"Statistik der Sterbefälle","Germany",2018,"17.09.",2018-09-17,2351,"e"
"Statistik der Sterbefälle","Germany",2018,"18.09.",2018-09-18,2476,"e"
"Statistik der Sterbefälle","Germany",2018,"19.09.",2018-09-19,2439,"e"
"Statistik der Sterbefälle","Germany",2018,"20.09.",2018-09-20,2553,"e"
"Statistik der Sterbefälle","Germany",2018,"21.09.",2018-09-21,2390,"e"
"Statistik der Sterbefälle","Germany",2018,"22.09.",2018-09-22,2153,"e"
"Statistik der Sterbefälle","Germany",2018,"23.09.",2018-09-23,2289,"e"
"Statistik der Sterbefälle","Germany",2018,"24.09.",2018-09-24,2308,"e"
"Statistik der Sterbefälle","Germany",2018,"25.09.",2018-09-25,2158,"e"
"Statistik der Sterbefälle","Germany",2018,"26.09.",2018-09-26,2315,"e"
"Statistik der Sterbefälle","Germany",2018,"27.09.",2018-09-27,2338,"e"
"Statistik der Sterbefälle","Germany",2018,"28.09.",2018-09-28,2369,"e"
"Statistik der Sterbefälle","Germany",2018,"29.09.",2018-09-29,2242,"e"
"Statistik der Sterbefälle","Germany",2018,"30.09.",2018-09-30,2239,"e"
"Statistik der Sterbefälle","Germany",2018,"01.10.",2018-10-01,2380,"e"
"Statistik der Sterbefälle","Germany",2018,"02.10.",2018-10-02,2394,"e"
"Statistik der Sterbefälle","Germany",2018,"03.10.",2018-10-03,2274,"e"
"Statistik der Sterbefälle","Germany",2018,"04.10.",2018-10-04,2390,"e"
"Statistik der Sterbefälle","Germany",2018,"05.10.",2018-10-05,2435,"e"
"Statistik der Sterbefälle","Germany",2018,"06.10.",2018-10-06,2466,"e"
"Statistik der Sterbefälle","Germany",2018,"07.10.",2018-10-07,2283,"e"
"Statistik der Sterbefälle","Germany",2018,"08.10.",2018-10-08,2338,"e"
"Statistik der Sterbefälle","Germany",2018,"09.10.",2018-10-09,2394,"e"
"Statistik der Sterbefälle","Germany",2018,"10.10.",2018-10-10,2475,"e"
"Statistik der Sterbefälle","Germany",2018,"11.10.",2018-10-11,2525,"e"
"Statistik der Sterbefälle","Germany",2018,"12.10.",2018-10-12,2455,"e"
"Statistik der Sterbefälle","Germany",2018,"13.10.",2018-10-13,2433,"e"
"Statistik der Sterbefälle","Germany",2018,"14.10.",2018-10-14,2373,"e"
"Statistik der Sterbefälle","Germany",2018,"15.10.",2018-10-15,2474,"e"
"Statistik der Sterbefälle","Germany",2018,"16.10.",2018-10-16,2411,"e"
"Statistik der Sterbefälle","Germany",2018,"17.10.",2018-10-17,2443,"e"
"Statistik der Sterbefälle","Germany",2018,"18.10.",2018-10-18,2362,"e"
"Statistik der Sterbefälle","Germany",2018,"19.10.",2018-10-19,2383,"e"
"Statistik der Sterbefälle","Germany",2018,"20.10.",2018-10-20,2254,"e"
"Statistik der Sterbefälle","Germany",2018,"21.10.",2018-10-21,2225,"e"
"Statistik der Sterbefälle","Germany",2018,"22.10.",2018-10-22,2264,"e"
"Statistik der Sterbefälle","Germany",2018,"23.10.",2018-10-23,2410,"e"
"Statistik der Sterbefälle","Germany",2018,"24.10.",2018-10-24,2415,"e"
"Statistik der Sterbefälle","Germany",2018,"25.10.",2018-10-25,2397,"e"
"Statistik der Sterbefälle","Germany",2018,"26.10.",2018-10-26,2481,"e"
"Statistik der Sterbefälle","Germany",2018,"27.10.",2018-10-27,2218,"e"
"Statistik der Sterbefälle","Germany",2018,"28.10.",2018-10-28,2423,"e"
"Statistik der Sterbefälle","Germany",2018,"29.10.",2018-10-29,2397,"e"
"Statistik der Sterbefälle","Germany",2018,"30.10.",2018-10-30,2459,"e"
"Statistik der Sterbefälle","Germany",2018,"31.10.",2018-10-31,2408,"e"
"Statistik der Sterbefälle","Germany",2018,"01.11.",2018-11-01,2398,"e"
"Statistik der Sterbefälle","Germany",2018,"02.11.",2018-11-02,2452,"e"
"Statistik der Sterbefälle","Germany",2018,"03.11.",2018-11-03,2430,"e"
"Statistik der Sterbefälle","Germany",2018,"04.11.",2018-11-04,2351,"e"
"Statistik der Sterbefälle","Germany",2018,"05.11.",2018-11-05,2569,"e"
"Statistik der Sterbefälle","Germany",2018,"06.11.",2018-11-06,2544,"e"
"Statistik der Sterbefälle","Germany",2018,"07.11.",2018-11-07,2459,"e"
"Statistik der Sterbefälle","Germany",2018,"08.11.",2018-11-08,2593,"e"
"Statistik der Sterbefälle","Germany",2018,"09.11.",2018-11-09,2532,"e"
"Statistik der Sterbefälle","Germany",2018,"10.11.",2018-11-10,2423,"e"
"Statistik der Sterbefälle","Germany",2018,"11.11.",2018-11-11,2484,"e"
"Statistik der Sterbefälle","Germany",2018,"12.11.",2018-11-12,2457,"e"
"Statistik der Sterbefälle","Germany",2018,"13.11.",2018-11-13,2476,"e"
"Statistik der Sterbefälle","Germany",2018,"14.11.",2018-11-14,2351,"e"
"Statistik der Sterbefälle","Germany",2018,"15.11.",2018-11-15,2355,"e"
"Statistik der Sterbefälle","Germany",2018,"16.11.",2018-11-16,2487,"e"
"Statistik der Sterbefälle","Germany",2018,"17.11.",2018-11-17,2335,"e"
"Statistik der Sterbefälle","Germany",2018,"18.11.",2018-11-18,2381,"e"
"Statistik der Sterbefälle","Germany",2018,"19.11.",2018-11-19,2509,"e"
"Statistik der Sterbefälle","Germany",2018,"20.11.",2018-11-20,2575,"e"
"Statistik der Sterbefälle","Germany",2018,"21.11.",2018-11-21,2535,"e"
"Statistik der Sterbefälle","Germany",2018,"22.11.",2018-11-22,2711,"e"
"Statistik der Sterbefälle","Germany",2018,"23.11.",2018-11-23,2572,"e"
"Statistik der Sterbefälle","Germany",2018,"24.11.",2018-11-24,2527,"e"
"Statistik der Sterbefälle","Germany",2018,"25.11.",2018-11-25,2356,"e"
"Statistik der Sterbefälle","Germany",2018,"26.11.",2018-11-26,2534,"e"
"Statistik der Sterbefälle","Germany",2018,"27.11.",2018-11-27,2517,"e"
"Statistik der Sterbefälle","Germany",2018,"28.11.",2018-11-28,2518,"e"
"Statistik der Sterbefälle","Germany",2018,"29.11.",2018-11-29,2690,"e"
"Statistik der Sterbefälle","Germany",2018,"30.11.",2018-11-30,2641,"e"
"Statistik der Sterbefälle","Germany",2018,"01.12.",2018-12-01,2583,"e"
"Statistik der Sterbefälle","Germany",2018,"02.12.",2018-12-02,2608,"e"
"Statistik der Sterbefälle","Germany",2018,"03.12.",2018-12-03,2718,"e"
"Statistik der Sterbefälle","Germany",2018,"04.12.",2018-12-04,2594,"e"
"Statistik der Sterbefälle","Germany",2018,"05.12.",2018-12-05,2558,"e"
"Statistik der Sterbefälle","Germany",2018,"06.12.",2018-12-06,2605,"e"
"Statistik der Sterbefälle","Germany",2018,"07.12.",2018-12-07,2761,"e"
"Statistik der Sterbefälle","Germany",2018,"08.12.",2018-12-08,2511,"e"
"Statistik der Sterbefälle","Germany",2018,"09.12.",2018-12-09,2595,"e"
"Statistik der Sterbefälle","Germany",2018,"10.12.",2018-12-10,2522,"e"
"Statistik der Sterbefälle","Germany",2018,"11.12.",2018-12-11,2622,"e"
"Statistik der Sterbefälle","Germany",2018,"12.12.",2018-12-12,2611,"e"
"Statistik der Sterbefälle","Germany",2018,"13.12.",2018-12-13,2587,"e"
"Statistik der Sterbefälle","Germany",2018,"14.12.",2018-12-14,2599,"e"
"Statistik der Sterbefälle","Germany",2018,"15.12.",2018-12-15,2508,"e"
"Statistik der Sterbefälle","Germany",2018,"16.12.",2018-12-16,2494,"e"
"Statistik der Sterbefälle","Germany",2018,"17.12.",2018-12-17,2678,"e"
"Statistik der Sterbefälle","Germany",2018,"18.12.",2018-12-18,2610,"e"
"Statistik der Sterbefälle","Germany",2018,"19.12.",2018-12-19,2744,"e"
"Statistik der Sterbefälle","Germany",2018,"20.12.",2018-12-20,2777,"e"
"Statistik der Sterbefälle","Germany",2018,"21.12.",2018-12-21,2836,"e"
"Statistik der Sterbefälle","Germany",2018,"22.12.",2018-12-22,2791,"e"
"Statistik der Sterbefälle","Germany",2018,"23.12.",2018-12-23,2554,"e"
"Statistik der Sterbefälle","Germany",2018,"24.12.",2018-12-24,2623,"e"
"Statistik der Sterbefälle","Germany",2018,"25.12.",2018-12-25,2448,"e"
"Statistik der Sterbefälle","Germany",2018,"26.12.",2018-12-26,2537,"e"
"Statistik der Sterbefälle","Germany",2018,"27.12.",2018-12-27,2616,"e"
"Statistik der Sterbefälle","Germany",2018,"28.12.",2018-12-28,2704,"e"
"Statistik der Sterbefälle","Germany",2018,"29.12.",2018-12-29,2573,"e"
"Statistik der Sterbefälle","Germany",2018,"30.12.",2018-12-30,2453,"e"
"Statistik der Sterbefälle","Germany",2018,"31.12.",2018-12-31,2579,"e"
"Statistik der Sterbefälle","Germany",2019,"01.01.",2019-01-01,2639,"e"
"Statistik der Sterbefälle","Germany",2019,"02.01.",2019-01-02,2642,"e"
"Statistik der Sterbefälle","Germany",2019,"03.01.",2019-01-03,2610,"e"
"Statistik der Sterbefälle","Germany",2019,"04.01.",2019-01-04,2782,"e"
"Statistik der Sterbefälle","Germany",2019,"05.01.",2019-01-05,2818,"e"
"Statistik der Sterbefälle","Germany",2019,"06.01.",2019-01-06,2616,"e"
"Statistik der Sterbefälle","Germany",2019,"07.01.",2019-01-07,2749,"e"
"Statistik der Sterbefälle","Germany",2019,"08.01.",2019-01-08,2823,"e"
"Statistik der Sterbefälle","Germany",2019,"09.01.",2019-01-09,2758,"e"
"Statistik der Sterbefälle","Germany",2019,"10.01.",2019-01-10,2750,"e"
"Statistik der Sterbefälle","Germany",2019,"11.01.",2019-01-11,2796,"e"
"Statistik der Sterbefälle","Germany",2019,"12.01.",2019-01-12,2681,"e"
"Statistik der Sterbefälle","Germany",2019,"13.01.",2019-01-13,2613,"e"
"Statistik der Sterbefälle","Germany",2019,"14.01.",2019-01-14,2787,"e"
"Statistik der Sterbefälle","Germany",2019,"15.01.",2019-01-15,2800,"e"
"Statistik der Sterbefälle","Germany",2019,"16.01.",2019-01-16,2790,"e"
"Statistik der Sterbefälle","Germany",2019,"17.01.",2019-01-17,2786,"e"
"Statistik der Sterbefälle","Germany",2019,"18.01.",2019-01-18,2776,"e"
"Statistik der Sterbefälle","Germany",2019,"19.01.",2019-01-19,2610,"e"
"Statistik der Sterbefälle","Germany",2019,"20.01.",2019-01-20,2614,"e"
"Statistik der Sterbefälle","Germany",2019,"21.01.",2019-01-21,2693,"e"
"Statistik der Sterbefälle","Germany",2019,"22.01.",2019-01-22,2742,"e"
"Statistik der Sterbefälle","Germany",2019,"23.01.",2019-01-23,2865,"e"
"Statistik der Sterbefälle","Germany",2019,"24.01.",2019-01-24,2835,"e"
"Statistik der Sterbefälle","Germany",2019,"25.01.",2019-01-25,2833,"e"
"Statistik der Sterbefälle","Germany",2019,"26.01.",2019-01-26,2797,"e"
"Statistik der Sterbefälle","Germany",2019,"27.01.",2019-01-27,2740,"e"
"Statistik der Sterbefälle","Germany",2019,"28.01.",2019-01-28,2904,"e"
"Statistik der Sterbefälle","Germany",2019,"29.01.",2019-01-29,2748,"e"
"Statistik der Sterbefälle","Germany",2019,"30.01.",2019-01-30,2729,"e"
"Statistik der Sterbefälle","Germany",2019,"31.01.",2019-01-31,2779,"e"
"Statistik der Sterbefälle","Germany",2019,"01.02.",2019-02-01,3012,"e"
"Statistik der Sterbefälle","Germany",2019,"02.02.",2019-02-02,2875,"e"
"Statistik der Sterbefälle","Germany",2019,"03.02.",2019-02-03,2765,"e"
"Statistik der Sterbefälle","Germany",2019,"04.02.",2019-02-04,2812,"e"
"Statistik der Sterbefälle","Germany",2019,"05.02.",2019-02-05,2890,"e"
"Statistik der Sterbefälle","Germany",2019,"06.02.",2019-02-06,2898,"e"
"Statistik der Sterbefälle","Germany",2019,"07.02.",2019-02-07,2882,"e"
"Statistik der Sterbefälle","Germany",2019,"08.02.",2019-02-08,2847,"e"
"Statistik der Sterbefälle","Germany",2019,"09.02.",2019-02-09,2847,"e"
"Statistik der Sterbefälle","Germany",2019,"10.02.",2019-02-10,2805,"e"
"Statistik der Sterbefälle","Germany",2019,"11.02.",2019-02-11,2853,"e"
"Statistik der Sterbefälle","Germany",2019,"12.02.",2019-02-12,2860,"e"
"Statistik der Sterbefälle","Germany",2019,"13.02.",2019-02-13,2890,"e"
"Statistik der Sterbefälle","Germany",2019,"14.02.",2019-02-14,2910,"e"
"Statistik der Sterbefälle","Germany",2019,"15.02.",2019-02-15,2977,"e"
"Statistik der Sterbefälle","Germany",2019,"16.02.",2019-02-16,2844,"e"
"Statistik der Sterbefälle","Germany",2019,"17.02.",2019-02-17,2816,"e"
"Statistik der Sterbefälle","Germany",2019,"18.02.",2019-02-18,2990,"e"
"Statistik der Sterbefälle","Germany",2019,"19.02.",2019-02-19,2876,"e"
"Statistik der Sterbefälle","Germany",2019,"20.02.",2019-02-20,3000,"e"
"Statistik der Sterbefälle","Germany",2019,"21.02.",2019-02-21,2963,"e"
"Statistik der Sterbefälle","Germany",2019,"22.02.",2019-02-22,2986,"e"
"Statistik der Sterbefälle","Germany",2019,"23.02.",2019-02-23,2792,"e"
"Statistik der Sterbefälle","Germany",2019,"24.02.",2019-02-24,2742,"e"
"Statistik der Sterbefälle","Germany",2019,"25.02.",2019-02-25,2970,"e"
"Statistik der Sterbefälle","Germany",2019,"26.02.",2019-02-26,2977,"e"
"Statistik der Sterbefälle","Germany",2019,"27.02.",2019-02-27,2939,"e"
"Statistik der Sterbefälle","Germany",2019,"28.02.",2019-02-28,2991,"e"
"Statistik der Sterbefälle","Germany",2019,"01.03.",2019-03-01,3100,"e"
"Statistik der Sterbefälle","Germany",2019,"02.03.",2019-03-02,2955,"e"
"Statistik der Sterbefälle","Germany",2019,"03.03.",2019-03-03,2858,"e"
"Statistik der Sterbefälle","Germany",2019,"04.03.",2019-03-04,2909,"e"
"Statistik der Sterbefälle","Germany",2019,"05.03.",2019-03-05,2978,"e"
"Statistik der Sterbefälle","Germany",2019,"06.03.",2019-03-06,3006,"e"
"Statistik der Sterbefälle","Germany",2019,"07.03.",2019-03-07,3046,"e"
"Statistik der Sterbefälle","Germany",2019,"08.03.",2019-03-08,2981,"e"
"Statistik der Sterbefälle","Germany",2019,"09.03.",2019-03-09,2810,"e"
"Statistik der Sterbefälle","Germany",2019,"10.03.",2019-03-10,2723,"e"
"Statistik der Sterbefälle","Germany",2019,"11.03.",2019-03-11,2743,"e"
"Statistik der Sterbefälle","Germany",2019,"12.03.",2019-03-12,2857,"e"
"Statistik der Sterbefälle","Germany",2019,"13.03.",2019-03-13,2878,"e"
"Statistik der Sterbefälle","Germany",2019,"14.03.",2019-03-14,2864,"e"
"Statistik der Sterbefälle","Germany",2019,"15.03.",2019-03-15,2882,"e"
"Statistik der Sterbefälle","Germany",2019,"16.03.",2019-03-16,2859,"e"
"Statistik der Sterbefälle","Germany",2019,"17.03.",2019-03-17,2712,"e"
"Statistik der Sterbefälle","Germany",2019,"18.03.",2019-03-18,2701,"e"
"Statistik der Sterbefälle","Germany",2019,"19.03.",2019-03-19,2651,"e"
"Statistik der Sterbefälle","Germany",2019,"20.03.",2019-03-20,2749,"e"
"Statistik der Sterbefälle","Germany",2019,"21.03.",2019-03-21,2768,"e"
"Statistik der Sterbefälle","Germany",2019,"22.03.",2019-03-22,2806,"e"
"Statistik der Sterbefälle","Germany",2019,"23.03.",2019-03-23,2730,"e"
"Statistik der Sterbefälle","Germany",2019,"24.03.",2019-03-24,2611,"e"
"Statistik der Sterbefälle","Germany",2019,"25.03.",2019-03-25,2614,"e"
"Statistik der Sterbefälle","Germany",2019,"26.03.",2019-03-26,2654,"e"
"Statistik der Sterbefälle","Germany",2019,"27.03.",2019-03-27,2683,"e"
"Statistik der Sterbefälle","Germany",2019,"28.03.",2019-03-28,2670,"e"
"Statistik der Sterbefälle","Germany",2019,"29.03.",2019-03-29,2809,"e"
"Statistik der Sterbefälle","Germany",2019,"30.03.",2019-03-30,2670,"e"
"Statistik der Sterbefälle","Germany",2019,"31.03.",2019-03-31,2462,"e"
"Statistik der Sterbefälle","Germany",2019,"01.04.",2019-04-01,2653,"e"
"Statistik der Sterbefälle","Germany",2019,"02.04.",2019-04-02,2695,"e"
"Statistik der Sterbefälle","Germany",2019,"03.04.",2019-04-03,2754,"e"
"Statistik der Sterbefälle","Germany",2019,"04.04.",2019-04-04,2790,"e"
"Statistik der Sterbefälle","Germany",2019,"05.04.",2019-04-05,2682,"e"
"Statistik der Sterbefälle","Germany",2019,"06.04.",2019-04-06,2645,"e"
"Statistik der Sterbefälle","Germany",2019,"07.04.",2019-04-07,2452,"e"
"Statistik der Sterbefälle","Germany",2019,"08.04.",2019-04-08,2670,"e"
"Statistik der Sterbefälle","Germany",2019,"09.04.",2019-04-09,2542,"e"
"Statistik der Sterbefälle","Germany",2019,"10.04.",2019-04-10,2628,"e"
"Statistik der Sterbefälle","Germany",2019,"11.04.",2019-04-11,2543,"e"
"Statistik der Sterbefälle","Germany",2019,"12.04.",2019-04-12,2513,"e"
"Statistik der Sterbefälle","Germany",2019,"13.04.",2019-04-13,2537,"e"
"Statistik der Sterbefälle","Germany",2019,"14.04.",2019-04-14,2419,"e"
"Statistik der Sterbefälle","Germany",2019,"15.04.",2019-04-15,2671,"e"
"Statistik der Sterbefälle","Germany",2019,"16.04.",2019-04-16,2580,"e"
"Statistik der Sterbefälle","Germany",2019,"17.04.",2019-04-17,2629,"e"
"Statistik der Sterbefälle","Germany",2019,"18.04.",2019-04-18,2623,"e"
"Statistik der Sterbefälle","Germany",2019,"19.04.",2019-04-19,2594,"e"
"Statistik der Sterbefälle","Germany",2019,"20.04.",2019-04-20,2504,"e"
"Statistik der Sterbefälle","Germany",2019,"21.04.",2019-04-21,2488,"e"
"Statistik der Sterbefälle","Germany",2019,"22.04.",2019-04-22,2435,"e"
"Statistik der Sterbefälle","Germany",2019,"23.04.",2019-04-23,2714,"e"
"Statistik der Sterbefälle","Germany",2019,"24.04.",2019-04-24,2704,"e"
"Statistik der Sterbefälle","Germany",2019,"25.04.",2019-04-25,2675,"e"
"Statistik der Sterbefälle","Germany",2019,"26.04.",2019-04-26,2594,"e"
"Statistik der Sterbefälle","Germany",2019,"27.04.",2019-04-27,2439,"e"
"Statistik der Sterbefälle","Germany",2019,"28.04.",2019-04-28,2333,"e"
"Statistik der Sterbefälle","Germany",2019,"29.04.",2019-04-29,2393,"e"
"Statistik der Sterbefälle","Germany",2019,"30.04.",2019-04-30,2511,"e"
"Statistik der Sterbefälle","Germany",2019,"01.05.",2019-05-01,2456,"e"
"Statistik der Sterbefälle","Germany",2019,"02.05.",2019-05-02,2445,"e"
"Statistik der Sterbefälle","Germany",2019,"03.05.",2019-05-03,2536,"e"
"Statistik der Sterbefälle","Germany",2019,"04.05.",2019-05-04,2464,"e"
"Statistik der Sterbefälle","Germany",2019,"05.05.",2019-05-05,2285,"e"
"Statistik der Sterbefälle","Germany",2019,"06.05.",2019-05-06,2428,"e"
"Statistik der Sterbefälle","Germany",2019,"07.05.",2019-05-07,2369,"e"
"Statistik der Sterbefälle","Germany",2019,"08.05.",2019-05-08,2519,"e"
"Statistik der Sterbefälle","Germany",2019,"09.05.",2019-05-09,2563,"e"
"Statistik der Sterbefälle","Germany",2019,"10.05.",2019-05-10,2561,"e"
"Statistik der Sterbefälle","Germany",2019,"11.05.",2019-05-11,2431,"e"
"Statistik der Sterbefälle","Germany",2019,"12.05.",2019-05-12,2247,"e"
"Statistik der Sterbefälle","Germany",2019,"13.05.",2019-05-13,2431,"e"
"Statistik der Sterbefälle","Germany",2019,"14.05.",2019-05-14,2459,"e"
"Statistik der Sterbefälle","Germany",2019,"15.05.",2019-05-15,2374,"e"
"Statistik der Sterbefälle","Germany",2019,"16.05.",2019-05-16,2508,"e"
"Statistik der Sterbefälle","Germany",2019,"17.05.",2019-05-17,2575,"e"
"Statistik der Sterbefälle","Germany",2019,"18.05.",2019-05-18,2559,"e"
"Statistik der Sterbefälle","Germany",2019,"19.05.",2019-05-19,2409,"e"
"Statistik der Sterbefälle","Germany",2019,"20.05.",2019-05-20,2533,"e"
"Statistik der Sterbefälle","Germany",2019,"21.05.",2019-05-21,2561,"e"
"Statistik der Sterbefälle","Germany",2019,"22.05.",2019-05-22,2425,"e"
"Statistik der Sterbefälle","Germany",2019,"23.05.",2019-05-23,2414,"e"
"Statistik der Sterbefälle","Germany",2019,"24.05.",2019-05-24,2538,"e"
"Statistik der Sterbefälle","Germany",2019,"25.05.",2019-05-25,2335,"e"
"Statistik der Sterbefälle","Germany",2019,"26.05.",2019-05-26,2274,"e"
"Statistik der Sterbefälle","Germany",2019,"27.05.",2019-05-27,2471,"e"
"Statistik der Sterbefälle","Germany",2019,"28.05.",2019-05-28,2356,"e"
"Statistik der Sterbefälle","Germany",2019,"29.05.",2019-05-29,2410,"e"
"Statistik der Sterbefälle","Germany",2019,"30.05.",2019-05-30,2290,"e"
"Statistik der Sterbefälle","Germany",2019,"31.05.",2019-05-31,2443,"e"
"Statistik der Sterbefälle","Germany",2019,"01.06.",2019-06-01,2460,"e"
"Statistik der Sterbefälle","Germany",2019,"02.06.",2019-06-02,2491,"e"
"Statistik der Sterbefälle","Germany",2019,"03.06.",2019-06-03,2574,"e"
"Statistik der Sterbefälle","Germany",2019,"04.06.",2019-06-04,2685,"e"
"Statistik der Sterbefälle","Germany",2019,"05.06.",2019-06-05,2754,"e"
"Statistik der Sterbefälle","Germany",2019,"06.06.",2019-06-06,2512,"e"
"Statistik der Sterbefälle","Germany",2019,"07.06.",2019-06-07,2331,"e"
"Statistik der Sterbefälle","Germany",2019,"08.06.",2019-06-08,2375,"e"
"Statistik der Sterbefälle","Germany",2019,"09.06.",2019-06-09,2260,"e"
"Statistik der Sterbefälle","Germany",2019,"10.06.",2019-06-10,2259,"e"
"Statistik der Sterbefälle","Germany",2019,"11.06.",2019-06-11,2394,"e"
"Statistik der Sterbefälle","Germany",2019,"12.06.",2019-06-12,2403,"e"
"Statistik der Sterbefälle","Germany",2019,"13.06.",2019-06-13,2317,"e"
"Statistik der Sterbefälle","Germany",2019,"14.06.",2019-06-14,2454,"e"
"Statistik der Sterbefälle","Germany",2019,"15.06.",2019-06-15,2405,"e"
"Statistik der Sterbefälle","Germany",2019,"16.06.",2019-06-16,2252,"e"
"Statistik der Sterbefälle","Germany",2019,"17.06.",2019-06-17,2288,"e"
"Statistik der Sterbefälle","Germany",2019,"18.06.",2019-06-18,2510,"e"
"Statistik der Sterbefälle","Germany",2019,"19.06.",2019-06-19,2656,"e"
"Statistik der Sterbefälle","Germany",2019,"20.06.",2019-06-20,2417,"e"
"Statistik der Sterbefälle","Germany",2019,"21.06.",2019-06-21,2332,"e"
"Statistik der Sterbefälle","Germany",2019,"22.06.",2019-06-22,2222,"e"
"Statistik der Sterbefälle","Germany",2019,"23.06.",2019-06-23,2214,"e"
"Statistik der Sterbefälle","Germany",2019,"24.06.",2019-06-24,2476,"e"
"Statistik der Sterbefälle","Germany",2019,"25.06.",2019-06-25,2648,"e"
"Statistik der Sterbefälle","Germany",2019,"26.06.",2019-06-26,2871,"e"
"Statistik der Sterbefälle","Germany",2019,"27.06.",2019-06-27,2680,"e"
"Statistik der Sterbefälle","Germany",2019,"28.06.",2019-06-28,2383,"e"
"Statistik der Sterbefälle","Germany",2019,"29.06.",2019-06-29,2359,"e"
"Statistik der Sterbefälle","Germany",2019,"30.06.",2019-06-30,2501,"e"
"Statistik der Sterbefälle","Germany",2019,"01.07.",2019-07-01,2616,"e"
"Statistik der Sterbefälle","Germany",2019,"02.07.",2019-07-02,2325,"e"
"Statistik der Sterbefälle","Germany",2019,"03.07.",2019-07-03,2305,"e"
"Statistik der Sterbefälle","Germany",2019,"04.07.",2019-07-04,2347,"e"
"Statistik der Sterbefälle","Germany",2019,"05.07.",2019-07-05,2438,"e"
"Statistik der Sterbefälle","Germany",2019,"06.07.",2019-07-06,2338,"e"
"Statistik der Sterbefälle","Germany",2019,"07.07.",2019-07-07,2183,"e"
"Statistik der Sterbefälle","Germany",2019,"08.07.",2019-07-08,2183,"e"
"Statistik der Sterbefälle","Germany",2019,"09.07.",2019-07-09,2284,"e"
"Statistik der Sterbefälle","Germany",2019,"10.07.",2019-07-10,2325,"e"
"Statistik der Sterbefälle","Germany",2019,"11.07.",2019-07-11,2423,"e"
"Statistik der Sterbefälle","Germany",2019,"12.07.",2019-07-12,2471,"e"
"Statistik der Sterbefälle","Germany",2019,"13.07.",2019-07-13,2355,"e"
"Statistik der Sterbefälle","Germany",2019,"14.07.",2019-07-14,2278,"e"
"Statistik der Sterbefälle","Germany",2019,"15.07.",2019-07-15,2306,"e"
"Statistik der Sterbefälle","Germany",2019,"16.07.",2019-07-16,2352,"e"
"Statistik der Sterbefälle","Germany",2019,"17.07.",2019-07-17,2340,"e"
"Statistik der Sterbefälle","Germany",2019,"18.07.",2019-07-18,2395,"e"
"Statistik der Sterbefälle","Germany",2019,"19.07.",2019-07-19,2573,"e"
"Statistik der Sterbefälle","Germany",2019,"20.07.",2019-07-20,2541,"e"
"Statistik der Sterbefälle","Germany",2019,"21.07.",2019-07-21,2349,"e"
"Statistik der Sterbefälle","Germany",2019,"22.07.",2019-07-22,2444,"e"
"Statistik der Sterbefälle","Germany",2019,"23.07.",2019-07-23,2447,"e"
"Statistik der Sterbefälle","Germany",2019,"24.07.",2019-07-24,2739,"e"
"Statistik der Sterbefälle","Germany",2019,"25.07.",2019-07-25,3006,"e"
"Statistik der Sterbefälle","Germany",2019,"26.07.",2019-07-26,3293,"e"
"Statistik der Sterbefälle","Germany",2019,"27.07.",2019-07-27,3056,"e"
"Statistik der Sterbefälle","Germany",2019,"28.07.",2019-07-28,2645,"e"
"Statistik der Sterbefälle","Germany",2019,"29.07.",2019-07-29,2579,"e"
"Statistik der Sterbefälle","Germany",2019,"30.07.",2019-07-30,2603,"e"
"Statistik der Sterbefälle","Germany",2019,"31.07.",2019-07-31,2387,"e"
"Statistik der Sterbefälle","Germany",2019,"01.08.",2019-08-01,2378,"e"
"Statistik der Sterbefälle","Germany",2019,"02.08.",2019-08-02,2483,"e"
"Statistik der Sterbefälle","Germany",2019,"03.08.",2019-08-03,2404,"e"
"Statistik der Sterbefälle","Germany",2019,"04.08.",2019-08-04,2200,"e"
"Statistik der Sterbefälle","Germany",2019,"05.08.",2019-08-05,2354,"e"
"Statistik der Sterbefälle","Germany",2019,"06.08.",2019-08-06,2453,"e"
"Statistik der Sterbefälle","Germany",2019,"07.08.",2019-08-07,2512,"e"
"Statistik der Sterbefälle","Germany",2019,"08.08.",2019-08-08,2258,"e"
"Statistik der Sterbefälle","Germany",2019,"09.08.",2019-08-09,2459,"e"
"Statistik der Sterbefälle","Germany",2019,"10.08.",2019-08-10,2374,"e"
"Statistik der Sterbefälle","Germany",2019,"11.08.",2019-08-11,2130,"e"
"Statistik der Sterbefälle","Germany",2019,"12.08.",2019-08-12,2278,"e"
"Statistik der Sterbefälle","Germany",2019,"13.08.",2019-08-13,2167,"e"
"Statistik der Sterbefälle","Germany",2019,"14.08.",2019-08-14,2208,"e"
"Statistik der Sterbefälle","Germany",2019,"15.08.",2019-08-15,2241,"e"
"Statistik der Sterbefälle","Germany",2019,"16.08.",2019-08-16,2395,"e"
"Statistik der Sterbefälle","Germany",2019,"17.08.",2019-08-17,2288,"e"
"Statistik der Sterbefälle","Germany",2019,"18.08.",2019-08-18,2357,"e"
"Statistik der Sterbefälle","Germany",2019,"19.08.",2019-08-19,2300,"e"
"Statistik der Sterbefälle","Germany",2019,"20.08.",2019-08-20,2291,"e"
"Statistik der Sterbefälle","Germany",2019,"21.08.",2019-08-21,2168,"e"
"Statistik der Sterbefälle","Germany",2019,"22.08.",2019-08-22,2250,"e"
"Statistik der Sterbefälle","Germany",2019,"23.08.",2019-08-23,2324,"e"
"Statistik der Sterbefälle","Germany",2019,"24.08.",2019-08-24,2390,"e"
"Statistik der Sterbefälle","Germany",2019,"25.08.",2019-08-25,2540,"e"
"Statistik der Sterbefälle","Germany",2019,"26.08.",2019-08-26,2589,"e"
"Statistik der Sterbefälle","Germany",2019,"27.08.",2019-08-27,2596,"e"
"Statistik der Sterbefälle","Germany",2019,"28.08.",2019-08-28,2646,"e"
"Statistik der Sterbefälle","Germany",2019,"29.08.",2019-08-29,2557,"e"
"Statistik der Sterbefälle","Germany",2019,"30.08.",2019-08-30,2456,"e"
"Statistik der Sterbefälle","Germany",2019,"31.08.",2019-08-31,2398,"e"
"Statistik der Sterbefälle","Germany",2019,"01.09.",2019-09-01,2395,"e"
"Statistik der Sterbefälle","Germany",2019,"02.09.",2019-09-02,2253,"e"
"Statistik der Sterbefälle","Germany",2019,"03.09.",2019-09-03,2244,"e"
"Statistik der Sterbefälle","Germany",2019,"04.09.",2019-09-04,2401,"e"
"Statistik der Sterbefälle","Germany",2019,"05.09.",2019-09-05,2356,"e"
"Statistik der Sterbefälle","Germany",2019,"06.09.",2019-09-06,2244,"e"
"Statistik der Sterbefälle","Germany",2019,"07.09.",2019-09-07,2227,"e"
"Statistik der Sterbefälle","Germany",2019,"08.09.",2019-09-08,2263,"e"
"Statistik der Sterbefälle","Germany",2019,"09.09.",2019-09-09,2384,"e"
"Statistik der Sterbefälle","Germany",2019,"10.09.",2019-09-10,2266,"e"
"Statistik der Sterbefälle","Germany",2019,"11.09.",2019-09-11,2299,"e"
"Statistik der Sterbefälle","Germany",2019,"12.09.",2019-09-12,2345,"e"
"Statistik der Sterbefälle","Germany",2019,"13.09.",2019-09-13,2405,"e"
"Statistik der Sterbefälle","Germany",2019,"14.09.",2019-09-14,2349,"e"
"Statistik der Sterbefälle","Germany",2019,"15.09.",2019-09-15,2255,"e"
"Statistik der Sterbefälle","Germany",2019,"16.09.",2019-09-16,2363,"e"
"Statistik der Sterbefälle","Germany",2019,"17.09.",2019-09-17,2392,"e"
"Statistik der Sterbefälle","Germany",2019,"18.09.",2019-09-18,2359,"e"
"Statistik der Sterbefälle","Germany",2019,"19.09.",2019-09-19,2336,"e"
"Statistik der Sterbefälle","Germany",2019,"20.09.",2019-09-20,2336,"e"
"Statistik der Sterbefälle","Germany",2019,"21.09.",2019-09-21,2384,"e"
"Statistik der Sterbefälle","Germany",2019,"22.09.",2019-09-22,2330,"e"
"Statistik der Sterbefälle","Germany",2019,"23.09.",2019-09-23,2558,"e"
"Statistik der Sterbefälle","Germany",2019,"24.09.",2019-09-24,2497,"e"
"Statistik der Sterbefälle","Germany",2019,"25.09.",2019-09-25,2610,"e"
"Statistik der Sterbefälle","Germany",2019,"26.09.",2019-09-26,2497,"e"
"Statistik der Sterbefälle","Germany",2019,"27.09.",2019-09-27,2527,"e"
"Statistik der Sterbefälle","Germany",2019,"28.09.",2019-09-28,2313,"e"
"Statistik der Sterbefälle","Germany",2019,"29.09.",2019-09-29,2400,"e"
"Statistik der Sterbefälle","Germany",2019,"30.09.",2019-09-30,2434,"e"
"Statistik der Sterbefälle","Germany",2019,"01.10.",2019-10-01,2517,"e"
"Statistik der Sterbefälle","Germany",2019,"02.10.",2019-10-02,2468,"e"
"Statistik der Sterbefälle","Germany",2019,"03.10.",2019-10-03,2341,"e"
"Statistik der Sterbefälle","Germany",2019,"04.10.",2019-10-04,2515,"e"
"Statistik der Sterbefälle","Germany",2019,"05.10.",2019-10-05,2382,"e"
"Statistik der Sterbefälle","Germany",2019,"06.10.",2019-10-06,2242,"e"
"Statistik der Sterbefälle","Germany",2019,"07.10.",2019-10-07,2397,"e"
"Statistik der Sterbefälle","Germany",2019,"08.10.",2019-10-08,2546,"e"
"Statistik der Sterbefälle","Germany",2019,"09.10.",2019-10-09,2598,"e"
"Statistik der Sterbefälle","Germany",2019,"10.10.",2019-10-10,2516,"e"
"Statistik der Sterbefälle","Germany",2019,"11.10.",2019-10-11,2477,"e"
"Statistik der Sterbefälle","Germany",2019,"12.10.",2019-10-12,2559,"e"
"Statistik der Sterbefälle","Germany",2019,"13.10.",2019-10-13,2573,"e"
"Statistik der Sterbefälle","Germany",2019,"14.10.",2019-10-14,2663,"e"
"Statistik der Sterbefälle","Germany",2019,"15.10.",2019-10-15,2655,"e"
"Statistik der Sterbefälle","Germany",2019,"16.10.",2019-10-16,2577,"e"
"Statistik der Sterbefälle","Germany",2019,"17.10.",2019-10-17,2370,"e"
"Statistik der Sterbefälle","Germany",2019,"18.10.",2019-10-18,2556,"e"
"Statistik der Sterbefälle","Germany",2019,"19.10.",2019-10-19,2547,"e"
"Statistik der Sterbefälle","Germany",2019,"20.10.",2019-10-20,2345,"e"
"Statistik der Sterbefälle","Germany",2019,"21.10.",2019-10-21,2527,"e"
"Statistik der Sterbefälle","Germany",2019,"22.10.",2019-10-22,2461,"e"
"Statistik der Sterbefälle","Germany",2019,"23.10.",2019-10-23,2454,"e"
"Statistik der Sterbefälle","Germany",2019,"24.10.",2019-10-24,2547,"e"
"Statistik der Sterbefälle","Germany",2019,"25.10.",2019-10-25,2562,"e"
"Statistik der Sterbefälle","Germany",2019,"26.10.",2019-10-26,2404,"e"
"Statistik der Sterbefälle","Germany",2019,"27.10.",2019-10-27,2372,"e"
"Statistik der Sterbefälle","Germany",2019,"28.10.",2019-10-28,2427,"e"
"Statistik der Sterbefälle","Germany",2019,"29.10.",2019-10-29,2384,"e"
"Statistik der Sterbefälle","Germany",2019,"30.10.",2019-10-30,2470,"e"
"Statistik der Sterbefälle","Germany",2019,"31.10.",2019-10-31,2554,"e"
"Statistik der Sterbefälle","Germany",2019,"01.11.",2019-11-01,2508,"e"
"Statistik der Sterbefälle","Germany",2019,"02.11.",2019-11-02,2607,"e"
"Statistik der Sterbefälle","Germany",2019,"03.11.",2019-11-03,2538,"e"
"Statistik der Sterbefälle","Germany",2019,"04.11.",2019-11-04,2668,"e"
"Statistik der Sterbefälle","Germany",2019,"05.11.",2019-11-05,2597,"e"
"Statistik der Sterbefälle","Germany",2019,"06.11.",2019-11-06,2598,"e"
"Statistik der Sterbefälle","Germany",2019,"07.11.",2019-11-07,2547,"e"
"Statistik der Sterbefälle","Germany",2019,"08.11.",2019-11-08,2561,"e"
"Statistik der Sterbefälle","Germany",2019,"09.11.",2019-11-09,2507,"e"
"Statistik der Sterbefälle","Germany",2019,"10.11.",2019-11-10,2381,"e"
"Statistik der Sterbefälle","Germany",2019,"11.11.",2019-11-11,2674,"e"
"Statistik der Sterbefälle","Germany",2019,"12.11.",2019-11-12,2616,"e"
"Statistik der Sterbefälle","Germany",2019,"13.11.",2019-11-13,2616,"e"
"Statistik der Sterbefälle","Germany",2019,"14.11.",2019-11-14,2585,"e"
"Statistik der Sterbefälle","Germany",2019,"15.11.",2019-11-15,2629,"e"
"Statistik der Sterbefälle","Germany",2019,"16.11.",2019-11-16,2556,"e"
"Statistik der Sterbefälle","Germany",2019,"17.11.",2019-11-17,2566,"e"
"Statistik der Sterbefälle","Germany",2019,"18.11.",2019-11-18,2620,"e"
"Statistik der Sterbefälle","Germany",2019,"19.11.",2019-11-19,2636,"e"
"Statistik der Sterbefälle","Germany",2019,"20.11.",2019-11-20,2654,"e"
"Statistik der Sterbefälle","Germany",2019,"21.11.",2019-11-21,2688,"e"
"Statistik der Sterbefälle","Germany",2019,"22.11.",2019-11-22,2694,"e"
"Statistik der Sterbefälle","Germany",2019,"23.11.",2019-11-23,2663,"e"
"Statistik der Sterbefälle","Germany",2019,"24.11.",2019-11-24,2580,"e"
"Statistik der Sterbefälle","Germany",2019,"25.11.",2019-11-25,2707,"e"
"Statistik der Sterbefälle","Germany",2019,"26.11.",2019-11-26,2711,"e"
"Statistik der Sterbefälle","Germany",2019,"27.11.",2019-11-27,2727,"e"
"Statistik der Sterbefälle","Germany",2019,"28.11.",2019-11-28,2676,"e"
"Statistik der Sterbefälle","Germany",2019,"29.11.",2019-11-29,2739,"e"
"Statistik der Sterbefälle","Germany",2019,"30.11.",2019-11-30,2529,"e"
"Statistik der Sterbefälle","Germany",2019,"01.12.",2019-12-01,2492,"e"
"Statistik der Sterbefälle","Germany",2019,"02.12.",2019-12-02,2734,"e"
"Statistik der Sterbefälle","Germany",2019,"03.12.",2019-12-03,2692,"e"
"Statistik der Sterbefälle","Germany",2019,"04.12.",2019-12-04,2694,"e"
"Statistik der Sterbefälle","Germany",2019,"05.12.",2019-12-05,2708,"e"
"Statistik der Sterbefälle","Germany",2019,"06.12.",2019-12-06,2831,"e"
"Statistik der Sterbefälle","Germany",2019,"07.12.",2019-12-07,2699,"e"
"Statistik der Sterbefälle","Germany",2019,"08.12.",2019-12-08,2785,"e"
"Statistik der Sterbefälle","Germany",2019,"09.12.",2019-12-09,2768,"e"
"Statistik der Sterbefälle","Germany",2019,"10.12.",2019-12-10,2617,"e"
"Statistik der Sterbefälle","Germany",2019,"11.12.",2019-12-11,2704,"e"
"Statistik der Sterbefälle","Germany",2019,"12.12.",2019-12-12,2812,"e"
"Statistik der Sterbefälle","Germany",2019,"13.12.",2019-12-13,2790,"e"
"Statistik der Sterbefälle","Germany",2019,"14.12.",2019-12-14,2772,"e"
"Statistik der Sterbefälle","Germany",2019,"15.12.",2019-12-15,2638,"e"
"Statistik der Sterbefälle","Germany",2019,"16.12.",2019-12-16,2568,"e"
"Statistik der Sterbefälle","Germany",2019,"17.12.",2019-12-17,2848,"e"
"Statistik der Sterbefälle","Germany",2019,"18.12.",2019-12-18,2722,"e"
"Statistik der Sterbefälle","Germany",2019,"19.12.",2019-12-19,2776,"e"
"Statistik der Sterbefälle","Germany",2019,"20.12.",2019-12-20,2801,"e"
"Statistik der Sterbefälle","Germany",2019,"21.12.",2019-12-21,2723,"e"
"Statistik der Sterbefälle","Germany",2019,"22.12.",2019-12-22,2624,"e"
"Statistik der Sterbefälle","Germany",2019,"23.12.",2019-12-23,2780,"e"
"Statistik der Sterbefälle","Germany",2019,"24.12.",2019-12-24,2605,"e"
"Statistik der Sterbefälle","Germany",2019,"25.12.",2019-12-25,2585,"e"
"Statistik der Sterbefälle","Germany",2019,"26.12.",2019-12-26,2556,"e"
"Statistik der Sterbefälle","Germany",2019,"27.12.",2019-12-27,2653,"e"
"Statistik der Sterbefälle","Germany",2019,"28.12.",2019-12-28,2502,"e"
"Statistik der Sterbefälle","Germany",2019,"29.12.",2019-12-29,2523,"e"
"Statistik der Sterbefälle","Germany",2019,"30.12.",2019-12-30,2620,"e"
"Statistik der Sterbefälle","Germany",2019,"31.12.",2019-12-31,2707,"e"
"Statistik der Sterbefälle","Germany",2020,"01.01.",2020-01-01,2685,"e"
"Statistik der Sterbefälle","Germany",2020,"02.01.",2020-01-02,2809,"e"
"Statistik der Sterbefälle","Germany",2020,"03.01.",2020-01-03,2761,"e"
"Statistik der Sterbefälle","Germany",2020,"04.01.",2020-01-04,2765,"e"
"Statistik der Sterbefälle","Germany",2020,"05.01.",2020-01-05,2536,"e"
"Statistik der Sterbefälle","Germany",2020,"06.01.",2020-01-06,2685,"e"
"Statistik der Sterbefälle","Germany",2020,"07.01.",2020-01-07,2802,"e"
"Statistik der Sterbefälle","Germany",2020,"08.01.",2020-01-08,2832,"e"
"Statistik der Sterbefälle","Germany",2020,"09.01.",2020-01-09,2911,"e"
"Statistik der Sterbefälle","Germany",2020,"10.01.",2020-01-10,2886,"e"
"Statistik der Sterbefälle","Germany",2020,"11.01.",2020-01-11,2679,"e"
"Statistik der Sterbefälle","Germany",2020,"12.01.",2020-01-12,2613,"e"
"Statistik der Sterbefälle","Germany",2020,"13.01.",2020-01-13,2753,"e"
"Statistik der Sterbefälle","Germany",2020,"14.01.",2020-01-14,2826,"e"
"Statistik der Sterbefälle","Germany",2020,"15.01.",2020-01-15,2673,"e"
"Statistik der Sterbefälle","Germany",2020,"16.01.",2020-01-16,2832,"e"
"Statistik der Sterbefälle","Germany",2020,"17.01.",2020-01-17,2654,"e"
"Statistik der Sterbefälle","Germany",2020,"18.01.",2020-01-18,2656,"e"
"Statistik der Sterbefälle","Germany",2020,"19.01.",2020-01-19,2559,"e"
"Statistik der Sterbefälle","Germany",2020,"20.01.",2020-01-20,2603,"e"
"Statistik der Sterbefälle","Germany",2020,"21.01.",2020-01-21,2688,"e"
"Statistik der Sterbefälle","Germany",2020,"22.01.",2020-01-22,2684,"e"
"Statistik der Sterbefälle","Germany",2020,"23.01.",2020-01-23,2723,"e"
"Statistik der Sterbefälle","Germany",2020,"24.01.",2020-01-24,2836,"e"
"Statistik der Sterbefälle","Germany",2020,"25.01.",2020-01-25,2654,"e"
"Statistik der Sterbefälle","Germany",2020,"26.01.",2020-01-26,2639,"e"
"Statistik der Sterbefälle","Germany",2020,"27.01.",2020-01-27,2810,"e"
"Statistik der Sterbefälle","Germany",2020,"28.01.",2020-01-28,2898,"e"
"Statistik der Sterbefälle","Germany",2020,"29.01.",2020-01-29,2844,"e"
"Statistik der Sterbefälle","Germany",2020,"30.01.",2020-01-30,2769,"e"
"Statistik der Sterbefälle","Germany",2020,"31.01.",2020-01-31,2915,"e"
"Statistik der Sterbefälle","Germany",2020,"01.02.",2020-02-01,2802,"e"
"Statistik der Sterbefälle","Germany",2020,"02.02.",2020-02-02,2736,"e"
"Statistik der Sterbefälle","Germany",2020,"03.02.",2020-02-03,2739,"e"
"Statistik der Sterbefälle","Germany",2020,"04.02.",2020-02-04,2895,"e"
"Statistik der Sterbefälle","Germany",2020,"05.02.",2020-02-05,2695,"e"
"Statistik der Sterbefälle","Germany",2020,"06.02.",2020-02-06,2597,"e"
"Statistik der Sterbefälle","Germany",2020,"07.02.",2020-02-07,2753,"e"
"Statistik der Sterbefälle","Germany",2020,"08.02.",2020-02-08,2721,"e"
"Statistik der Sterbefälle","Germany",2020,"09.02.",2020-02-09,2638,"e"
"Statistik der Sterbefälle","Germany",2020,"10.02.",2020-02-10,2857,"e"
"Statistik der Sterbefälle","Germany",2020,"11.02.",2020-02-11,2836,"e"
"Statistik der Sterbefälle","Germany",2020,"12.02.",2020-02-12,2790,"e"
"Statistik der Sterbefälle","Germany",2020,"13.02.",2020-02-13,2802,"e"
"Statistik der Sterbefälle","Germany",2020,"14.02.",2020-02-14,2793,"e"
"Statistik der Sterbefälle","Germany",2020,"15.02.",2020-02-15,2809,"e"
"Statistik der Sterbefälle","Germany",2020,"16.02.",2020-02-16,2761,"e"
"Statistik der Sterbefälle","Germany",2020,"17.02.",2020-02-17,2817,"e"
"Statistik der Sterbefälle","Germany",2020,"18.02.",2020-02-18,2662,"e"
"Statistik der Sterbefälle","Germany",2020,"19.02.",2020-02-19,2738,"e"
"Statistik der Sterbefälle","Germany",2020,"20.02.",2020-02-20,2728,"e"
"Statistik der Sterbefälle","Germany",2020,"21.02.",2020-02-21,2676,"e"
"Statistik der Sterbefälle","Germany",2020,"22.02.",2020-02-22,2677,"e"
"Statistik der Sterbefälle","Germany",2020,"23.02.",2020-02-23,2655,"e"
"Statistik der Sterbefälle","Germany",2020,"24.02.",2020-02-24,2775,"e"
"Statistik der Sterbefälle","Germany",2020,"25.02.",2020-02-25,2805,"e"
"Statistik der Sterbefälle","Germany",2020,"26.02.",2020-02-26,2792,"e"
"Statistik der Sterbefälle","Germany",2020,"27.02.",2020-02-27,2741,"e"
"Statistik der Sterbefälle","Germany",2020,"28.02.",2020-02-28,2911,"e"
"Statistik der Sterbefälle","Germany",2020,"29.02.",2020-02-29,2829,"e"
"Statistik der Sterbefälle","Germany",2020,"01.03.",2020-03-01,2652,"e"
"Statistik der Sterbefälle","Germany",2020,"02.03.",2020-03-02,2854,"e"
"Statistik der Sterbefälle","Germany",2020,"03.03.",2020-03-03,2898,"e"
"Statistik der Sterbefälle","Germany",2020,"04.03.",2020-03-04,2797,"e"
"Statistik der Sterbefälle","Germany",2020,"05.03.",2020-03-05,2786,"e"
"Statistik der Sterbefälle","Germany",2020,"06.03.",2020-03-06,2910,"e"
"Statistik der Sterbefälle","Germany",2020,"07.03.",2020-03-07,2707,"e"
"Statistik der Sterbefälle","Germany",2020,"08.03.",2020-03-08,2715,"e"
"Statistik der Sterbefälle","Germany",2020,"09.03.",2020-03-09,2880,"e"
"Statistik der Sterbefälle","Germany",2020,"10.03.",2020-03-10,2878,"e"
"Statistik der Sterbefälle","Germany",2020,"11.03.",2020-03-11,2885,"e"
"Statistik der Sterbefälle","Germany",2020,"12.03.",2020-03-12,2846,"e"
"Statistik der Sterbefälle","Germany",2020,"13.03.",2020-03-13,2822,"e"
"Statistik der Sterbefälle","Germany",2020,"14.03.",2020-03-14,2795,"e"
"Statistik der Sterbefälle","Germany",2020,"15.03.",2020-03-15,2743,"e"
"Statistik der Sterbefälle","Germany",2020,"16.03.",2020-03-16,2918,"e"
"Statistik der Sterbefälle","Germany",2020,"17.03.",2020-03-17,2860,"e"
"Statistik der Sterbefälle","Germany",2020,"18.03.",2020-03-18,2937,"e"
"Statistik der Sterbefälle","Germany",2020,"19.03.",2020-03-19,2808,"e"
"Statistik der Sterbefälle","Germany",2020,"20.03.",2020-03-20,2866,"e"
"Statistik der Sterbefälle","Germany",2020,"21.03.",2020-03-21,2756,"e"
"Statistik der Sterbefälle","Germany",2020,"22.03.",2020-03-22,2577,"e"
"Statistik der Sterbefälle","Germany",2020,"23.03.",2020-03-23,2678,"e"
"Statistik der Sterbefälle","Germany",2020,"24.03.",2020-03-24,2731,"e"
"Statistik der Sterbefälle","Germany",2020,"25.03.",2020-03-25,2921,"e"
"Statistik der Sterbefälle","Germany",2020,"26.03.",2020-03-26,2832,"e"
"Statistik der Sterbefälle","Germany",2020,"27.03.",2020-03-27,2954,"e"
"Statistik der Sterbefälle","Germany",2020,"28.03.",2020-03-28,2934,"e"
"Statistik der Sterbefälle","Germany",2020,"29.03.",2020-03-29,2628,"e"
"Statistik der Sterbefälle","Germany",2020,"30.03.",2020-03-30,2876,"e"
"Statistik der Sterbefälle","Germany",2020,"31.03.",2020-03-31,2952,"e"
"Statistik der Sterbefälle","Germany",2020,"01.04.",2020-04-01,2975,"e"
"Statistik der Sterbefälle","Germany",2020,"02.04.",2020-04-02,3070,"e"
"Statistik der Sterbefälle","Germany",2020,"03.04.",2020-04-03,2981,"e"
"Statistik der Sterbefälle","Germany",2020,"04.04.",2020-04-04,2946,"e"
"Statistik der Sterbefälle","Germany",2020,"05.04.",2020-04-05,2862,"e"
"Statistik der Sterbefälle","Germany",2020,"06.04.",2020-04-06,3041,"e"
"Statistik der Sterbefälle","Germany",2020,"07.04.",2020-04-07,3048,"e"
"Statistik der Sterbefälle","Germany",2020,"08.04.",2020-04-08,3163,"e"
"Statistik der Sterbefälle","Germany",2020,"09.04.",2020-04-09,2967,"e"
"Statistik der Sterbefälle","Germany",2020,"10.04.",2020-04-10,2747,"e"
"Statistik der Sterbefälle","Germany",2020,"11.04.",2020-04-11,2790,"e"
"Statistik der Sterbefälle","Germany",2020,"12.04.",2020-04-12,2746,"e"
"Statistik der Sterbefälle","Germany",2020,"13.04.",2020-04-13,2678,"e"
"Statistik der Sterbefälle","Germany",2020,"14.04.",2020-04-14,2727,"e"
"Statistik der Sterbefälle","Germany",2020,"15.04.",2020-04-15,2735,"e"
"Statistik der Sterbefälle","Germany",2020,"16.04.",2020-04-16,2820,"e"
"Statistik der Sterbefälle","Germany",2020,"17.04.",2020-04-17,2917,"e"
"Statistik der Sterbefälle","Germany",2020,"18.04.",2020-04-18,2718,"e"
"Statistik der Sterbefälle","Germany",2020,"19.04.",2020-04-19,2666,"e"
"Statistik der Sterbefälle","Germany",2020,"20.04.",2020-04-20,2650,"e"
"Statistik der Sterbefälle","Germany",2020,"21.04.",2020-04-21,2735,"e"
"Statistik der Sterbefälle","Germany",2020,"22.04.",2020-04-22,2699,"e"
"Statistik der Sterbefälle","Germany",2020,"23.04.",2020-04-23,2745,"e"
"Statistik der Sterbefälle","Germany",2020,"24.04.",2020-04-24,2734,"e"
"Statistik der Sterbefälle","Germany",2020,"25.04.",2020-04-25,2542,"e"
"Statistik der Sterbefälle","Germany",2020,"26.04.",2020-04-26,2452,"e"
"Statistik der Sterbefälle","Germany",2020,"27.04.",2020-04-27,2624,"e"
"Statistik der Sterbefälle","Germany",2020,"28.04.",2020-04-28,2577,"e"
"Statistik der Sterbefälle","Germany",2020,"29.04.",2020-04-29,2767,"e"
"Statistik der Sterbefälle","Germany",2020,"30.04.",2020-04-30,2708,"e"
"Statistik der Sterbefälle","Germany",2020,"01.05.",2020-05-01,2496,"e"
"Statistik der Sterbefälle","Germany",2020,"02.05.",2020-05-02,2434,"e"
"Statistik der Sterbefälle","Germany",2020,"03.05.",2020-05-03,2314,"e"
"Statistik der Sterbefälle","Germany",2020,"04.05.",2020-05-04,2511,"e"
"Statistik der Sterbefälle","Germany",2020,"05.05.",2020-05-05,2509,"e"
"Statistik der Sterbefälle","Germany",2020,"06.05.",2020-05-06,2556,"e"
"Statistik der Sterbefälle","Germany",2020,"07.05.",2020-05-07,2534,"e"
"Statistik der Sterbefälle","Germany",2020,"08.05.",2020-05-08,2568,"e"
"Statistik der Sterbefälle","Germany",2020,"09.05.",2020-05-09,2556,"e"
"Statistik der Sterbefälle","Germany",2020,"10.05.",2020-05-10,2417,"e"
"Statistik der Sterbefälle","Germany",2020,"11.05.",2020-05-11,2461,"e"
"Statistik der Sterbefälle","Germany",2020,"12.05.",2020-05-12,2453,"e"
"Statistik der Sterbefälle","Germany",2020,"13.05.",2020-05-13,2515,"e"
"Statistik der Sterbefälle","Germany",2020,"14.05.",2020-05-14,2420,"e"
"Statistik der Sterbefälle","Germany",2020,"15.05.",2020-05-15,2465,"e"
"Statistik der Sterbefälle","Germany",2020,"16.05.",2020-05-16,2333,"e"
"Statistik der Sterbefälle","Germany",2020,"17.05.",2020-05-17,2354,"e"
"Statistik der Sterbefälle","Germany",2020,"18.05.",2020-05-18,2493,"e"
"Statistik der Sterbefälle","Germany",2020,"19.05.",2020-05-19,2527,"e"
"Statistik der Sterbefälle","Germany",2020,"20.05.",2020-05-20,2602,"e"
"Statistik der Sterbefälle","Germany",2020,"21.05.",2020-05-21,2410,"e"
"Statistik der Sterbefälle","Germany",2020,"22.05.",2020-05-22,2473,"e"
"Statistik der Sterbefälle","Germany",2020,"23.05.",2020-05-23,2381,"e"
"Statistik der Sterbefälle","Germany",2020,"24.05.",2020-05-24,2277,"e"
"Statistik der Sterbefälle","Germany",2020,"25.05.",2020-05-25,2428,"e"
"Statistik der Sterbefälle","Germany",2020,"26.05.",2020-05-26,2421,"e"
"Statistik der Sterbefälle","Germany",2020,"27.05.",2020-05-27,2427,"e"
"Statistik der Sterbefälle","Germany",2020,"28.05.",2020-05-28,2478,"e"
"Statistik der Sterbefälle","Germany",2020,"29.05.",2020-05-29,2411,"e"
"Statistik der Sterbefälle","Germany",2020,"30.05.",2020-05-30,2383,"e"
"Statistik der Sterbefälle","Germany",2020,"31.05.",2020-05-31,2228,"e"
"Statistik der Sterbefälle","Germany",2020,"01.06.",2020-06-01,2316,"e"
"Statistik der Sterbefälle","Germany",2020,"02.06.",2020-06-02,2537,"e"
"Statistik der Sterbefälle","Germany",2020,"03.06.",2020-06-03,2591,"e"
"Statistik der Sterbefälle","Germany",2020,"04.06.",2020-06-04,2694,"e"
"Statistik der Sterbefälle","Germany",2020,"05.06.",2020-06-05,2492,"e"
"Statistik der Sterbefälle","Germany",2020,"06.06.",2020-06-06,2372,"e"
"Statistik der Sterbefälle","Germany",2020,"07.06.",2020-06-07,2260,"e"
"Statistik der Sterbefälle","Germany",2020,"08.06.",2020-06-08,2311,"e"
"Statistik der Sterbefälle","Germany",2020,"09.06.",2020-06-09,2321,"e"
"Statistik der Sterbefälle","Germany",2020,"10.06.",2020-06-10,2382,"e"
"Statistik der Sterbefälle","Germany",2020,"11.06.",2020-06-11,2318,"e"
"Statistik der Sterbefälle","Germany",2020,"12.06.",2020-06-12,2521,"e"
"Statistik der Sterbefälle","Germany",2020,"13.06.",2020-06-13,2445,"e"
"Statistik der Sterbefälle","Germany",2020,"14.06.",2020-06-14,2303,"e"
"Statistik der Sterbefälle","Germany",2020,"15.06.",2020-06-15,2311,"e"
"Statistik der Sterbefälle","Germany",2020,"16.06.",2020-06-16,2401,"e"
"Statistik der Sterbefälle","Germany",2020,"17.06.",2020-06-17,2394,"e"
"Statistik der Sterbefälle","Germany",2020,"18.06.",2020-06-18,2384,"e"
"Statistik der Sterbefälle","Germany",2020,"19.06.",2020-06-19,2369,"e"
"Statistik der Sterbefälle","Germany",2020,"20.06.",2020-06-20,2350,"e"
"Statistik der Sterbefälle","Germany",2020,"21.06.",2020-06-21,2192,"e"
"Statistik der Sterbefälle","Germany",2020,"22.06.",2020-06-22,2474,"e"
"Statistik der Sterbefälle","Germany",2020,"23.06.",2020-06-23,2453,"e"
"Statistik der Sterbefälle","Germany",2020,"24.06.",2020-06-24,2379,"e"
"Statistik der Sterbefälle","Germany",2020,"25.06.",2020-06-25,2456,"e"
"Statistik der Sterbefälle","Germany",2020,"26.06.",2020-06-26,2552,"e"
"Statistik der Sterbefälle","Germany",2020,"27.06.",2020-06-27,2599,"e"
"Statistik der Sterbefälle","Germany",2020,"28.06.",2020-06-28,2380,"e"
"Statistik der Sterbefälle","Germany",2020,"29.06.",2020-06-29,2305,"e"
"Statistik der Sterbefälle","Germany",2020,"30.06.",2020-06-30,2297,"e"
"Statistik der Sterbefälle","Germany",2020,"01.07.",2020-07-01,2457,"e"
"Statistik der Sterbefälle","Germany",2020,"02.07.",2020-07-02,2424,"e"
"Statistik der Sterbefälle","Germany",2020,"03.07.",2020-07-03,2356,"e"
"Statistik der Sterbefälle","Germany",2020,"04.07.",2020-07-04,2275,"e"
"Statistik der Sterbefälle","Germany",2020,"05.07.",2020-07-05,2343,"e"
"Statistik der Sterbefälle","Germany",2020,"06.07.",2020-07-06,2399,"e"
"Statistik der Sterbefälle","Germany",2020,"07.07.",2020-07-07,2321,"e"
"Statistik der Sterbefälle","Germany",2020,"08.07.",2020-07-08,2253,"e"
"Statistik der Sterbefälle","Germany",2020,"09.07.",2020-07-09,2391,"e"
"Statistik der Sterbefälle","Germany",2020,"10.07.",2020-07-10,2430,"e"
"Statistik der Sterbefälle","Germany",2020,"11.07.",2020-07-11,2200,"e"
"Statistik der Sterbefälle","Germany",2020,"12.07.",2020-07-12,2148,"e"
"Statistik der Sterbefälle","Germany",2020,"13.07.",2020-07-13,2283,"e"
"Statistik der Sterbefälle","Germany",2020,"14.07.",2020-07-14,2430,"e"
"Statistik der Sterbefälle","Germany",2020,"15.07.",2020-07-15,2426,"e"
"Statistik der Sterbefälle","Germany",2020,"16.07.",2020-07-16,2364,"e"
"Statistik der Sterbefälle","Germany",2020,"17.07.",2020-07-17,2337,"e"
"Statistik der Sterbefälle","Germany",2020,"18.07.",2020-07-18,2329,"e"
"Statistik der Sterbefälle","Germany",2020,"19.07.",2020-07-19,2368,"e"
"Statistik der Sterbefälle","Germany",2020,"20.07.",2020-07-20,2445,"e"
"Statistik der Sterbefälle","Germany",2020,"21.07.",2020-07-21,2315,"e"
"Statistik der Sterbefälle","Germany",2020,"22.07.",2020-07-22,2317,"e"
"Statistik der Sterbefälle","Germany",2020,"23.07.",2020-07-23,2391,"e"
"Statistik der Sterbefälle","Germany",2020,"24.07.",2020-07-24,2526,"e"
"Statistik der Sterbefälle","Germany",2020,"25.07.",2020-07-25,2510,"e"
"Statistik der Sterbefälle","Germany",2020,"26.07.",2020-07-26,2383,"e"
"Statistik der Sterbefälle","Germany",2020,"27.07.",2020-07-27,2433,"e"
"Statistik der Sterbefälle","Germany",2020,"28.07.",2020-07-28,2599,"e"
"Statistik der Sterbefälle","Germany",2020,"29.07.",2020-07-29,2376,"e"
"Statistik der Sterbefälle","Germany",2020,"30.07.",2020-07-30,2361,"e"
"Statistik der Sterbefälle","Germany",2020,"31.07.",2020-07-31,2605,"e"
"Statistik der Sterbefälle","Germany",2020,"01.08.",2020-08-01,2590,"e"
"Statistik der Sterbefälle","Germany",2020,"02.08.",2020-08-02,2469,"e"
"Statistik der Sterbefälle","Germany",2020,"03.08.",2020-08-03,2408,"e"
"Statistik der Sterbefälle","Germany",2020,"04.08.",2020-08-04,2286,"e"
"Statistik der Sterbefälle","Germany",2020,"05.08.",2020-08-05,2389,"e"
"Statistik der Sterbefälle","Germany",2020,"06.08.",2020-08-06,2398,"e"
"Statistik der Sterbefälle","Germany",2020,"07.08.",2020-08-07,2543,"e"
"Statistik der Sterbefälle","Germany",2020,"08.08.",2020-08-08,2670,"e"
"Statistik der Sterbefälle","Germany",2020,"09.08.",2020-08-09,2776,"e"
"Statistik der Sterbefälle","Germany",2020,"10.08.",2020-08-10,2782,"e"
"Statistik der Sterbefälle","Germany",2020,"11.08.",2020-08-11,3043,"e"
"Statistik der Sterbefälle","Germany",2020,"12.08.",2020-08-12,3003,"e"
"Statistik der Sterbefälle","Germany",2020,"13.08.",2020-08-13,2883,"e"
"Statistik der Sterbefälle","Germany",2020,"14.08.",2020-08-14,2867,"e"
"Statistik der Sterbefälle","Germany",2020,"15.08.",2020-08-15,2654,"e"
"Statistik der Sterbefälle","Germany",2020,"16.08.",2020-08-16,2488,"e"
"Statistik der Sterbefälle","Germany",2020,"17.08.",2020-08-17,2494,"e"
"Statistik der Sterbefälle","Germany",2020,"18.08.",2020-08-18,2560,"e"
"Statistik der Sterbefälle","Germany",2020,"19.08.",2020-08-19,2553,"e"
"Statistik der Sterbefälle","Germany",2020,"20.08.",2020-08-20,2508,"e"
"Statistik der Sterbefälle","Germany",2020,"21.08.",2020-08-21,2683,"e"
"Statistik der Sterbefälle","Germany",2020,"22.08.",2020-08-22,2512,"e"
"Statistik der Sterbefälle","Germany",2020,"23.08.",2020-08-23,2249,"e"
"Statistik der Sterbefälle","Germany",2020,"24.08.",2020-08-24,2335,"e"
"Statistik der Sterbefälle","Germany",2020,"25.08.",2020-08-25,2418,"e"
"Statistik der Sterbefälle","Germany",2020,"26.08.",2020-08-26,2394,"e"
"Statistik der Sterbefälle","Germany",2020,"27.08.",2020-08-27,2278,"e"
"Statistik der Sterbefälle","Germany",2020,"28.08.",2020-08-28,2430,"e"
"Statistik der Sterbefälle","Germany",2020,"29.08.",2020-08-29,2485,"e"
"Statistik der Sterbefälle","Germany",2020,"30.08.",2020-08-30,2316,"e"
"Statistik der Sterbefälle","Germany",2020,"31.08.",2020-08-31,2278,"e"
"Statistik der Sterbefälle","Germany",2020,"01.09.",2020-09-01,2451,"e"
"Statistik der Sterbefälle","Germany",2020,"02.09.",2020-09-02,2409,"e"
"Statistik der Sterbefälle","Germany",2020,"03.09.",2020-09-03,2439,"e"
"Statistik der Sterbefälle","Germany",2020,"04.09.",2020-09-04,2477,"e"
"Statistik der Sterbefälle","Germany",2020,"05.09.",2020-09-05,2395,"e"
"Statistik der Sterbefälle","Germany",2020,"06.09.",2020-09-06,2340,"e"
"Statistik der Sterbefälle","Germany",2020,"07.09.",2020-09-07,2433,"e"
"Statistik der Sterbefälle","Germany",2020,"08.09.",2020-09-08,2429,"e"
"Statistik der Sterbefälle","Germany",2020,"09.09.",2020-09-09,2545,"e"
"Statistik der Sterbefälle","Germany",2020,"10.09.",2020-09-10,2502,"e"
"Statistik der Sterbefälle","Germany",2020,"11.09.",2020-09-11,2507,"e"
"Statistik der Sterbefälle","Germany",2020,"12.09.",2020-09-12,2437,"e"
"Statistik der Sterbefälle","Germany",2020,"13.09.",2020-09-13,2302,"e"
"Statistik der Sterbefälle","Germany",2020,"14.09.",2020-09-14,2503,"e"
"Statistik der Sterbefälle","Germany",2020,"15.09.",2020-09-15,2656,"e"
"Statistik der Sterbefälle","Germany",2020,"16.09.",2020-09-16,2575,"e"
"Statistik der Sterbefälle","Germany",2020,"17.09.",2020-09-17,2556,"e"
"Statistik der Sterbefälle","Germany",2020,"18.09.",2020-09-18,2412,"e"
"Statistik der Sterbefälle","Germany",2020,"19.09.",2020-09-19,2472,"e"
"Statistik der Sterbefälle","Germany",2020,"20.09.",2020-09-20,2381,"e"
"Statistik der Sterbefälle","Germany",2020,"21.09.",2020-09-21,2480,"e"
"Statistik der Sterbefälle","Germany",2020,"22.09.",2020-09-22,2495,"e"
"Statistik der Sterbefälle","Germany",2020,"23.09.",2020-09-23,2612,"e"
"Statistik der Sterbefälle","Germany",2020,"24.09.",2020-09-24,2523,"e"
"Statistik der Sterbefälle","Germany",2020,"25.09.",2020-09-25,2577,"e"
"Statistik der Sterbefälle","Germany",2020,"26.09.",2020-09-26,2423,"e"
"Statistik der Sterbefälle","Germany",2020,"27.09.",2020-09-27,2336,"e"
"Statistik der Sterbefälle","Germany",2020,"28.09.",2020-09-28,2481,"e"
"Statistik der Sterbefälle","Germany",2020,"29.09.",2020-09-29,2568,"e"
"Statistik der Sterbefälle","Germany",2020,"30.09.",2020-09-30,2527,"e"
"Statistik der Sterbefälle","Germany",2020,"01.10.",2020-10-01,2607,"e"
"Statistik der Sterbefälle","Germany",2020,"02.10.",2020-10-02,2537,"e"
"Statistik der Sterbefälle","Germany",2020,"03.10.",2020-10-03,2477,"e"
"Statistik der Sterbefälle","Germany",2020,"04.10.",2020-10-04,2417,"e"
"Statistik der Sterbefälle","Germany",2020,"05.10.",2020-10-05,2444,"e"
"Statistik der Sterbefälle","Germany",2020,"06.10.",2020-10-06,2537,"e"
"Statistik der Sterbefälle","Germany",2020,"07.10.",2020-10-07,2530,"e"
"Statistik der Sterbefälle","Germany",2020,"08.10.",2020-10-08,2504,"e"
"Statistik der Sterbefälle","Germany",2020,"09.10.",2020-10-09,2635,"e"
"Statistik der Sterbefälle","Germany",2020,"10.10.",2020-10-10,2548,"e"
"Statistik der Sterbefälle","Germany",2020,"11.10.",2020-10-11,2303,"e"
"Statistik der Sterbefälle","Germany",2020,"12.10.",2020-10-12,2490,"e"
"Statistik der Sterbefälle","Germany",2020,"13.10.",2020-10-13,2500,"e"
"Statistik der Sterbefälle","Germany",2020,"14.10.",2020-10-14,2583,"e"
"Statistik der Sterbefälle","Germany",2020,"15.10.",2020-10-15,2555,"e"
"Statistik der Sterbefälle","Germany",2020,"16.10.",2020-10-16,2591,"e"
"Statistik der Sterbefälle","Germany",2020,"17.10.",2020-10-17,2564,"e"
"Statistik der Sterbefälle","Germany",2020,"18.10.",2020-10-18,2471,"e"
"Statistik der Sterbefälle","Germany",2020,"19.10.",2020-10-19,2613,"e"
"Statistik der Sterbefälle","Germany",2020,"20.10.",2020-10-20,2578,"e"
"Statistik der Sterbefälle","Germany",2020,"21.10.",2020-10-21,2744,"e"
"Statistik der Sterbefälle","Germany",2020,"22.10.",2020-10-22,2720,"e"
"Statistik der Sterbefälle","Germany",2020,"23.10.",2020-10-23,2701,"e"
"Statistik der Sterbefälle","Germany",2020,"24.10.",2020-10-24,2576,"e"
"Statistik der Sterbefälle","Germany",2020,"25.10.",2020-10-25,2656,"e"
"Statistik der Sterbefälle","Germany",2020,"26.10.",2020-10-26,2599,"e"
"Statistik der Sterbefälle","Germany",2020,"27.10.",2020-10-27,2483,"e"
"Statistik der Sterbefälle","Germany",2020,"28.10.",2020-10-28,2631,"e"
"Statistik der Sterbefälle","Germany",2020,"29.10.",2020-10-29,2604,"e"
"Statistik der Sterbefälle","Germany",2020,"30.10.",2020-10-30,2807,"e"
"Statistik der Sterbefälle","Germany",2020,"31.10.",2020-10-31,2776,"e"
"Statistik der Sterbefälle","Germany",2020,"01.11.",2020-11-01,2684,"e"
"Statistik der Sterbefälle","Germany",2020,"02.11.",2020-11-02,2859,"e"
"Statistik der Sterbefälle","Germany",2020,"03.11.",2020-11-03,2740,"e"
"Statistik der Sterbefälle","Germany",2020,"04.11.",2020-11-04,2721,"e"
"Statistik der Sterbefälle","Germany",2020,"05.11.",2020-11-05,2684,"e"
"Statistik der Sterbefälle","Germany",2020,"06.11.",2020-11-06,2696,"e"
"Statistik der Sterbefälle","Germany",2020,"07.11.",2020-11-07,2708,"e"
"Statistik der Sterbefälle","Germany",2020,"08.11.",2020-11-08,2599,"e"
"Statistik der Sterbefälle","Germany",2020,"09.11.",2020-11-09,2775,"e"
"Statistik der Sterbefälle","Germany",2020,"10.11.",2020-11-10,2795,"e"
"Statistik der Sterbefälle","Germany",2020,"11.11.",2020-11-11,2769,"e"
"Statistik der Sterbefälle","Germany",2020,"12.11.",2020-11-12,2846,"e"
"Statistik der Sterbefälle","Germany",2020,"13.11.",2020-11-13,2834,"e"
"Statistik der Sterbefälle","Germany",2020,"14.11.",2020-11-14,2897,"e"
"Statistik der Sterbefälle","Germany",2020,"15.11.",2020-11-15,2811,"e"
"Statistik der Sterbefälle","Germany",2020,"16.11.",2020-11-16,2864,"e"
"Statistik der Sterbefälle","Germany",2020,"17.11.",2020-11-17,2981,"e"
"Statistik der Sterbefälle","Germany",2020,"18.11.",2020-11-18,2833,"e"
"Statistik der Sterbefälle","Germany",2020,"19.11.",2020-11-19,2794,"e"
"Statistik der Sterbefälle","Germany",2020,"20.11.",2020-11-20,2910,"e"
"Statistik der Sterbefälle","Germany",2020,"21.11.",2020-11-21,2863,"e"
"Statistik der Sterbefälle","Germany",2020,"22.11.",2020-11-22,2937,"e"
"Statistik der Sterbefälle","Germany",2020,"23.11.",2020-11-23,3086,"e"
"Statistik der Sterbefälle","Germany",2020,"24.11.",2020-11-24,3077,"e"
"Statistik der Sterbefälle","Germany",2020,"25.11.",2020-11-25,3050,"e"
"Statistik der Sterbefälle","Germany",2020,"26.11.",2020-11-26,3032,"e"
"Statistik der Sterbefälle","Germany",2020,"27.11.",2020-11-27,3051,"e"
"Statistik der Sterbefälle","Germany",2020,"28.11.",2020-11-28,3037,"e"
"Statistik der Sterbefälle","Germany",2020,"29.11.",2020-11-29,2971,"e"
"Statistik der Sterbefälle","Germany",2020,"30.11.",2020-11-30,3085,"e"
"Statistik der Sterbefälle","Germany",2020,"01.12.",2020-12-01,3237,"e"
"Statistik der Sterbefälle","Germany",2020,"02.12.",2020-12-02,3166,"e"
"Statistik der Sterbefälle","Germany",2020,"03.12.",2020-12-03,3292,"e"
"Statistik der Sterbefälle","Germany",2020,"04.12.",2020-12-04,3363,"e"
"Statistik der Sterbefälle","Germany",2020,"05.12.",2020-12-05,3323,"e"
"Statistik der Sterbefälle","Germany",2020,"06.12.",2020-12-06,3138,"e"
"Statistik der Sterbefälle","Germany",2020,"07.12.",2020-12-07,3391,"e"
"Statistik der Sterbefälle","Germany",2020,"08.12.",2020-12-08,3377,"e"
"Statistik der Sterbefälle","Germany",2020,"09.12.",2020-12-09,3392,"e"
"Statistik der Sterbefälle","Germany",2020,"10.12.",2020-12-10,3400,"e"
"Statistik der Sterbefälle","Germany",2020,"11.12.",2020-12-11,3571,"e"
"Statistik der Sterbefälle","Germany",2020,"12.12.",2020-12-12,3429,"e"
"Statistik der Sterbefälle","Germany",2020,"13.12.",2020-12-13,3443,"e"
"Statistik der Sterbefälle","Germany",2020,"14.12.",2020-12-14,3523,"e"
"Statistik der Sterbefälle","Germany",2020,"15.12.",2020-12-15,3498,"e"
"Statistik der Sterbefälle","Germany",2020,"16.12.",2020-12-16,3565,"e"
"Statistik der Sterbefälle","Germany",2020,"17.12.",2020-12-17,3602,"e"
"Statistik der Sterbefälle","Germany",2020,"18.12.",2020-12-18,3594,"e"
"Statistik der Sterbefälle","Germany",2020,"19.12.",2020-12-19,3520,"e"
"Statistik der Sterbefälle","Germany",2020,"20.12.",2020-12-20,3422,"e"
"Statistik der Sterbefälle","Germany",2020,"21.12.",2020-12-21,3681,"e"
"Statistik der Sterbefälle","Germany",2020,"22.12.",2020-12-22,3769,"e"
"Statistik der Sterbefälle","Germany",2020,"23.12.",2020-12-23,3830,"e"
"Statistik der Sterbefälle","Germany",2020,"24.12.",2020-12-24,3588,"e"
"Statistik der Sterbefälle","Germany",2020,"25.12.",2020-12-25,3559,"e"
"Statistik der Sterbefälle","Germany",2020,"26.12.",2020-12-26,3488,"e"
"Statistik der Sterbefälle","Germany",2020,"27.12.",2020-12-27,3639,"e"
"Statistik der Sterbefälle","Germany",2020,"28.12.",2020-12-28,3879,"e"
"Statistik der Sterbefälle","Germany",2020,"29.12.",2020-12-29,3747,"e"
"Statistik der Sterbefälle","Germany",2020,"30.12.",2020-12-30,3791,"e"
"Statistik der Sterbefälle","Germany",2020,"31.12.",2020-12-31,3575,"e"
"Statistik der Sterbefälle","Germany",2021,"01.01.",2021-01-01,3559,"e"
"Statistik der Sterbefälle","Germany",2021,"02.01.",2021-01-02,3546,"e"
"Statistik der Sterbefälle","Germany",2021,"03.01.",2021-01-03,3444,"e"
"Statistik der Sterbefälle","Germany",2021,"04.01.",2021-01-04,3735,"e"
"Statistik der Sterbefälle","Germany",2021,"05.01.",2021-01-05,3569,"e"
"Statistik der Sterbefälle","Germany",2021,"06.01.",2021-01-06,3654,"e"
"Statistik der Sterbefälle","Germany",2021,"07.01.",2021-01-07,3584,"e"
"Statistik der Sterbefälle","Germany",2021,"08.01.",2021-01-08,3566,"e"
"Statistik der Sterbefälle","Germany",2021,"09.01.",2021-01-09,3468,"e"
"Statistik der Sterbefälle","Germany",2021,"10.01.",2021-01-10,3343,"e"
"Statistik der Sterbefälle","Germany",2021,"11.01.",2021-01-11,3561,"e"
"Statistik der Sterbefälle","Germany",2021,"12.01.",2021-01-12,3608,"e"
"Statistik der Sterbefälle","Germany",2021,"13.01.",2021-01-13,3530,"e"
"Statistik der Sterbefälle","Germany",2021,"14.01.",2021-01-14,3589,"e"
"Statistik der Sterbefälle","Germany",2021,"15.01.",2021-01-15,3606,"e"
"Statistik der Sterbefälle","Germany",2021,"16.01.",2021-01-16,3378,"e"
"Statistik der Sterbefälle","Germany",2021,"17.01.",2021-01-17,3260,"e"
"Statistik der Sterbefälle","Germany",2021,"18.01.",2021-01-18,3489,"e"
"Statistik der Sterbefälle","Germany",2021,"19.01.",2021-01-19,3528,"e"
"Statistik der Sterbefälle","Germany",2021,"20.01.",2021-01-20,3500,"e"
"Statistik der Sterbefälle","Germany",2021,"21.01.",2021-01-21,3547,"e"
"Statistik der Sterbefälle","Germany",2021,"22.01.",2021-01-22,3578,"e"
"Statistik der Sterbefälle","Germany",2021,"23.01.",2021-01-23,3319,"e"
"Statistik der Sterbefälle","Germany",2021,"24.01.",2021-01-24,3168,"e"
"Statistik der Sterbefälle","Germany",2021,"25.01.",2021-01-25,3354,"e"
"Statistik der Sterbefälle","Germany",2021,"26.01.",2021-01-26,3312,"e"
"Statistik der Sterbefälle","Germany",2021,"27.01.",2021-01-27,3314,"e"
"Statistik der Sterbefälle","Germany",2021,"28.01.",2021-01-28,3292,"e"
"Statistik der Sterbefälle","Germany",2021,"29.01.",2021-01-29,3326,"e"
"Statistik der Sterbefälle","Germany",2021,"30.01.",2021-01-30,3091,"e"
"Statistik der Sterbefälle","Germany",2021,"31.01.",2021-01-31,2985,"e"
"Statistik der Sterbefälle","Germany",2021,"01.02.",2021-02-01,3203,"e"
"Statistik der Sterbefälle","Germany",2021,"02.02.",2021-02-02,3178,"e"
"Statistik der Sterbefälle","Germany",2021,"03.02.",2021-02-03,3261,"e"
"Statistik der Sterbefälle","Germany",2021,"04.02.",2021-02-04,3086,"e"
"Statistik der Sterbefälle","Germany",2021,"05.02.",2021-02-05,3052,"e"
"Statistik der Sterbefälle","Germany",2021,"06.02.",2021-02-06,3128,"e"
"Statistik der Sterbefälle","Germany",2021,"07.02.",2021-02-07,2865,"e"
"Statistik der Sterbefälle","Germany",2021,"08.02.",2021-02-08,3057,"e"
"Statistik der Sterbefälle","Germany",2021,"09.02.",2021-02-09,3071,"e"
"Statistik der Sterbefälle","Germany",2021,"10.02.",2021-02-10,2988,"e"
"Statistik der Sterbefälle","Germany",2021,"11.02.",2021-02-11,2997,"e"
"Statistik der Sterbefälle","Germany",2021,"12.02.",2021-02-12,3149,"e"
"Statistik der Sterbefälle","Germany",2021,"13.02.",2021-02-13,2953,"e"
"Statistik der Sterbefälle","Germany",2021,"14.02.",2021-02-14,2731,"e"
"Statistik der Sterbefälle","Germany",2021,"15.02.",2021-02-15,2990,"e"
"Statistik der Sterbefälle","Germany",2021,"16.02.",2021-02-16,3138,"e"
"Statistik der Sterbefälle","Germany",2021,"17.02.",2021-02-17,2995,"e"
"Statistik der Sterbefälle","Germany",2021,"18.02.",2021-02-18,2915,"e"
"Statistik der Sterbefälle","Germany",2021,"19.02.",2021-02-19,2911,"e"
"Statistik der Sterbefälle","Germany",2021,"20.02.",2021-02-20,2798,"e"
"Statistik der Sterbefälle","Germany",2021,"21.02.",2021-02-21,2746,"e"
"Statistik der Sterbefälle","Germany",2021,"22.02.",2021-02-22,2799,"e"
"Statistik der Sterbefälle","Germany",2021,"23.02.",2021-02-23,2766,"e"
"Statistik der Sterbefälle","Germany",2021,"24.02.",2021-02-24,2776,"e"
"Statistik der Sterbefälle","Germany",2021,"25.02.",2021-02-25,2788,"e"
"Statistik der Sterbefälle","Germany",2021,"26.02.",2021-02-26,2685,"e"
"Statistik der Sterbefälle","Germany",2021,"27.02.",2021-02-27,2654,"e"
"Statistik der Sterbefälle","Germany",2021,"28.02.",2021-02-28,2511,"e"
"Statistik der Sterbefälle","Germany",2021,"01.03.",2021-03-01,2716,"e"
"Statistik der Sterbefälle","Germany",2021,"02.03.",2021-03-02,2675,"e"
"Statistik der Sterbefälle","Germany",2021,"03.03.",2021-03-03,2663,"e"
"Statistik der Sterbefälle","Germany",2021,"04.03.",2021-03-04,2731,"e"
"Statistik der Sterbefälle","Germany",2021,"05.03.",2021-03-05,2697,"e"
"Statistik der Sterbefälle","Germany",2021,"06.03.",2021-03-06,2484,"e"
"Statistik der Sterbefälle","Germany",2021,"07.03.",2021-03-07,2489,"e"
"Statistik der Sterbefälle","Germany",2021,"08.03.",2021-03-08,2735,"e"
"Statistik der Sterbefälle","Germany",2021,"09.03.",2021-03-09,2739,"e"
"Statistik der Sterbefälle","Germany",2021,"10.03.",2021-03-10,2603,"e"
"Statistik der Sterbefälle","Germany",2021,"11.03.",2021-03-11,2684,"e"
"Statistik der Sterbefälle","Germany",2021,"12.03.",2021-03-12,2656,"e"
"Statistik der Sterbefälle","Germany",2021,"13.03.",2021-03-13,2678,"e"
"Statistik der Sterbefälle","Germany",2021,"14.03.",2021-03-14,2511,"e"
"Statistik der Sterbefälle","Germany",2021,"15.03.",2021-03-15,2756,"e"
"Statistik der Sterbefälle","Germany",2021,"16.03.",2021-03-16,2614,"e"
"Statistik der Sterbefälle","Germany",2021,"17.03.",2021-03-17,2635,"e"
"Statistik der Sterbefälle","Germany",2021,"18.03.",2021-03-18,2656,"e"
"Statistik der Sterbefälle","Germany",2021,"19.03.",2021-03-19,2710,"e"
"Statistik der Sterbefälle","Germany",2021,"20.03.",2021-03-20,2499,"e"
"Statistik der Sterbefälle","Germany",2021,"21.03.",2021-03-21,2504,"e"
"Statistik der Sterbefälle","Germany",2021,"22.03.",2021-03-22,2699,"e"
"Statistik der Sterbefälle","Germany",2021,"23.03.",2021-03-23,2587,"e"
"Statistik der Sterbefälle","Germany",2021,"24.03.",2021-03-24,2744,"e"
"Statistik der Sterbefälle","Germany",2021,"25.03.",2021-03-25,2764,"e"
"Statistik der Sterbefälle","Germany",2021,"26.03.",2021-03-26,2780,"e"
"Statistik der Sterbefälle","Germany",2021,"27.03.",2021-03-27,2531,"e"
"Statistik der Sterbefälle","Germany",2021,"28.03.",2021-03-28,2332,"e"
"Statistik der Sterbefälle","Germany",2021,"29.03.",2021-03-29,2605,"e"
"Statistik der Sterbefälle","Germany",2021,"30.03.",2021-03-30,2720,"e"
"Statistik der Sterbefälle","Germany",2021,"31.03.",2021-03-31,2704,"e"
"Statistik der Sterbefälle","Germany",2021,"01.04.",2021-04-01,2800,"e"
"Statistik der Sterbefälle","Germany",2021,"02.04.",2021-04-02,2605,"e"
"Statistik der Sterbefälle","Germany",2021,"03.04.",2021-04-03,2510,"e"
"Statistik der Sterbefälle","Germany",2021,"04.04.",2021-04-04,2576,"e"
"Statistik der Sterbefälle","Germany",2021,"05.04.",2021-04-05,2658,"e"
"Statistik der Sterbefälle","Germany",2021,"06.04.",2021-04-06,2720,"e"
"Statistik der Sterbefälle","Germany",2021,"07.04.",2021-04-07,2710,"e"
"Statistik der Sterbefälle","Germany",2021,"08.04.",2021-04-08,2686,"e"
"Statistik der Sterbefälle","Germany",2021,"09.04.",2021-04-09,2789,"e"
"Statistik der Sterbefälle","Germany",2021,"10.04.",2021-04-10,2713,"e"
"Statistik der Sterbefälle","Germany",2021,"11.04.",2021-04-11,2597,"e"
"Statistik der Sterbefälle","Germany",2021,"12.04.",2021-04-12,2793,"e"
"Statistik der Sterbefälle","Germany",2021,"13.04.",2021-04-13,2759,"e"
"Statistik der Sterbefälle","Germany",2021,"14.04.",2021-04-14,2694,"e"
"Statistik der Sterbefälle","Germany",2021,"15.04.",2021-04-15,2767,"e"
"Statistik der Sterbefälle","Germany",2021,"16.04.",2021-04-16,2793,"e"
"Statistik der Sterbefälle","Germany",2021,"17.04.",2021-04-17,2690,"e"
"Statistik der Sterbefälle","Germany",2021,"18.04.",2021-04-18,2602,"e"
"Statistik der Sterbefälle","Germany",2021,"19.04.",2021-04-19,2879,"e"
"Statistik der Sterbefälle","Germany",2021,"20.04.",2021-04-20,2809,"e"
"Statistik der Sterbefälle","Germany",2021,"21.04.",2021-04-21,2806,"e"
"Statistik der Sterbefälle","Germany",2021,"22.04.",2021-04-22,2699,"e"
"Statistik der Sterbefälle","Germany",2021,"23.04.",2021-04-23,2821,"e"
"Statistik der Sterbefälle","Germany",2021,"24.04.",2021-04-24,2723,"e"
"Statistik der Sterbefälle","Germany",2021,"25.04.",2021-04-25,2545,"e"
"Statistik der Sterbefälle","Germany",2021,"26.04.",2021-04-26,2735,"e"
"Statistik der Sterbefälle","Germany",2021,"27.04.",2021-04-27,2880,"e"
"Statistik der Sterbefälle","Germany",2021,"28.04.",2021-04-28,2828,"e"
"Statistik der Sterbefälle","Germany",2021,"29.04.",2021-04-29,2832,"e"
"Statistik der Sterbefälle","Germany",2021,"30.04.",2021-04-30,2858,"e"
"Statistik der Sterbefälle","Germany",2021,"01.05.",2021-05-01,2808,"e"
"Statistik der Sterbefälle","Germany",2021,"02.05.",2021-05-02,2614,"e"
"Statistik der Sterbefälle","Germany",2021,"03.05.",2021-05-03,2738,"e"
"Statistik der Sterbefälle","Germany",2021,"04.05.",2021-05-04,2760,"e"
"Statistik der Sterbefälle","Germany",2021,"05.05.",2021-05-05,2890,"e"
"Statistik der Sterbefälle","Germany",2021,"06.05.",2021-05-06,2709,"e"
"Statistik der Sterbefälle","Germany",2021,"07.05.",2021-05-07,2759,"e"
"Statistik der Sterbefälle","Germany",2021,"08.05.",2021-05-08,2658,"e"
"Statistik der Sterbefälle","Germany",2021,"09.05.",2021-05-09,2815,"e"
"Statistik der Sterbefälle","Germany",2021,"10.05.",2021-05-10,2911,"e"
"Statistik der Sterbefälle","Germany",2021,"11.05.",2021-05-11,2955,"e"
"Statistik der Sterbefälle","Germany",2021,"12.05.",2021-05-12,2608,"e"
"Statistik der Sterbefälle","Germany",2021,"13.05.",2021-05-13,2497,"e"
"Statistik der Sterbefälle","Germany",2021,"14.05.",2021-05-14,2674,"e"
"Statistik der Sterbefälle","Germany",2021,"15.05.",2021-05-15,2524,"e"
"Statistik der Sterbefälle","Germany",2021,"16.05.",2021-05-16,2410,"e"
"Statistik der Sterbefälle","Germany",2021,"17.05.",2021-05-17,2604,"e"
"Statistik der Sterbefälle","Germany",2021,"18.05.",2021-05-18,2505,"e"
"Statistik der Sterbefälle","Germany",2021,"19.05.",2021-05-19,2548,"e"
"Statistik der Sterbefälle","Germany",2021,"20.05.",2021-05-20,2560,"e"
"Statistik der Sterbefälle","Germany",2021,"21.05.",2021-05-21,2648,"e"
"Statistik der Sterbefälle","Germany",2021,"22.05.",2021-05-22,2547,"e"
"Statistik der Sterbefälle","Germany",2021,"23.05.",2021-05-23,2399,"e"
"Statistik der Sterbefälle","Germany",2021,"24.05.",2021-05-24,2400,"e"
"Statistik der Sterbefälle","Germany",2021,"25.05.",2021-05-25,2550,"e"
"Statistik der Sterbefälle","Germany",2021,"26.05.",2021-05-26,2477,"e"
"Statistik der Sterbefälle","Germany",2021,"27.05.",2021-05-27,2541,"e"
"Statistik der Sterbefälle","Germany",2021,"28.05.",2021-05-28,2457,"e"
"Statistik der Sterbefälle","Germany",2021,"29.05.",2021-05-29,2409,"e"
"Statistik der Sterbefälle","Germany",2021,"30.05.",2021-05-30,2359,"e"
"Statistik der Sterbefälle","Germany",2021,"31.05.",2021-05-31,2542,"e"
"Statistik der Sterbefälle","Germany",2021,"01.06.",2021-06-01,2571,"e"
"Statistik der Sterbefälle","Germany",2021,"02.06.",2021-06-02,2634,"e"
"Statistik der Sterbefälle","Germany",2021,"03.06.",2021-06-03,2651,"e"
"Statistik der Sterbefälle","Germany",2021,"04.06.",2021-06-04,2806,"e"
"Statistik der Sterbefälle","Germany",2021,"05.06.",2021-06-05,2659,"e"
"Statistik der Sterbefälle","Germany",2021,"06.06.",2021-06-06,2328,"e"
"Statistik der Sterbefälle","Germany",2021,"07.06.",2021-06-07,2535,"e"
"Statistik der Sterbefälle","Germany",2021,"08.06.",2021-06-08,2473,"e"
"Statistik der Sterbefälle","Germany",2021,"09.06.",2021-06-09,2578,"e"
"Statistik der Sterbefälle","Germany",2021,"10.06.",2021-06-10,2532,"e"
"Statistik der Sterbefälle","Germany",2021,"11.06.",2021-06-11,2564,"e"
"Statistik der Sterbefälle","Germany",2021,"12.06.",2021-06-12,2541,"e"
"Statistik der Sterbefälle","Germany",2021,"13.06.",2021-06-13,2219,"e"
"Statistik der Sterbefälle","Germany",2021,"14.06.",2021-06-14,2394,"e"
"Statistik der Sterbefälle","Germany",2021,"15.06.",2021-06-15,2543,"e"
"Statistik der Sterbefälle","Germany",2021,"16.06.",2021-06-16,2581,"e"
"Statistik der Sterbefälle","Germany",2021,"17.06.",2021-06-17,2758,"e"
"Statistik der Sterbefälle","Germany",2021,"18.06.",2021-06-18,2979,"e"
"Statistik der Sterbefälle","Germany",2021,"19.06.",2021-06-19,2967,"e"
"Statistik der Sterbefälle","Germany",2021,"20.06.",2021-06-20,2854,"e"
"Statistik der Sterbefälle","Germany",2021,"21.06.",2021-06-21,2762,"e"
"Statistik der Sterbefälle","Germany",2021,"22.06.",2021-06-22,2500,"e"
"Statistik der Sterbefälle","Germany",2021,"23.06.",2021-06-23,2428,"e"
"Statistik der Sterbefälle","Germany",2021,"24.06.",2021-06-24,2429,"e"
"Statistik der Sterbefälle","Germany",2021,"25.06.",2021-06-25,2344,"e"
"Statistik der Sterbefälle","Germany",2021,"26.06.",2021-06-26,2411,"e"
"Statistik der Sterbefälle","Germany",2021,"27.06.",2021-06-27,2317,"e"
"Statistik der Sterbefälle","Germany",2021,"28.06.",2021-06-28,2573,"e"
"Statistik der Sterbefälle","Germany",2021,"29.06.",2021-06-29,2481,"e"
"Statistik der Sterbefälle","Germany",2021,"30.06.",2021-06-30,2424,"e"
"Statistik der Sterbefälle","Germany",2021,"01.07.",2021-07-01,2339,"e"
"Statistik der Sterbefälle","Germany",2021,"02.07.",2021-07-02,2439,"e"
"Statistik der Sterbefälle","Germany",2021,"03.07.",2021-07-03,2419,"e"
"Statistik der Sterbefälle","Germany",2021,"04.07.",2021-07-04,2338,"e"
"Statistik der Sterbefälle","Germany",2021,"05.07.",2021-07-05,2408,"e"
"Statistik der Sterbefälle","Germany",2021,"06.07.",2021-07-06,2479,"e"
"Statistik der Sterbefälle","Germany",2021,"07.07.",2021-07-07,2448,"e"
"Statistik der Sterbefälle","Germany",2021,"08.07.",2021-07-08,2518,"e"
"Statistik der Sterbefälle","Germany",2021,"09.07.",2021-07-09,2374,"e"
"Statistik der Sterbefälle","Germany",2021,"10.07.",2021-07-10,2439,"e"
"Statistik der Sterbefälle","Germany",2021,"11.07.",2021-07-11,2328,"e"
"Statistik der Sterbefälle","Germany",2021,"12.07.",2021-07-12,2521,"e"
"Statistik der Sterbefälle","Germany",2021,"13.07.",2021-07-13,2621,"e"
"Statistik der Sterbefälle","Germany",2021,"14.07.",2021-07-14,2509,"e"
"Statistik der Sterbefälle","Germany",2021,"15.07.",2021-07-15,2563,"e"
"Statistik der Sterbefälle","Germany",2021,"16.07.",2021-07-16,2644,"e"
"Statistik der Sterbefälle","Germany",2021,"17.07.",2021-07-17,2437,"e"
"Statistik der Sterbefälle","Germany",2021,"18.07.",2021-07-18,2367,"e"
"Statistik der Sterbefälle","Germany",2021,"19.07.",2021-07-19,2520,"e"
"Statistik der Sterbefälle","Germany",2021,"20.07.",2021-07-20,2480,"e"
"Statistik der Sterbefälle","Germany",2021,"21.07.",2021-07-21,2382,"e"
"Statistik der Sterbefälle","Germany",2021,"22.07.",2021-07-22,2534,"e"
"Statistik der Sterbefälle","Germany",2021,"23.07.",2021-07-23,2573,"e"
"Statistik der Sterbefälle","Germany",2021,"24.07.",2021-07-24,2525,"e"
"Statistik der Sterbefälle","Germany",2021,"25.07.",2021-07-25,2599,"e"
"Statistik der Sterbefälle","Germany",2021,"26.07.",2021-07-26,2497,"e"
"Statistik der Sterbefälle","Germany",2021,"27.07.",2021-07-27,2523,"e"
"Statistik der Sterbefälle","Germany",2021,"28.07.",2021-07-28,2438,"e"
"Statistik der Sterbefälle","Germany",2021,"29.07.",2021-07-29,2444,"e"
"Statistik der Sterbefälle","Germany",2021,"30.07.",2021-07-30,2525,"e"
"Statistik der Sterbefälle","Germany",2021,"31.07.",2021-07-31,2473,"e"
"Statistik der Sterbefälle","Germany",2021,"01.08.",2021-08-01,2311,"e"
"Statistik der Sterbefälle","Germany",2021,"02.08.",2021-08-02,2330,"e"
"Statistik der Sterbefälle","Germany",2021,"03.08.",2021-08-03,2381,"e"
"Statistik der Sterbefälle","Germany",2021,"04.08.",2021-08-04,2452,"e"
"Statistik der Sterbefälle","Germany",2021,"05.08.",2021-08-05,2522,"e"
"Statistik der Sterbefälle","Germany",2021,"06.08.",2021-08-06,2567,"e"
"Statistik der Sterbefälle","Germany",2021,"07.08.",2021-08-07,2466,"e"
"Statistik der Sterbefälle","Germany",2021,"08.08.",2021-08-08,2303,"e"
"Statistik der Sterbefälle","Germany",2021,"09.08.",2021-08-09,2433,"e"
"Statistik der Sterbefälle","Germany",2021,"10.08.",2021-08-10,2497,"e"
"Statistik der Sterbefälle","Germany",2021,"11.08.",2021-08-11,2501,"e"
"Statistik der Sterbefälle","Germany",2021,"12.08.",2021-08-12,2472,"e"
"Statistik der Sterbefälle","Germany",2021,"13.08.",2021-08-13,2657,"e"
"Statistik der Sterbefälle","Germany",2021,"14.08.",2021-08-14,2583,"e"
"Statistik der Sterbefälle","Germany",2021,"15.08.",2021-08-15,2417,"e"
"Statistik der Sterbefälle","Germany",2021,"16.08.",2021-08-16,2642,"e"
"Statistik der Sterbefälle","Germany",2021,"17.08.",2021-08-17,2470,"e"
"Statistik der Sterbefälle","Germany",2021,"18.08.",2021-08-18,2483,"e"
"Statistik der Sterbefälle","Germany",2021,"19.08.",2021-08-19,2552,"e"
"Statistik der Sterbefälle","Germany",2021,"20.08.",2021-08-20,2521,"e"
"Statistik der Sterbefälle","Germany",2021,"21.08.",2021-08-21,2411,"e"
"Statistik der Sterbefälle","Germany",2021,"22.08.",2021-08-22,2422,"e"
"Statistik der Sterbefälle","Germany",2021,"23.08.",2021-08-23,2478,"e"
"Statistik der Sterbefälle","Germany",2021,"24.08.",2021-08-24,2387,"e"
"Statistik der Sterbefälle","Germany",2021,"25.08.",2021-08-25,2525,"e"
"Statistik der Sterbefälle","Germany",2021,"26.08.",2021-08-26,2526,"e"
"Statistik der Sterbefälle","Germany",2021,"27.08.",2021-08-27,2386,"e"
"Statistik der Sterbefälle","Germany",2021,"28.08.",2021-08-28,2425,"e"
"Statistik der Sterbefälle","Germany",2021,"29.08.",2021-08-29,2424,"e"
"Statistik der Sterbefälle","Germany",2021,"30.08.",2021-08-30,2431,"e"
"Statistik der Sterbefälle","Germany",2021,"31.08.",2021-08-31,2427,"e"
"Statistik der Sterbefälle","Germany",2021,"01.09.",2021-09-01,2516,"e"
"Statistik der Sterbefälle","Germany",2021,"02.09.",2021-09-02,2504,"e"
"Statistik der Sterbefälle","Germany",2021,"03.09.",2021-09-03,2601,"e"
"Statistik der Sterbefälle","Germany",2021,"04.09.",2021-09-04,2492,"e"
"Statistik der Sterbefälle","Germany",2021,"05.09.",2021-09-05,2370,"e"
"Statistik der Sterbefälle","Germany",2021,"06.09.",2021-09-06,2622,"e"
"Statistik der Sterbefälle","Germany",2021,"07.09.",2021-09-07,2645,"e"
"Statistik der Sterbefälle","Germany",2021,"08.09.",2021-09-08,2655,"e"
"Statistik der Sterbefälle","Germany",2021,"09.09.",2021-09-09,2920,"e"
"Statistik der Sterbefälle","Germany",2021,"10.09.",2021-09-10,2875,"e"
"Statistik der Sterbefälle","Germany",2021,"11.09.",2021-09-11,2674,"e"
"Statistik der Sterbefälle","Germany",2021,"12.09.",2021-09-12,2488,"e"
"Statistik der Sterbefälle","Germany",2021,"13.09.",2021-09-13,2582,"e"
"Statistik der Sterbefälle","Germany",2021,"14.09.",2021-09-14,2694,"e"
"Statistik der Sterbefälle","Germany",2021,"15.09.",2021-09-15,2746,"e"
"Statistik der Sterbefälle","Germany",2021,"16.09.",2021-09-16,2627,"e"
"Statistik der Sterbefälle","Germany",2021,"17.09.",2021-09-17,2583,"e"
"Statistik der Sterbefälle","Germany",2021,"18.09.",2021-09-18,2440,"e"
"Statistik der Sterbefälle","Germany",2021,"19.09.",2021-09-19,2385,"e"
"Statistik der Sterbefälle","Germany",2021,"20.09.",2021-09-20,2511,"e"
"Statistik der Sterbefälle","Germany",2021,"21.09.",2021-09-21,2510,"e"
"Statistik der Sterbefälle","Germany",2021,"22.09.",2021-09-22,2572,"e"
"Statistik der Sterbefälle","Germany",2021,"23.09.",2021-09-23,2618,"e"
"Statistik der Sterbefälle","Germany",2021,"24.09.",2021-09-24,2759,"e"
"Statistik der Sterbefälle","Germany",2021,"25.09.",2021-09-25,2635,"e"
"Statistik der Sterbefälle","Germany",2021,"26.09.",2021-09-26,2552,"e"
"Statistik der Sterbefälle","Germany",2021,"27.09.",2021-09-27,2694,"e"
"Statistik der Sterbefälle","Germany",2021,"28.09.",2021-09-28,2536,"e"
"Statistik der Sterbefälle","Germany",2021,"29.09.",2021-09-29,2556,"e"
"Statistik der Sterbefälle","Germany",2021,"30.09.",2021-09-30,2569,"e"
"Statistik der Sterbefälle","Germany",2021,"01.10.",2021-10-01,2575,"e"
"Statistik der Sterbefälle","Germany",2021,"02.10.",2021-10-02,2721,"e"
"Statistik der Sterbefälle","Germany",2021,"03.10.",2021-10-03,2478,"e"
"Statistik der Sterbefälle","Germany",2021,"04.10.",2021-10-04,2496,"e"
"Statistik der Sterbefälle","Germany",2021,"05.10.",2021-10-05,2707,"e"
"Statistik der Sterbefälle","Germany",2021,"06.10.",2021-10-06,2551,"e"
"Statistik der Sterbefälle","Germany",2021,"07.10.",2021-10-07,2663,"e"
"Statistik der Sterbefälle","Germany",2021,"08.10.",2021-10-08,2764,"e"
"Statistik der Sterbefälle","Germany",2021,"09.10.",2021-10-09,2518,"e"
"Statistik der Sterbefälle","Germany",2021,"10.10.",2021-10-10,2510,"e"
"Statistik der Sterbefälle","Germany",2021,"11.10.",2021-10-11,2706,"e"
"Statistik der Sterbefälle","Germany",2021,"12.10.",2021-10-12,2725,"e"
"Statistik der Sterbefälle","Germany",2021,"13.10.",2021-10-13,2572,"e"
"Statistik der Sterbefälle","Germany",2021,"14.10.",2021-10-14,2777,"e"
"Statistik der Sterbefälle","Germany",2021,"15.10.",2021-10-15,2742,"e"
"Statistik der Sterbefälle","Germany",2021,"16.10.",2021-10-16,2689,"e"
"Statistik der Sterbefälle","Germany",2021,"17.10.",2021-10-17,2738,"e"
"Statistik der Sterbefälle","Germany",2021,"18.10.",2021-10-18,2849,"e"
"Statistik der Sterbefälle","Germany",2021,"19.10.",2021-10-19,2912,"e"
"Statistik der Sterbefälle","Germany",2021,"20.10.",2021-10-20,2906,"e"
"Statistik der Sterbefälle","Germany",2021,"21.10.",2021-10-21,2890,"e"
"Statistik der Sterbefälle","Germany",2021,"22.10.",2021-10-22,2828,"e"
"Statistik der Sterbefälle","Germany",2021,"23.10.",2021-10-23,2710,"e"
"Statistik der Sterbefälle","Germany",2021,"24.10.",2021-10-24,2666,"e"
"Statistik der Sterbefälle","Germany",2021,"25.10.",2021-10-25,2800,"e"
"Statistik der Sterbefälle","Germany",2021,"26.10.",2021-10-26,2869,"e"
"Statistik der Sterbefälle","Germany",2021,"27.10.",2021-10-27,2863,"e"
"Statistik der Sterbefälle","Germany",2021,"28.10.",2021-10-28,2992,"e"
"Statistik der Sterbefälle","Germany",2021,"29.10.",2021-10-29,2968,"e"
"Statistik der Sterbefälle","Germany",2021,"30.10.",2021-10-30,2873,"e"
"Statistik der Sterbefälle","Germany",2021,"31.10.",2021-10-31,3022,"e"
"Statistik der Sterbefälle","Germany",2021,"01.11.",2021-11-01,2931,"e"
"Statistik der Sterbefälle","Germany",2021,"02.11.",2021-11-02,2973,"e"
"Statistik der Sterbefälle","Germany",2021,"03.11.",2021-11-03,2967,"e"
"Statistik der Sterbefälle","Germany",2021,"04.11.",2021-11-04,2922,"e"
"Statistik der Sterbefälle","Germany",2021,"05.11.",2021-11-05,2889,"e"
"Statistik der Sterbefälle","Germany",2021,"06.11.",2021-11-06,2910,"e"
"Statistik der Sterbefälle","Germany",2021,"07.11.",2021-11-07,2834,"e"
"Statistik der Sterbefälle","Germany",2021,"08.11.",2021-11-08,3061,"e"
"Statistik der Sterbefälle","Germany",2021,"09.11.",2021-11-09,3069,"e"
"Statistik der Sterbefälle","Germany",2021,"10.11.",2021-11-10,2972,"e"
"Statistik der Sterbefälle","Germany",2021,"11.11.",2021-11-11,2977,"e"
"Statistik der Sterbefälle","Germany",2021,"12.11.",2021-11-12,3004,"e"
"Statistik der Sterbefälle","Germany",2021,"13.11.",2021-11-13,3062,"e"
"Statistik der Sterbefälle","Germany",2021,"14.11.",2021-11-14,2926,"e"
"Statistik der Sterbefälle","Germany",2021,"15.11.",2021-11-15,3208,"e"
"Statistik der Sterbefälle","Germany",2021,"16.11.",2021-11-16,3127,"e"
"Statistik der Sterbefälle","Germany",2021,"17.11.",2021-11-17,3150,"e"
"Statistik der Sterbefälle","Germany",2021,"18.11.",2021-11-18,3194,"e"
"Statistik der Sterbefälle","Germany",2021,"19.11.",2021-11-19,3357,"e"
"Statistik der Sterbefälle","Germany",2021,"20.11.",2021-11-20,3208,"e"
"Statistik der Sterbefälle","Germany",2021,"21.11.",2021-11-21,3100,"e"
"Statistik der Sterbefälle","Germany",2021,"22.11.",2021-11-22,3266,"e"
"Statistik der Sterbefälle","Germany",2021,"23.11.",2021-11-23,3152,"e"
"Statistik der Sterbefälle","Germany",2021,"24.11.",2021-11-24,3384,"e"
"Statistik der Sterbefälle","Germany",2021,"25.11.",2021-11-25,3389,"e"
"Statistik der Sterbefälle","Germany",2021,"26.11.",2021-11-26,3516,"e"
"Statistik der Sterbefälle","Germany",2021,"27.11.",2021-11-27,3274,"e"
"Statistik der Sterbefälle","Germany",2021,"28.11.",2021-11-28,3292,"e"
"Statistik der Sterbefälle","Germany",2021,"29.11.",2021-11-29,3417,"e"
"Statistik der Sterbefälle","Germany",2021,"30.11.",2021-11-30,3384,"e"
"Statistik der Sterbefälle","Germany",2021,"01.12.",2021-12-01,3503,"e"
"Statistik der Sterbefälle","Germany",2021,"02.12.",2021-12-02,3549,"e"
"Statistik der Sterbefälle","Germany",2021,"03.12.",2021-12-03,3543,"e"
"Statistik der Sterbefälle","Germany",2021,"04.12.",2021-12-04,3453,"e"
"Statistik der Sterbefälle","Germany",2021,"05.12.",2021-12-05,3336,"e"
"Statistik der Sterbefälle","Germany",2021,"06.12.",2021-12-06,3436,"e"
"Statistik der Sterbefälle","Germany",2021,"07.12.",2021-12-07,3503,"e"
"Statistik der Sterbefälle","Germany",2021,"08.12.",2021-12-08,3526,"e"
"Statistik der Sterbefälle","Germany",2021,"09.12.",2021-12-09,3498,"e"
"Statistik der Sterbefälle","Germany",2021,"10.12.",2021-12-10,3583,"e"
"Statistik der Sterbefälle","Germany",2021,"11.12.",2021-12-11,3275,"e"
"Statistik der Sterbefälle","Germany",2021,"12.12.",2021-12-12,3211,"e"
"Statistik der Sterbefälle","Germany",2021,"13.12.",2021-12-13,3306,"e"
"Statistik der Sterbefälle","Germany",2021,"14.12.",2021-12-14,3364,"e"
"Statistik der Sterbefälle","Germany",2021,"15.12.",2021-12-15,3363,"e"
"Statistik der Sterbefälle","Germany",2021,"16.12.",2021-12-16,3357,"e"
"Statistik der Sterbefälle","Germany",2021,"17.12.",2021-12-17,3296,"e"
"Statistik der Sterbefälle","Germany",2021,"18.12.",2021-12-18,3162,"e"
"Statistik der Sterbefälle","Germany",2021,"19.12.",2021-12-19,3161,"e"
"Statistik der Sterbefälle","Germany",2021,"20.12.",2021-12-20,3160,"e"
"Statistik der Sterbefälle","Germany",2021,"21.12.",2021-12-21,3177,"e"
"Statistik der Sterbefälle","Germany",2021,"22.12.",2021-12-22,3170,"e"
"Statistik der Sterbefälle","Germany",2021,"23.12.",2021-12-23,3361,"e"
"Statistik der Sterbefälle","Germany",2021,"24.12.",2021-12-24,3212,"e"
"Statistik der Sterbefälle","Germany",2021,"25.12.",2021-12-25,3325,"e"
"Statistik der Sterbefälle","Germany",2021,"26.12.",2021-12-26,3074,"e"
"Statistik der Sterbefälle","Germany",2021,"27.12.",2021-12-27,3300,"e"
"Statistik der Sterbefälle","Germany",2021,"28.12.",2021-12-28,3291,"e"
"Statistik der Sterbefälle","Germany",2021,"29.12.",2021-12-29,3249,"e"
"Statistik der Sterbefälle","Germany",2021,"30.12.",2021-12-30,3235,"e"
"Statistik der Sterbefälle","Germany",2021,"31.12.",2021-12-31,3192,"e"
"Statistik der Sterbefälle","Germany",2022,"01.01.",2022-01-01,3022,"e"
"Statistik der Sterbefälle","Germany",2022,"02.01.",2022-01-02,2885,"e"
"Statistik der Sterbefälle","Germany",2022,"03.01.",2022-01-03,3063,"e"
"Statistik der Sterbefälle","Germany",2022,"04.01.",2022-01-04,3078,"e"
"Statistik der Sterbefälle","Germany",2022,"05.01.",2022-01-05,2951,"e"
"Statistik der Sterbefälle","Germany",2022,"06.01.",2022-01-06,2973,"e"
"Statistik der Sterbefälle","Germany",2022,"07.01.",2022-01-07,2955,"e"
"Statistik der Sterbefälle","Germany",2022,"08.01.",2022-01-08,2950,"e"
"Statistik der Sterbefälle","Germany",2022,"09.01.",2022-01-09,2900,"e"
"Statistik der Sterbefälle","Germany",2022,"10.01.",2022-01-10,2926,"e"
"Statistik der Sterbefälle","Germany",2022,"11.01.",2022-01-11,2846,"e"
"Statistik der Sterbefälle","Germany",2022,"12.01.",2022-01-12,2859,"e"
"Statistik der Sterbefälle","Germany",2022,"13.01.",2022-01-13,2799,"e"
"Statistik der Sterbefälle","Germany",2022,"14.01.",2022-01-14,2918,"e"
"Statistik der Sterbefälle","Germany",2022,"15.01.",2022-01-15,2883,"e"
"Statistik der Sterbefälle","Germany",2022,"16.01.",2022-01-16,2690,"e"
"Statistik der Sterbefälle","Germany",2022,"17.01.",2022-01-17,2886,"e"
"Statistik der Sterbefälle","Germany",2022,"18.01.",2022-01-18,2866,"e"
"Statistik der Sterbefälle","Germany",2022,"19.01.",2022-01-19,2859,"e"
"Statistik der Sterbefälle","Germany",2022,"20.01.",2022-01-20,2885,"e"
"Statistik der Sterbefälle","Germany",2022,"21.01.",2022-01-21,2897,"e"
"Statistik der Sterbefälle","Germany",2022,"22.01.",2022-01-22,2798,"e"
"Statistik der Sterbefälle","Germany",2022,"23.01.",2022-01-23,2654,"e"
"Statistik der Sterbefälle","Germany",2022,"24.01.",2022-01-24,2843,"e"
"Statistik der Sterbefälle","Germany",2022,"25.01.",2022-01-25,2876,"e"
"Statistik der Sterbefälle","Germany",2022,"26.01.",2022-01-26,2934,"e"
"Statistik der Sterbefälle","Germany",2022,"27.01.",2022-01-27,2988,"e"
"Statistik der Sterbefälle","Germany",2022,"28.01.",2022-01-28,2892,"e"
"Statistik der Sterbefälle","Germany",2022,"29.01.",2022-01-29,2946,"e"
"Statistik der Sterbefälle","Germany",2022,"30.01.",2022-01-30,2745,"e"
"Statistik der Sterbefälle","Germany",2022,"31.01.",2022-01-31,2888,"e"
"Statistik der Sterbefälle","Germany",2022,"01.02.",2022-02-01,3021,"e"
"Statistik der Sterbefälle","Germany",2022,"02.02.",2022-02-02,3000,"e"
"Statistik der Sterbefälle","Germany",2022,"03.02.",2022-02-03,2943,"e"
"Statistik der Sterbefälle","Germany",2022,"04.02.",2022-02-04,3079,"e"
"Statistik der Sterbefälle","Germany",2022,"05.02.",2022-02-05,2866,"e"
"Statistik der Sterbefälle","Germany",2022,"06.02.",2022-02-06,2901,"e"
"Statistik der Sterbefälle","Germany",2022,"07.02.",2022-02-07,2916,"e"
"Statistik der Sterbefälle","Germany",2022,"08.02.",2022-02-08,2929,"e"
"Statistik der Sterbefälle","Germany",2022,"09.02.",2022-02-09,3013,"e"
"Statistik der Sterbefälle","Germany",2022,"10.02.",2022-02-10,3082,"e"
"Statistik der Sterbefälle","Germany",2022,"11.02.",2022-02-11,2879,"e"
"Statistik der Sterbefälle","Germany",2022,"12.02.",2022-02-12,2811,"e"
"Statistik der Sterbefälle","Germany",2022,"13.02.",2022-02-13,2865,"e"
"Statistik der Sterbefälle","Germany",2022,"14.02.",2022-02-14,3020,"e"
"Statistik der Sterbefälle","Germany",2022,"15.02.",2022-02-15,3075,"e"
"Statistik der Sterbefälle","Germany",2022,"16.02.",2022-02-16,3157,"e"
"Statistik der Sterbefälle","Germany",2022,"17.02.",2022-02-17,3045,"e"
"Statistik der Sterbefälle","Germany",2022,"18.02.",2022-02-18,3031,"e"
"Statistik der Sterbefälle","Germany",2022,"19.02.",2022-02-19,2892,"e"
"Statistik der Sterbefälle","Germany",2022,"20.02.",2022-02-20,2945,"e"
"Statistik der Sterbefälle","Germany",2022,"21.02.",2022-02-21,2977,"e"
"Statistik der Sterbefälle","Germany",2022,"22.02.",2022-02-22,2961,"e"
"Statistik der Sterbefälle","Germany",2022,"23.02.",2022-02-23,2909,"e"
"Statistik der Sterbefälle","Germany",2022,"24.02.",2022-02-24,3022,"e"
"Statistik der Sterbefälle","Germany",2022,"25.02.",2022-02-25,2899,"e"
"Statistik der Sterbefälle","Germany",2022,"26.02.",2022-02-26,2851,"e"
"Statistik der Sterbefälle","Germany",2022,"27.02.",2022-02-27,2756,"e"
"Statistik der Sterbefälle","Germany",2022,"28.02.",2022-02-28,2936,"e"
"Statistik der Sterbefälle","Germany",2022,"01.03.",2022-03-01,3026,"e"
"Statistik der Sterbefälle","Germany",2022,"02.03.",2022-03-02,3055,"e"
"Statistik der Sterbefälle","Germany",2022,"03.03.",2022-03-03,3020,"e"
"Statistik der Sterbefälle","Germany",2022,"04.03.",2022-03-04,3004,"e"
"Statistik der Sterbefälle","Germany",2022,"05.03.",2022-03-05,2918,"e"
"Statistik der Sterbefälle","Germany",2022,"06.03.",2022-03-06,2852,"e"
"Statistik der Sterbefälle","Germany",2022,"07.03.",2022-03-07,2899,"e"
"Statistik der Sterbefälle","Germany",2022,"08.03.",2022-03-08,3067,"e"
"Statistik der Sterbefälle","Germany",2022,"09.03.",2022-03-09,3100,"e"
"Statistik der Sterbefälle","Germany",2022,"10.03.",2022-03-10,3082,"e"
"Statistik der Sterbefälle","Germany",2022,"11.03.",2022-03-11,3091,"e"
"Statistik der Sterbefälle","Germany",2022,"12.03.",2022-03-12,3068,"e"
"Statistik der Sterbefälle","Germany",2022,"13.03.",2022-03-13,2944,"e"
"Statistik der Sterbefälle","Germany",2022,"14.03.",2022-03-14,3079,"e"
"Statistik der Sterbefälle","Germany",2022,"15.03.",2022-03-15,3097,"e"
"Statistik der Sterbefälle","Germany",2022,"16.03.",2022-03-16,3158,"e"
"Statistik der Sterbefälle","Germany",2022,"17.03.",2022-03-17,3062,"e"
"Statistik der Sterbefälle","Germany",2022,"18.03.",2022-03-18,3059,"e"
"Statistik der Sterbefälle","Germany",2022,"19.03.",2022-03-19,2912,"e"
"Statistik der Sterbefälle","Germany",2022,"20.03.",2022-03-20,2990,"e"
"Statistik der Sterbefälle","Germany",2022,"21.03.",2022-03-21,3078,"e"
"Statistik der Sterbefälle","Germany",2022,"22.03.",2022-03-22,3128,"e"
"Statistik der Sterbefälle","Germany",2022,"23.03.",2022-03-23,3148,"e"
"Statistik der Sterbefälle","Germany",2022,"24.03.",2022-03-24,3032,"e"
"Statistik der Sterbefälle","Germany",2022,"25.03.",2022-03-25,3097,"e"
"Statistik der Sterbefälle","Germany",2022,"26.03.",2022-03-26,3027,"e"
"Statistik der Sterbefälle","Germany",2022,"27.03.",2022-03-27,2726,"e"
"Statistik der Sterbefälle","Germany",2022,"28.03.",2022-03-28,3011,"e"
"Statistik der Sterbefälle","Germany",2022,"29.03.",2022-03-29,3031,"e"
"Statistik der Sterbefälle","Germany",2022,"30.03.",2022-03-30,3123,"e"
"Statistik der Sterbefälle","Germany",2022,"31.03.",2022-03-31,2988,"e"
"Statistik der Sterbefälle","Germany",2022,"01.04.",2022-04-01,3054,"e"
"Statistik der Sterbefälle","Germany",2022,"02.04.",2022-04-02,2866,"e"
"Statistik der Sterbefälle","Germany",2022,"03.04.",2022-04-03,2810,"e"
"Statistik der Sterbefälle","Germany",2022,"04.04.",2022-04-04,3004,"e"
"Statistik der Sterbefälle","Germany",2022,"05.04.",2022-04-05,3056,"e"
"Statistik der Sterbefälle","Germany",2022,"06.04.",2022-04-06,3059,"e"
"Statistik der Sterbefälle","Germany",2022,"07.04.",2022-04-07,3125,"e"
"Statistik der Sterbefälle","Germany",2022,"08.04.",2022-04-08,3081,"e"
"Statistik der Sterbefälle","Germany",2022,"09.04.",2022-04-09,2853,"e"
"Statistik der Sterbefälle","Germany",2022,"10.04.",2022-04-10,2775,"e"
"Statistik der Sterbefälle","Germany",2022,"11.04.",2022-04-11,2930,"e"
"Statistik der Sterbefälle","Germany",2022,"12.04.",2022-04-12,2979,"e"
"Statistik der Sterbefälle","Germany",2022,"13.04.",2022-04-13,3062,"e"
"Statistik der Sterbefälle","Germany",2022,"14.04.",2022-04-14,3089,"e"
"Statistik der Sterbefälle","Germany",2022,"15.04.",2022-04-15,2794,"e"
"Statistik der Sterbefälle","Germany",2022,"16.04.",2022-04-16,2732,"e"
"Statistik der Sterbefälle","Germany",2022,"17.04.",2022-04-17,2667,"e"
"Statistik der Sterbefälle","Germany",2022,"18.04.",2022-04-18,2685,"e"
"Statistik der Sterbefälle","Germany",2022,"19.04.",2022-04-19,2879,"e"
"Statistik der Sterbefälle","Germany",2022,"20.04.",2022-04-20,2825,"e"
"Statistik der Sterbefälle","Germany",2022,"21.04.",2022-04-21,2855,"e"
"Statistik der Sterbefälle","Germany",2022,"22.04.",2022-04-22,2895,"e"
"Statistik der Sterbefälle","Germany",2022,"23.04.",2022-04-23,2809,"e"
"Statistik der Sterbefälle","Germany",2022,"24.04.",2022-04-24,2631,"e"
"Statistik der Sterbefälle","Germany",2022,"25.04.",2022-04-25,2898,"e"
"Statistik der Sterbefälle","Germany",2022,"26.04.",2022-04-26,2828,"e"
"Statistik der Sterbefälle","Germany",2022,"27.04.",2022-04-27,2685,"e"
"Statistik der Sterbefälle","Germany",2022,"28.04.",2022-04-28,2699,"e"
"Statistik der Sterbefälle","Germany",2022,"29.04.",2022-04-29,2856,"e"
"Statistik der Sterbefälle","Germany",2022,"30.04.",2022-04-30,2753,"e"
"Statistik der Sterbefälle","Germany",2022,"01.05.",2022-05-01,2642,"e"
"Statistik der Sterbefälle","Germany",2022,"02.05.",2022-05-02,2686,"e"
"Statistik der Sterbefälle","Germany",2022,"03.05.",2022-05-03,2773,"e"
"Statistik der Sterbefälle","Germany",2022,"04.05.",2022-05-04,2830,"e"
"Statistik der Sterbefälle","Germany",2022,"05.05.",2022-05-05,2758,"e"
"Statistik der Sterbefälle","Germany",2022,"06.05.",2022-05-06,2834,"e"
"Statistik der Sterbefälle","Germany",2022,"07.05.",2022-05-07,2697,"e"
"Statistik der Sterbefälle","Germany",2022,"08.05.",2022-05-08,2647,"e"
"Statistik der Sterbefälle","Germany",2022,"09.05.",2022-05-09,2761,"e"
"Statistik der Sterbefälle","Germany",2022,"10.05.",2022-05-10,2856,"e"
"Statistik der Sterbefälle","Germany",2022,"11.05.",2022-05-11,2919,"e"
"Statistik der Sterbefälle","Germany",2022,"12.05.",2022-05-12,2749,"e"
"Statistik der Sterbefälle","Germany",2022,"13.05.",2022-05-13,2804,"e"
"Statistik der Sterbefälle","Germany",2022,"14.05.",2022-05-14,2663,"e"
"Statistik der Sterbefälle","Germany",2022,"15.05.",2022-05-15,2513,"e"
"Statistik der Sterbefälle","Germany",2022,"16.05.",2022-05-16,2680,"e"
"Statistik der Sterbefälle","Germany",2022,"17.05.",2022-05-17,2737,"e"
"Statistik der Sterbefälle","Germany",2022,"18.05.",2022-05-18,2711,"e"
"Statistik der Sterbefälle","Germany",2022,"19.05.",2022-05-19,2837,"e"
"Statistik der Sterbefälle","Germany",2022,"20.05.",2022-05-20,2774,"e"
"Statistik der Sterbefälle","Germany",2022,"21.05.",2022-05-21,2486,"e"
"Statistik der Sterbefälle","Germany",2022,"22.05.",2022-05-22,2340,"e"
"Statistik der Sterbefälle","Germany",2022,"23.05.",2022-05-23,2567,"e"
"Statistik der Sterbefälle","Germany",2022,"24.05.",2022-05-24,2524,"e"
"Statistik der Sterbefälle","Germany",2022,"25.05.",2022-05-25,2480,"e"
"Statistik der Sterbefälle","Germany",2022,"26.05.",2022-05-26,2456,"e"
"Statistik der Sterbefälle","Germany",2022,"27.05.",2022-05-27,2560,"e"
"Statistik der Sterbefälle","Germany",2022,"28.05.",2022-05-28,2362,"e"
"Statistik der Sterbefälle","Germany",2022,"29.05.",2022-05-29,2283,"e"
"Statistik der Sterbefälle","Germany",2022,"30.05.",2022-05-30,2465,"e"
"Statistik der Sterbefälle","Germany",2022,"31.05.",2022-05-31,2495,"e"
"Statistik der Sterbefälle","Germany",2022,"01.06.",2022-06-01,2584,"e"
"Statistik der Sterbefälle","Germany",2022,"02.06.",2022-06-02,2601,"e"
"Statistik der Sterbefälle","Germany",2022,"03.06.",2022-06-03,2699,"e"
"Statistik der Sterbefälle","Germany",2022,"04.06.",2022-06-04,2709,"e"
"Statistik der Sterbefälle","Germany",2022,"05.06.",2022-06-05,2551,"e"
"Statistik der Sterbefälle","Germany",2022,"06.06.",2022-06-06,2490,"e"
"Statistik der Sterbefälle","Germany",2022,"07.06.",2022-06-07,2555,"e"
"Statistik der Sterbefälle","Germany",2022,"08.06.",2022-06-08,2638,"e"
"Statistik der Sterbefälle","Germany",2022,"09.06.",2022-06-09,2596,"e"
"Statistik der Sterbefälle","Germany",2022,"10.06.",2022-06-10,2572,"e"
"Statistik der Sterbefälle","Germany",2022,"11.06.",2022-06-11,2642,"e"
"Statistik der Sterbefälle","Germany",2022,"12.06.",2022-06-12,2467,"e"
"Statistik der Sterbefälle","Germany",2022,"13.06.",2022-06-13,2526,"e"
"Statistik der Sterbefälle","Germany",2022,"14.06.",2022-06-14,2571,"e"
"Statistik der Sterbefälle","Germany",2022,"15.06.",2022-06-15,2553,"e"
"Statistik der Sterbefälle","Germany",2022,"16.06.",2022-06-16,2557,"e"
"Statistik der Sterbefälle","Germany",2022,"17.06.",2022-06-17,2708,"e"
"Statistik der Sterbefälle","Germany",2022,"18.06.",2022-06-18,2720,"e"
"Statistik der Sterbefälle","Germany",2022,"19.06.",2022-06-19,2862,"e"
"Statistik der Sterbefälle","Germany",2022,"20.06.",2022-06-20,2664,"e"
"Statistik der Sterbefälle","Germany",2022,"21.06.",2022-06-21,2762,"e"
"Statistik der Sterbefälle","Germany",2022,"22.06.",2022-06-22,2695,"e"
"Statistik der Sterbefälle","Germany",2022,"23.06.",2022-06-23,2773,"e"
"Statistik der Sterbefälle","Germany",2022,"24.06.",2022-06-24,2923,"e"
"Statistik der Sterbefälle","Germany",2022,"25.06.",2022-06-25,2614,"e"
"Statistik der Sterbefälle","Germany",2022,"26.06.",2022-06-26,2628,"e"
"Statistik der Sterbefälle","Germany",2022,"27.06.",2022-06-27,2668,"e"
"Statistik der Sterbefälle","Germany",2022,"28.06.",2022-06-28,2651,"e"
"Statistik der Sterbefälle","Germany",2022,"29.06.",2022-06-29,2656,"e"
"Statistik der Sterbefälle","Germany",2022,"30.06.",2022-06-30,2964,"e"
"Statistik der Sterbefälle","Germany",2022,"01.07.",2022-07-01,2693,"e"
"Statistik der Sterbefälle","Germany",2022,"02.07.",2022-07-02,2443,"e"
"Statistik der Sterbefälle","Germany",2022,"03.07.",2022-07-03,2487,"e"
"Statistik der Sterbefälle","Germany",2022,"04.07.",2022-07-04,2696,"e"
"Statistik der Sterbefälle","Germany",2022,"05.07.",2022-07-05,2597,"e"
"Statistik der Sterbefälle","Germany",2022,"06.07.",2022-07-06,2574,"e"
"Statistik der Sterbefälle","Germany",2022,"07.07.",2022-07-07,2557,"e"
"Statistik der Sterbefälle","Germany",2022,"08.07.",2022-07-08,2688,"e"
"Statistik der Sterbefälle","Germany",2022,"09.07.",2022-07-09,2610,"e"
"Statistik der Sterbefälle","Germany",2022,"10.07.",2022-07-10,2433,"e"
"Statistik der Sterbefälle","Germany",2022,"11.07.",2022-07-11,2649,"e"
"Statistik der Sterbefälle","Germany",2022,"12.07.",2022-07-12,2728,"e"
"Statistik der Sterbefälle","Germany",2022,"13.07.",2022-07-13,2878,"e"
"Statistik der Sterbefälle","Germany",2022,"14.07.",2022-07-14,2856,"e"
"Statistik der Sterbefälle","Germany",2022,"15.07.",2022-07-15,2801,"e"
"Statistik der Sterbefälle","Germany",2022,"16.07.",2022-07-16,2604,"e"
"Statistik der Sterbefälle","Germany",2022,"17.07.",2022-07-17,2503,"e"
"Statistik der Sterbefälle","Germany",2022,"18.07.",2022-07-18,2787,"e"
"Statistik der Sterbefälle","Germany",2022,"19.07.",2022-07-19,3035,"e"
"Statistik der Sterbefälle","Germany",2022,"20.07.",2022-07-20,3271,"e"
"Statistik der Sterbefälle","Germany",2022,"21.07.",2022-07-21,3267,"e"
"Statistik der Sterbefälle","Germany",2022,"22.07.",2022-07-22,2932,"e"
"Statistik der Sterbefälle","Germany",2022,"23.07.",2022-07-23,2881,"e"
"Statistik der Sterbefälle","Germany",2022,"24.07.",2022-07-24,2814,"e"
"Statistik der Sterbefälle","Germany",2022,"25.07.",2022-07-25,3308,"e"
"Statistik der Sterbefälle","Germany",2022,"26.07.",2022-07-26,3056,"e"
"Statistik der Sterbefälle","Germany",2022,"27.07.",2022-07-27,2749,"e"
"Statistik der Sterbefälle","Germany",2022,"28.07.",2022-07-28,2822,"e"
"Statistik der Sterbefälle","Germany",2022,"29.07.",2022-07-29,2885,"e"
"Statistik der Sterbefälle","Germany",2022,"30.07.",2022-07-30,2777,"e"
"Statistik der Sterbefälle","Germany",2022,"31.07.",2022-07-31,2700,"e"
"Statistik der Sterbefälle","Germany",2022,"01.08.",2022-08-01,2831,"e"
"Statistik der Sterbefälle","Germany",2022,"02.08.",2022-08-02,2786,"e"
"Statistik der Sterbefälle","Germany",2022,"03.08.",2022-08-03,2969,"e"
"Statistik der Sterbefälle","Germany",2022,"04.08.",2022-08-04,3260,"e"
"Statistik der Sterbefälle","Germany",2022,"05.08.",2022-08-05,3102,"e"
"Statistik der Sterbefälle","Germany",2022,"06.08.",2022-08-06,2538,"e"
"Statistik der Sterbefälle","Germany",2022,"07.08.",2022-08-07,2486,"e"
"Statistik der Sterbefälle","Germany",2022,"08.08.",2022-08-08,2737,"e"
"Statistik der Sterbefälle","Germany",2022,"09.08.",2022-08-09,2684,"e"
"Statistik der Sterbefälle","Germany",2022,"10.08.",2022-08-10,2701,"e"
"Statistik der Sterbefälle","Germany",2022,"11.08.",2022-08-11,2815,"e"
"Statistik der Sterbefälle","Germany",2022,"12.08.",2022-08-12,2951,"e"
"Statistik der Sterbefälle","Germany",2022,"13.08.",2022-08-13,2970,"e"
"Statistik der Sterbefälle","Germany",2022,"14.08.",2022-08-14,2974,"e"
"Statistik der Sterbefälle","Germany",2022,"15.08.",2022-08-15,2993,"e"
"Statistik der Sterbefälle","Germany",2022,"16.08.",2022-08-16,3109,"e"
"Statistik der Sterbefälle","Germany",2022,"17.08.",2022-08-17,2969,"e"
"Statistik der Sterbefälle","Germany",2022,"18.08.",2022-08-18,2930,"e"
"Statistik der Sterbefälle","Germany",2022,"19.08.",2022-08-19,2817,"e"
"Statistik der Sterbefälle","Germany",2022,"20.08.",2022-08-20,2599,"e"
"Statistik der Sterbefälle","Germany",2022,"21.08.",2022-08-21,2515,"e"
"Statistik der Sterbefälle","Germany",2022,"22.08.",2022-08-22,2709,"e"
"Statistik der Sterbefälle","Germany",2022,"23.08.",2022-08-23,2721,"e"
"Statistik der Sterbefälle","Germany",2022,"24.08.",2022-08-24,2800,"e"
"Statistik der Sterbefälle","Germany",2022,"25.08.",2022-08-25,2801,"e"
"Statistik der Sterbefälle","Germany",2022,"26.08.",2022-08-26,2871,"e"
"Statistik der Sterbefälle","Germany",2022,"27.08.",2022-08-27,2650,"e"
"Statistik der Sterbefälle","Germany",2022,"28.08.",2022-08-28,2440,"e"
"Statistik der Sterbefälle","Germany",2022,"29.08.",2022-08-29,2591,"e"
"Statistik der Sterbefälle","Germany",2022,"30.08.",2022-08-30,2697,"e"
"Statistik der Sterbefälle","Germany",2022,"31.08.",2022-08-31,2642,"e"
"Statistik der Sterbefälle","Germany",2022,"01.09.",2022-09-01,2487,"e"
"Statistik der Sterbefälle","Germany",2022,"02.09.",2022-09-02,2587,"e"
"Statistik der Sterbefälle","Germany",2022,"03.09.",2022-09-03,2626,"e"
"Statistik der Sterbefälle","Germany",2022,"04.09.",2022-09-04,2664,"e"
"Statistik der Sterbefälle","Germany",2022,"05.09.",2022-09-05,2717,"e"
"Statistik der Sterbefälle","Germany",2022,"06.09.",2022-09-06,2792,"e"
"Statistik der Sterbefälle","Germany",2022,"07.09.",2022-09-07,2778,"e"
"Statistik der Sterbefälle","Germany",2022,"08.09.",2022-09-08,2779,"e"
"Statistik der Sterbefälle","Germany",2022,"09.09.",2022-09-09,2661,"e"
"Statistik der Sterbefälle","Germany",2022,"10.09.",2022-09-10,2589,"e"
"Statistik der Sterbefälle","Germany",2022,"11.09.",2022-09-11,2461,"e"
"Statistik der Sterbefälle","Germany",2022,"12.09.",2022-09-12,2630,"e"
"Statistik der Sterbefälle","Germany",2022,"13.09.",2022-09-13,2655,"e"
"Statistik der Sterbefälle","Germany",2022,"14.09.",2022-09-14,2672,"e"
"Statistik der Sterbefälle","Germany",2022,"15.09.",2022-09-15,2579,"e"
"Statistik der Sterbefälle","Germany",2022,"16.09.",2022-09-16,2658,"e"
"Statistik der Sterbefälle","Germany",2022,"17.09.",2022-09-17,2543,"e"
"Statistik der Sterbefälle","Germany",2022,"18.09.",2022-09-18,2539,"e"
"Statistik der Sterbefälle","Germany",2022,"19.09.",2022-09-19,2594,"e"
"Statistik der Sterbefälle","Germany",2022,"20.09.",2022-09-20,2679,"e"
"Statistik der Sterbefälle","Germany",2022,"21.09.",2022-09-21,2651,"e"
"Statistik der Sterbefälle","Germany",2022,"22.09.",2022-09-22,2836,"e"
"Statistik der Sterbefälle","Germany",2022,"23.09.",2022-09-23,2823,"e"
"Statistik der Sterbefälle","Germany",2022,"24.09.",2022-09-24,2814,"e"
"Statistik der Sterbefälle","Germany",2022,"25.09.",2022-09-25,2724,"e"
"Statistik der Sterbefälle","Germany",2022,"26.09.",2022-09-26,2881,"e"
"Statistik der Sterbefälle","Germany",2022,"27.09.",2022-09-27,2918,"e"
"Statistik der Sterbefälle","Germany",2022,"28.09.",2022-09-28,2866,"e"
"Statistik der Sterbefälle","Germany",2022,"29.09.",2022-09-29,2903,"e"
"Statistik der Sterbefälle","Germany",2022,"30.09.",2022-09-30,2937,"e"
"Statistik der Sterbefälle","Germany",2022,"01.10.",2022-10-01,3042,"e"
"Statistik der Sterbefälle","Germany",2022,"02.10.",2022-10-02,2855,"e"
"Statistik der Sterbefälle","Germany",2022,"03.10.",2022-10-03,2830,"e"
"Statistik der Sterbefälle","Germany",2022,"04.10.",2022-10-04,2945,"e"
"Statistik der Sterbefälle","Germany",2022,"05.10.",2022-10-05,2979,"e"
"Statistik der Sterbefälle","Germany",2022,"06.10.",2022-10-06,3082,"e"
"Statistik der Sterbefälle","Germany",2022,"07.10.",2022-10-07,3062,"e"
"Statistik der Sterbefälle","Germany",2022,"08.10.",2022-10-08,2933,"e"
"Statistik der Sterbefälle","Germany",2022,"09.10.",2022-10-09,2796,"e"
"Statistik der Sterbefälle","Germany",2022,"10.10.",2022-10-10,3037,"e"
"Statistik der Sterbefälle","Germany",2022,"11.10.",2022-10-11,3068,"e"
"Statistik der Sterbefälle","Germany",2022,"12.10.",2022-10-12,3009,"e"
"Statistik der Sterbefälle","Germany",2022,"13.10.",2022-10-13,3175,"e"
"Statistik der Sterbefälle","Germany",2022,"14.10.",2022-10-14,3195,"e"
"Statistik der Sterbefälle","Germany",2022,"15.10.",2022-10-15,3137,"e"
"Statistik der Sterbefälle","Germany",2022,"16.10.",2022-10-16,3169,"e"
"Statistik der Sterbefälle","Germany",2022,"17.10.",2022-10-17,3182,"e"
"Statistik der Sterbefälle","Germany",2022,"18.10.",2022-10-18,3217,"e"
"Statistik der Sterbefälle","Germany",2022,"19.10.",2022-10-19,3100,"e"
"Statistik der Sterbefälle","Germany",2022,"20.10.",2022-10-20,3141,"e"
"Statistik der Sterbefälle","Germany",2022,"21.10.",2022-10-21,3219,"e"
"Statistik der Sterbefälle","Germany",2022,"22.10.",2022-10-22,3107,"e"
"Statistik der Sterbefälle","Germany",2022,"23.10.",2022-10-23,2853,"e"
"Statistik der Sterbefälle","Germany",2022,"24.10.",2022-10-24,3069,"e"
"Statistik der Sterbefälle","Germany",2022,"25.10.",2022-10-25,3044,"e"
"Statistik der Sterbefälle","Germany",2022,"26.10.",2022-10-26,3030,"e"
"Statistik der Sterbefälle","Germany",2022,"27.10.",2022-10-27,3095,"e"
"Statistik der Sterbefälle","Germany",2022,"28.10.",2022-10-28,3093,"e"
"Statistik der Sterbefälle","Germany",2022,"29.10.",2022-10-29,3064,"e"
"Statistik der Sterbefälle","Germany",2022,"30.10.",2022-10-30,3054,"e"
"Statistik der Sterbefälle","Germany",2022,"31.10.",2022-10-31,2862,"e"
"Statistik der Sterbefälle","Germany",2022,"01.11.",2022-11-01,2916,"e"
"Statistik der Sterbefälle","Germany",2022,"02.11.",2022-11-02,2835,"e"
"Statistik der Sterbefälle","Germany",2022,"03.11.",2022-11-03,2881,"e"
"Statistik der Sterbefälle","Germany",2022,"04.11.",2022-11-04,2932,"e"
"Statistik der Sterbefälle","Germany",2022,"05.11.",2022-11-05,2827,"e"
"Statistik der Sterbefälle","Germany",2022,"06.11.",2022-11-06,2680,"e"
"Statistik der Sterbefälle","Germany",2022,"07.11.",2022-11-07,2961,"e"
"Statistik der Sterbefälle","Germany",2022,"08.11.",2022-11-08,3022,"e"
"Statistik der Sterbefälle","Germany",2022,"09.11.",2022-11-09,2929,"e"
"Statistik der Sterbefälle","Germany",2022,"10.11.",2022-11-10,3003,"e"
"Statistik der Sterbefälle","Germany",2022,"11.11.",2022-11-11,2753,"e"
"Statistik der Sterbefälle","Germany",2022,"12.11.",2022-11-12,2734,"e"
"Statistik der Sterbefälle","Germany",2022,"13.11.",2022-11-13,2786,"e"
"Statistik der Sterbefälle","Germany",2022,"14.11.",2022-11-14,2927,"e"
"Statistik der Sterbefälle","Germany",2022,"15.11.",2022-11-15,3053,"e"
"Statistik der Sterbefälle","Germany",2022,"16.11.",2022-11-16,2937,"e"
"Statistik der Sterbefälle","Germany",2022,"17.11.",2022-11-17,2955,"e"
"Statistik der Sterbefälle","Germany",2022,"18.11.",2022-11-18,3115,"e"
"Statistik der Sterbefälle","Germany",2022,"19.11.",2022-11-19,3010,"e"
"Statistik der Sterbefälle","Germany",2022,"20.11.",2022-11-20,2828,"e"
"Statistik der Sterbefälle","Germany",2022,"21.11.",2022-11-21,3009,"e"
"Statistik der Sterbefälle","Germany",2022,"22.11.",2022-11-22,3178,"e"
"Statistik der Sterbefälle","Germany",2022,"23.11.",2022-11-23,3083,"e"
"Statistik der Sterbefälle","Germany",2022,"24.11.",2022-11-24,3068,"e"
"Statistik der Sterbefälle","Germany",2022,"25.11.",2022-11-25,3175,"e"
"Statistik der Sterbefälle","Germany",2022,"26.11.",2022-11-26,2964,"e"
"Statistik der Sterbefälle","Germany",2022,"27.11.",2022-11-27,2974,"e"
"Statistik der Sterbefälle","Germany",2022,"28.11.",2022-11-28,3147,"e"
"Statistik der Sterbefälle","Germany",2022,"29.11.",2022-11-29,3159,"e"
"Statistik der Sterbefälle","Germany",2022,"30.11.",2022-11-30,3187,"e"
"Statistik der Sterbefälle","Germany",2022,"01.12.",2022-12-01,3170,"e"
"Statistik der Sterbefälle","Germany",2022,"02.12.",2022-12-02,3299,"e"
"Statistik der Sterbefälle","Germany",2022,"03.12.",2022-12-03,3104,"e"
"Statistik der Sterbefälle","Germany",2022,"04.12.",2022-12-04,3207,"e"
"Statistik der Sterbefälle","Germany",2022,"05.12.",2022-12-05,3272,"e"
"Statistik der Sterbefälle","Germany",2022,"06.12.",2022-12-06,3477,"e"
"Statistik der Sterbefälle","Germany",2022,"07.12.",2022-12-07,3386,"e"
"Statistik der Sterbefälle","Germany",2022,"08.12.",2022-12-08,3447,"e"
"Statistik der Sterbefälle","Germany",2022,"09.12.",2022-12-09,3573,"e"
"Statistik der Sterbefälle","Germany",2022,"10.12.",2022-12-10,3572,"e"
"Statistik der Sterbefälle","Germany",2022,"11.12.",2022-12-11,3398,"e"
"Statistik der Sterbefälle","Germany",2022,"12.12.",2022-12-12,3550,"e"
"Statistik der Sterbefälle","Germany",2022,"13.12.",2022-12-13,3674,"e"
"Statistik der Sterbefälle","Germany",2022,"14.12.",2022-12-14,3760,"e"
"Statistik der Sterbefälle","Germany",2022,"15.12.",2022-12-15,3654,"e"
"Statistik der Sterbefälle","Germany",2022,"16.12.",2022-12-16,3969,"e"
"Statistik der Sterbefälle","Germany",2022,"17.12.",2022-12-17,3773,"e"
"Statistik der Sterbefälle","Germany",2022,"18.12.",2022-12-18,3597,"e"
"Statistik der Sterbefälle","Germany",2022,"19.12.",2022-12-19,4035,"e"
"Statistik der Sterbefälle","Germany",2022,"20.12.",2022-12-20,4225,"e"
"Statistik der Sterbefälle","Germany",2022,"21.12.",2022-12-21,4175,"e"
"Statistik der Sterbefälle","Germany",2022,"22.12.",2022-12-22,4211,"e"
"Statistik der Sterbefälle","Germany",2022,"23.12.",2022-12-23,4174,"e"
"Statistik der Sterbefälle","Germany",2022,"24.12.",2022-12-24,3983,"e"
"Statistik der Sterbefälle","Germany",2022,"25.12.",2022-12-25,3879,"e"
"Statistik der Sterbefälle","Germany",2022,"26.12.",2022-12-26,3905,"e"
"Statistik der Sterbefälle","Germany",2022,"27.12.",2022-12-27,3857,"e"
"Statistik der Sterbefälle","Germany",2022,"28.12.",2022-12-28,3956,"e"
"Statistik der Sterbefälle","Germany",2022,"29.12.",2022-12-29,3866,"e"
"Statistik der Sterbefälle","Germany",2022,"30.12.",2022-12-30,4010,"e"
"Statistik der Sterbefälle","Germany",2022,"31.12.",2022-12-31,3899,"e"
"Statistik der Sterbefälle","Germany",2023,"01.01.",2023-01-01,3798,"e"
"Statistik der Sterbefälle","Germany",2023,"02.01.",2023-01-02,3955,"e"
"Statistik der Sterbefälle","Germany",2023,"03.01.",2023-01-03,3722,"e"
"Statistik der Sterbefälle","Germany",2023,"04.01.",2023-01-04,3721,"e"
"Statistik der Sterbefälle","Germany",2023,"05.01.",2023-01-05,3769,"e"
"Statistik der Sterbefälle","Germany",2023,"06.01.",2023-01-06,3547,"e"
"Statistik der Sterbefälle","Germany",2023,"07.01.",2023-01-07,3469,"e"
"Statistik der Sterbefälle","Germany",2023,"08.01.",2023-01-08,3281,"e"
"Statistik der Sterbefälle","Germany",2023,"09.01.",2023-01-09,3417,"e"
"Statistik der Sterbefälle","Germany",2023,"10.01.",2023-01-10,3235,"e"
"Statistik der Sterbefälle","Germany",2023,"11.01.",2023-01-11,3401,"e"
"Statistik der Sterbefälle","Germany",2023,"12.01.",2023-01-12,3258,"e"
"Statistik der Sterbefälle","Germany",2023,"13.01.",2023-01-13,3280,"e"
"Statistik der Sterbefälle","Germany",2023,"14.01.",2023-01-14,3068,"e"
"Statistik der Sterbefälle","Germany",2023,"15.01.",2023-01-15,3054,"e"
"Statistik der Sterbefälle","Germany",2023,"16.01.",2023-01-16,3088,"e"
"Statistik der Sterbefälle","Germany",2023,"17.01.",2023-01-17,3179,"e"
"Statistik der Sterbefälle","Germany",2023,"18.01.",2023-01-18,3071,"e"
"Statistik der Sterbefälle","Germany",2023,"19.01.",2023-01-19,3078,"e"
"Statistik der Sterbefälle","Germany",2023,"20.01.",2023-01-20,3114,"e"
"Statistik der Sterbefälle","Germany",2023,"21.01.",2023-01-21,2897,"e"
"Statistik der Sterbefälle","Germany",2023,"22.01.",2023-01-22,2826,"e"
"Statistik der Sterbefälle","Germany",2023,"23.01.",2023-01-23,3064,"e"
"Statistik der Sterbefälle","Germany",2023,"24.01.",2023-01-24,2918,"e"
"Statistik der Sterbefälle","Germany",2023,"25.01.",2023-01-25,3046,"e"
"Statistik der Sterbefälle","Germany",2023,"26.01.",2023-01-26,2961,"e"
"Statistik der Sterbefälle","Germany",2023,"27.01.",2023-01-27,2969,"e"
"Statistik der Sterbefälle","Germany",2023,"28.01.",2023-01-28,2944,"e"
"Statistik der Sterbefälle","Germany",2023,"29.01.",2023-01-29,2755,"e"
"Statistik der Sterbefälle","Germany",2023,"30.01.",2023-01-30,2937,"e"
"Statistik der Sterbefälle","Germany",2023,"31.01.",2023-01-31,3055,"e"
"Statistik der Sterbefälle","Germany",2023,"01.02.",2023-02-01,3077,"e"
"Statistik der Sterbefälle","Germany",2023,"02.02.",2023-02-02,3136,"e"
"Statistik der Sterbefälle","Germany",2023,"03.02.",2023-02-03,3047,"e"
"Statistik der Sterbefälle","Germany",2023,"04.02.",2023-02-04,2956,"e"
"Statistik der Sterbefälle","Germany",2023,"05.02.",2023-02-05,2875,"e"
"Statistik der Sterbefälle","Germany",2023,"06.02.",2023-02-06,2917,"e"
"Statistik der Sterbefälle","Germany",2023,"07.02.",2023-02-07,2878,"e"
"Statistik der Sterbefälle","Germany",2023,"08.02.",2023-02-08,2993,"e"
"Statistik der Sterbefälle","Germany",2023,"09.02.",2023-02-09,2902,"e"
"Statistik der Sterbefälle","Germany",2023,"10.02.",2023-02-10,3037,"e"
"Statistik der Sterbefälle","Germany",2023,"11.02.",2023-02-11,2996,"e"
"Statistik der Sterbefälle","Germany",2023,"12.02.",2023-02-12,2824,"e"
"Statistik der Sterbefälle","Germany",2023,"13.02.",2023-02-13,2990,"e"
"Statistik der Sterbefälle","Germany",2023,"14.02.",2023-02-14,3039,"e"
"Statistik der Sterbefälle","Germany",2023,"15.02.",2023-02-15,2938,"e"
"Statistik der Sterbefälle","Germany",2023,"16.02.",2023-02-16,3062,"e"
"Statistik der Sterbefälle","Germany",2023,"17.02.",2023-02-17,3098,"e"
"Statistik der Sterbefälle","Germany",2023,"18.02.",2023-02-18,3014,"e"
"Statistik der Sterbefälle","Germany",2023,"19.02.",2023-02-19,2855,"e"
"Statistik der Sterbefälle","Germany",2023,"20.02.",2023-02-20,3002,"e"
"Statistik der Sterbefälle","Germany",2023,"21.02.",2023-02-21,3015,"e"
"Statistik der Sterbefälle","Germany",2023,"22.02.",2023-02-22,3037,"e"
"Statistik der Sterbefälle","Germany",2023,"23.02.",2023-02-23,2981,"e"
"Statistik der Sterbefälle","Germany",2023,"24.02.",2023-02-24,3098,"e"
"Statistik der Sterbefälle","Germany",2023,"25.02.",2023-02-25,2915,"e"
"Statistik der Sterbefälle","Germany",2023,"26.02.",2023-02-26,2853,"e"
"Statistik der Sterbefälle","Germany",2023,"27.02.",2023-02-27,2939,"e"
"Statistik der Sterbefälle","Germany",2023,"28.02.",2023-02-28,2957,"e"
"Statistik der Sterbefälle","Germany",2023,"01.03.",2023-03-01,3074,"e"
"Statistik der Sterbefälle","Germany",2023,"02.03.",2023-03-02,3207,"e"
"Statistik der Sterbefälle","Germany",2023,"03.03.",2023-03-03,3031,"e"
"Statistik der Sterbefälle","Germany",2023,"04.03.",2023-03-04,2966,"e"
"Statistik der Sterbefälle","Germany",2023,"05.03.",2023-03-05,2879,"e"
"Statistik der Sterbefälle","Germany",2023,"06.03.",2023-03-06,3037,"e"
"Statistik der Sterbefälle","Germany",2023,"07.03.",2023-03-07,3187,"e"
"Statistik der Sterbefälle","Germany",2023,"08.03.",2023-03-08,3108,"e"
"Statistik der Sterbefälle","Germany",2023,"09.03.",2023-03-09,3212,"e"
"Statistik der Sterbefälle","Germany",2023,"10.03.",2023-03-10,3360,"e"
"Statistik der Sterbefälle","Germany",2023,"11.03.",2023-03-11,3058,"e"
"Statistik der Sterbefälle","Germany",2023,"12.03.",2023-03-12,2973,"e"
"Statistik der Sterbefälle","Germany",2023,"13.03.",2023-03-13,3324,"e"
"Statistik der Sterbefälle","Germany",2023,"14.03.",2023-03-14,3141,"e"
"Statistik der Sterbefälle","Germany",2023,"15.03.",2023-03-15,3081,"e"
"Statistik der Sterbefälle","Germany",2023,"16.03.",2023-03-16,2992,"e"
"Statistik der Sterbefälle","Germany",2023,"17.03.",2023-03-17,3164,"e"
"Statistik der Sterbefälle","Germany",2023,"18.03.",2023-03-18,3152,"e"
"Statistik der Sterbefälle","Germany",2023,"19.03.",2023-03-19,2974,"e"
"Statistik der Sterbefälle","Germany",2023,"20.03.",2023-03-20,3200,"e"
"Statistik der Sterbefälle","Germany",2023,"21.03.",2023-03-21,3120,"e"
"Statistik der Sterbefälle","Germany",2023,"22.03.",2023-03-22,3111,"e"
"Statistik der Sterbefälle","Germany",2023,"23.03.",2023-03-23,3120,"e"
"Statistik der Sterbefälle","Germany",2023,"24.03.",2023-03-24,3128,"e"
"Statistik der Sterbefälle","Germany",2023,"25.03.",2023-03-25,2910,"e"
"Statistik der Sterbefälle","Germany",2023,"26.03.",2023-03-26,2743,"e"
"Statistik der Sterbefälle","Germany",2023,"27.03.",2023-03-27,3018,"e"
"Statistik der Sterbefälle","Germany",2023,"28.03.",2023-03-28,2962,"e"
"Statistik der Sterbefälle","Germany",2023,"29.03.",2023-03-29,2916,"e"
"Statistik der Sterbefälle","Germany",2023,"30.03.",2023-03-30,2975,"e"
"Statistik der Sterbefälle","Germany",2023,"31.03.",2023-03-31,3131,"e"
"Statistik der Sterbefälle","Germany",2023,"01.04.",2023-04-01,2967,"e"
"Statistik der Sterbefälle","Germany",2023,"02.04.",2023-04-02,2761,"e"
"Statistik der Sterbefälle","Germany",2023,"03.04.",2023-04-03,2837,"e"
"Statistik der Sterbefälle","Germany",2023,"04.04.",2023-04-04,2869,"e"
"Statistik der Sterbefälle","Germany",2023,"05.04.",2023-04-05,2886,"e"
"Statistik der Sterbefälle","Germany",2023,"06.04.",2023-04-06,2915,"e"
"Statistik der Sterbefälle","Germany",2023,"07.04.",2023-04-07,2902,"e"
"Statistik der Sterbefälle","Germany",2023,"08.04.",2023-04-08,2790,"e"
"Statistik der Sterbefälle","Germany",2023,"09.04.",2023-04-09,2775,"e"
"Statistik der Sterbefälle","Germany",2023,"10.04.",2023-04-10,2682,"e"
"Statistik der Sterbefälle","Germany",2023,"11.04.",2023-04-11,2935,"e"
"Statistik der Sterbefälle","Germany",2023,"12.04.",2023-04-12,2997,"e"
"Statistik der Sterbefälle","Germany",2023,"13.04.",2023-04-13,3051,"e"
"Statistik der Sterbefälle","Germany",2023,"14.04.",2023-04-14,2923,"e"
"Statistik der Sterbefälle","Germany",2023,"15.04.",2023-04-15,2852,"e"
"Statistik der Sterbefälle","Germany",2023,"16.04.",2023-04-16,2717,"e"
"Statistik der Sterbefälle","Germany",2023,"17.04.",2023-04-17,2826,"e"
"Statistik der Sterbefälle","Germany",2023,"18.04.",2023-04-18,2855,"e"
"Statistik der Sterbefälle","Germany",2023,"19.04.",2023-04-19,2822,"e"
"Statistik der Sterbefälle","Germany",2023,"20.04.",2023-04-20,2763,"e"
"Statistik der Sterbefälle","Germany",2023,"21.04.",2023-04-21,2892,"e"
"Statistik der Sterbefälle","Germany",2023,"22.04.",2023-04-22,2923,"e"
"Statistik der Sterbefälle","Germany",2023,"23.04.",2023-04-23,2780,"e"
"Statistik der Sterbefälle","Germany",2023,"24.04.",2023-04-24,2842,"e"
"Statistik der Sterbefälle","Germany",2023,"25.04.",2023-04-25,2821,"e"
"Statistik der Sterbefälle","Germany",2023,"26.04.",2023-04-26,2715,"e"
"Statistik der Sterbefälle","Germany",2023,"27.04.",2023-04-27,2662,"e"
"Statistik der Sterbefälle","Germany",2023,"28.04.",2023-04-28,2798,"e"
"Statistik der Sterbefälle","Germany",2023,"29.04.",2023-04-29,2832,"e"
"Statistik der Sterbefälle","Germany",2023,"30.04.",2023-04-30,2640,"e"
"Statistik der Sterbefälle","Germany",2023,"01.05.",2023-05-01,2684,"e"
"Statistik der Sterbefälle","Germany",2023,"02.05.",2023-05-02,2684,"e"
"Statistik der Sterbefälle","Germany",2023,"03.05.",2023-05-03,2658,"e"
"Statistik der Sterbefälle","Germany",2023,"04.05.",2023-05-04,2913,"e"
"Statistik der Sterbefälle","Germany",2023,"05.05.",2023-05-05,2837,"e"
"Statistik der Sterbefälle","Germany",2023,"06.05.",2023-05-06,2703,"e"
"Statistik der Sterbefälle","Germany",2023,"07.05.",2023-05-07,2576,"e"
"Statistik der Sterbefälle","Germany",2023,"08.05.",2023-05-08,2774,"e"
"Statistik der Sterbefälle","Germany",2023,"09.05.",2023-05-09,2849,"e"
"Statistik der Sterbefälle","Germany",2023,"10.05.",2023-05-10,2843,"e"
"Statistik der Sterbefälle","Germany",2023,"11.05.",2023-05-11,2656,"e"
"Statistik der Sterbefälle","Germany",2023,"12.05.",2023-05-12,2678,"e"
"Statistik der Sterbefälle","Germany",2023,"13.05.",2023-05-13,2580,"e"
"Statistik der Sterbefälle","Germany",2023,"14.05.",2023-05-14,2516,"e"
"Statistik der Sterbefälle","Germany",2023,"15.05.",2023-05-15,2725,"e"
"Statistik der Sterbefälle","Germany",2023,"16.05.",2023-05-16,2694,"e"
"Statistik der Sterbefälle","Germany",2023,"17.05.",2023-05-17,2518,"e"
"Statistik der Sterbefälle","Germany",2023,"18.05.",2023-05-18,2529,"e"
"Statistik der Sterbefälle","Germany",2023,"19.05.",2023-05-19,2635,"e"
"Statistik der Sterbefälle","Germany",2023,"20.05.",2023-05-20,2585,"e"
"Statistik der Sterbefälle","Germany",2023,"21.05.",2023-05-21,2699,"e"
"Statistik der Sterbefälle","Germany",2023,"22.05.",2023-05-22,2935,"e"
"Statistik der Sterbefälle","Germany",2023,"23.05.",2023-05-23,2649,"e"
"Statistik der Sterbefälle","Germany",2023,"24.05.",2023-05-24,2589,"e"
"Statistik der Sterbefälle","Germany",2023,"25.05.",2023-05-25,2638,"e"
"Statistik der Sterbefälle","Germany",2023,"26.05.",2023-05-26,2578,"e"
"Statistik der Sterbefälle","Germany",2023,"27.05.",2023-05-27,2522,"e"
"Statistik der Sterbefälle","Germany",2023,"28.05.",2023-05-28,2505,"e"
"Statistik der Sterbefälle","Germany",2023,"29.05.",2023-05-29,2465,"e"
"Statistik der Sterbefälle","Germany",2023,"30.05.",2023-05-30,2566,"e"
"Statistik der Sterbefälle","Germany",2023,"31.05.",2023-05-31,2720,"e"
"Statistik der Sterbefälle","Germany",2023,"01.06.",2023-06-01,2746,"e"
"Statistik der Sterbefälle","Germany",2023,"02.06.",2023-06-02,2636,"e"
"Statistik der Sterbefälle","Germany",2023,"03.06.",2023-06-03,2422,"e"
"Statistik der Sterbefälle","Germany",2023,"04.06.",2023-06-04,2477,"e"
"Statistik der Sterbefälle","Germany",2023,"05.06.",2023-06-05,2643,"e"
"Statistik der Sterbefälle","Germany",2023,"06.06.",2023-06-06,2591,"e"
"Statistik der Sterbefälle","Germany",2023,"07.06.",2023-06-07,2711,"e"
"Statistik der Sterbefälle","Germany",2023,"08.06.",2023-06-08,2559,"e"
"Statistik der Sterbefälle","Germany",2023,"09.06.",2023-06-09,2793,"e"
"Statistik der Sterbefälle","Germany",2023,"10.06.",2023-06-10,2551,"e"
"Statistik der Sterbefälle","Germany",2023,"11.06.",2023-06-11,2541,"e"
"Statistik der Sterbefälle","Germany",2023,"12.06.",2023-06-12,2554,"e"
"Statistik der Sterbefälle","Germany",2023,"13.06.",2023-06-13,2538,"e"
"Statistik der Sterbefälle","Germany",2023,"14.06.",2023-06-14,2617,"e"
"Statistik der Sterbefälle","Germany",2023,"15.06.",2023-06-15,2607,"e"
"Statistik der Sterbefälle","Germany",2023,"16.06.",2023-06-16,2546,"e"
"Statistik der Sterbefälle","Germany",2023,"17.06.",2023-06-17,2501,"e"
"Statistik der Sterbefälle","Germany",2023,"18.06.",2023-06-18,2494,"e"
"Statistik der Sterbefälle","Germany",2023,"19.06.",2023-06-19,2715,"e"
"Statistik der Sterbefälle","Germany",2023,"20.06.",2023-06-20,2657,"e"
"Statistik der Sterbefälle","Germany",2023,"21.06.",2023-06-21,2776,"e"
"Statistik der Sterbefälle","Germany",2023,"22.06.",2023-06-22,2657,"e"
"Statistik der Sterbefälle","Germany",2023,"23.06.",2023-06-23,2549,"e"
"Statistik der Sterbefälle","Germany",2023,"24.06.",2023-06-24,2438,"e"
"Statistik der Sterbefälle","Germany",2023,"25.06.",2023-06-25,2305,"e"
"Statistik der Sterbefälle","Germany",2023,"26.06.",2023-06-26,2570,"e"
"Statistik der Sterbefälle","Germany",2023,"27.06.",2023-06-27,2399,"e"
"Statistik der Sterbefälle","Germany",2023,"28.06.",2023-06-28,2436,"e"
"Statistik der Sterbefälle","Germany",2023,"29.06.",2023-06-29,2558,"e"
"Statistik der Sterbefälle","Germany",2023,"30.06.",2023-06-30,2490,"e"
"Statistik der Sterbefälle","Germany",2023,"01.07.",2023-07-01,2356,"e"
"Statistik der Sterbefälle","Germany",2023,"02.07.",2023-07-02,2250,"e"
"Statistik der Sterbefälle","Germany",2023,"03.07.",2023-07-03,2315,"e"
"Statistik der Sterbefälle","Germany",2023,"04.07.",2023-07-04,2429,"e"
"Statistik der Sterbefälle","Germany",2023,"05.07.",2023-07-05,2441,"e"
"Statistik der Sterbefälle","Germany",2023,"06.07.",2023-07-06,2422,"e"
"Statistik der Sterbefälle","Germany",2023,"07.07.",2023-07-07,2453,"e"
"Statistik der Sterbefälle","Germany",2023,"08.07.",2023-07-08,2490,"e"
"Statistik der Sterbefälle","Germany",2023,"09.07.",2023-07-09,2618,"e"
"Statistik der Sterbefälle","Germany",2023,"10.07.",2023-07-10,2673,"e"
"Statistik der Sterbefälle","Germany",2023,"11.07.",2023-07-11,2626,"e"
"Statistik der Sterbefälle","Germany",2023,"12.07.",2023-07-12,2652,"e"
"Statistik der Sterbefälle","Germany",2023,"13.07.",2023-07-13,2396,"e"
"Statistik der Sterbefälle","Germany",2023,"14.07.",2023-07-14,2567,"e"
"Statistik der Sterbefälle","Germany",2023,"15.07.",2023-07-15,2491,"e"
"Statistik der Sterbefälle","Germany",2023,"16.07.",2023-07-16,2353,"e"
"Statistik der Sterbefälle","Germany",2023,"17.07.",2023-07-17,2383,"e"
"Statistik der Sterbefälle","Germany",2023,"18.07.",2023-07-18,2464,"e"
"Statistik der Sterbefälle","Germany",2023,"19.07.",2023-07-19,2487,"e"
"Statistik der Sterbefälle","Germany",2023,"20.07.",2023-07-20,2514,"e"
"Statistik der Sterbefälle","Germany",2023,"21.07.",2023-07-21,2337,"e"
"Statistik der Sterbefälle","Germany",2023,"22.07.",2023-07-22,2288,"e"
"Statistik der Sterbefälle","Germany",2023,"23.07.",2023-07-23,2306,"e"
"Statistik der Sterbefälle","Germany",2023,"24.07.",2023-07-24,2531,"e"
"Statistik der Sterbefälle","Germany",2023,"25.07.",2023-07-25,2398,"e"
"Statistik der Sterbefälle","Germany",2023,"26.07.",2023-07-26,2369,"e"
"Statistik der Sterbefälle","Germany",2023,"27.07.",2023-07-27,2395,"e"
"Statistik der Sterbefälle","Germany",2023,"28.07.",2023-07-28,2522,"e"
"Statistik der Sterbefälle","Germany",2023,"29.07.",2023-07-29,2498,"e"
"Statistik der Sterbefälle","Germany",2023,"30.07.",2023-07-30,2263,"e"
"Statistik der Sterbefälle","Germany",2023,"31.07.",2023-07-31,2207,"e"
"Statistik der Sterbefälle","Germany",2023,"01.08.",2023-08-01,2478,"e"
"Statistik der Sterbefälle","Germany",2023,"02.08.",2023-08-02,2447,"e"
"Statistik der Sterbefälle","Germany",2023,"03.08.",2023-08-03,2574,"e"
"Statistik der Sterbefälle","Germany",2023,"04.08.",2023-08-04,2481,"e"
"Statistik der Sterbefälle","Germany",2023,"05.08.",2023-08-05,2356,"e"
"Statistik der Sterbefälle","Germany",2023,"06.08.",2023-08-06,2342,"e"
"Statistik der Sterbefälle","Germany",2023,"07.08.",2023-08-07,2361,"e"
"Statistik der Sterbefälle","Germany",2023,"08.08.",2023-08-08,2374,"e"
"Statistik der Sterbefälle","Germany",2023,"09.08.",2023-08-09,2456,"e"
"Statistik der Sterbefälle","Germany",2023,"10.08.",2023-08-10,2511,"e"
"Statistik der Sterbefälle","Germany",2023,"11.08.",2023-08-11,2557,"e"
"Statistik der Sterbefälle","Germany",2023,"12.08.",2023-08-12,2693,"e"
"Statistik der Sterbefälle","Germany",2023,"13.08.",2023-08-13,2527,"e"
"Statistik der Sterbefälle","Germany",2023,"14.08.",2023-08-14,2544,"e"
"Statistik der Sterbefälle","Germany",2023,"15.08.",2023-08-15,2705,"e"
"Statistik der Sterbefälle","Germany",2023,"16.08.",2023-08-16,2688,"e"
"Statistik der Sterbefälle","Germany",2023,"17.08.",2023-08-17,2634,"e"
"Statistik der Sterbefälle","Germany",2023,"18.08.",2023-08-18,2677,"e"
"Statistik der Sterbefälle","Germany",2023,"19.08.",2023-08-19,2688,"e"
"Statistik der Sterbefälle","Germany",2023,"20.08.",2023-08-20,2562,"e"
"Statistik der Sterbefälle","Germany",2023,"21.08.",2023-08-21,2680,"e"
"Statistik der Sterbefälle","Germany",2023,"22.08.",2023-08-22,2655,"e"
"Statistik der Sterbefälle","Germany",2023,"23.08.",2023-08-23,2681,"e"
"Statistik der Sterbefälle","Germany",2023,"24.08.",2023-08-24,2657,"e"
"Statistik der Sterbefälle","Germany",2023,"25.08.",2023-08-25,2707,"e"
"Statistik der Sterbefälle","Germany",2023,"26.08.",2023-08-26,2460,"e"
"Statistik der Sterbefälle","Germany",2023,"27.08.",2023-08-27,2319,"e"
"Statistik der Sterbefälle","Germany",2023,"28.08.",2023-08-28,2316,"e"
"Statistik der Sterbefälle","Germany",2023,"29.08.",2023-08-29,2443,"e"
"Statistik der Sterbefälle","Germany",2023,"30.08.",2023-08-30,2405,"e"
"Statistik der Sterbefälle","Germany",2023,"31.08.",2023-08-31,2447,"e"
"Statistik der Sterbefälle","Germany",2023,"01.09.",2023-09-01,2427,"e"
"Statistik der Sterbefälle","Germany",2023,"02.09.",2023-09-02,2373,"e"
"Statistik der Sterbefälle","Germany",2023,"03.09.",2023-09-03,2361,"e"
"Statistik der Sterbefälle","Germany",2023,"04.09.",2023-09-04,2527,"e"
"Statistik der Sterbefälle","Germany",2023,"05.09.",2023-09-05,2550,"e"
"Statistik der Sterbefälle","Germany",2023,"06.09.",2023-09-06,2541,"e"
"Statistik der Sterbefälle","Germany",2023,"07.09.",2023-09-07,2656,"e"
"Statistik der Sterbefälle","Germany",2023,"08.09.",2023-09-08,2570,"e"
"Statistik der Sterbefälle","Germany",2023,"09.09.",2023-09-09,2681,"e"
"Statistik der Sterbefälle","Germany",2023,"10.09.",2023-09-10,2626,"e"
"Statistik der Sterbefälle","Germany",2023,"11.09.",2023-09-11,2651,"e"
"Statistik der Sterbefälle","Germany",2023,"12.09.",2023-09-12,2666,"e"
"Statistik der Sterbefälle","Germany",2023,"13.09.",2023-09-13,2664,"e"
"Statistik der Sterbefälle","Germany",2023,"14.09.",2023-09-14,2461,"e"
"Statistik der Sterbefälle","Germany",2023,"15.09.",2023-09-15,2465,"e"
"Statistik der Sterbefälle","Germany",2023,"16.09.",2023-09-16,2569,"e"
"Statistik der Sterbefälle","Germany",2023,"17.09.",2023-09-17,2452,"e"
"Statistik der Sterbefälle","Germany",2023,"18.09.",2023-09-18,2598,"e"
"Statistik der Sterbefälle","Germany",2023,"19.09.",2023-09-19,2525,"e"
"Statistik der Sterbefälle","Germany",2023,"20.09.",2023-09-20,2504,"e"
"Statistik der Sterbefälle","Germany",2023,"21.09.",2023-09-21,2577,"e"
"Statistik der Sterbefälle","Germany",2023,"22.09.",2023-09-22,2584,"e"
"Statistik der Sterbefälle","Germany",2023,"23.09.",2023-09-23,2366,"e"
"Statistik der Sterbefälle","Germany",2023,"24.09.",2023-09-24,2238,"e"
"Statistik der Sterbefälle","Germany",2023,"25.09.",2023-09-25,2452,"e"
"Statistik der Sterbefälle","Germany",2023,"26.09.",2023-09-26,2503,"e"
"Statistik der Sterbefälle","Germany",2023,"27.09.",2023-09-27,2608,"e"
"Statistik der Sterbefälle","Germany",2023,"28.09.",2023-09-28,2672,"e"
"Statistik der Sterbefälle","Germany",2023,"29.09.",2023-09-29,2547,"e"
"Statistik der Sterbefälle","Germany",2023,"30.09.",2023-09-30,2475,"e"
"Statistik der Sterbefälle","Germany",2023,"01.10.",2023-10-01,2413,"e"
"Statistik der Sterbefälle","Germany",2023,"02.10.",2023-10-02,2690,"e"
"Statistik der Sterbefälle","Germany",2023,"03.10.",2023-10-03,2647,"e"
"Statistik der Sterbefälle","Germany",2023,"04.10.",2023-10-04,2529,"e"
"Statistik der Sterbefälle","Germany",2023,"05.10.",2023-10-05,2504,"e"
"Statistik der Sterbefälle","Germany",2023,"06.10.",2023-10-06,2642,"e"
"Statistik der Sterbefälle","Germany",2023,"07.10.",2023-10-07,2559,"e"
"Statistik der Sterbefälle","Germany",2023,"08.10.",2023-10-08,2645,"e"
"Statistik der Sterbefälle","Germany",2023,"09.10.",2023-10-09,2652,"e"
"Statistik der Sterbefälle","Germany",2023,"10.10.",2023-10-10,2728,"e"
"Statistik der Sterbefälle","Germany",2023,"11.10.",2023-10-11,2731,"e"
"Statistik der Sterbefälle","Germany",2023,"12.10.",2023-10-12,2740,"e"
"Statistik der Sterbefälle","Germany",2023,"13.10.",2023-10-13,2790,"e"
"Statistik der Sterbefälle","Germany",2023,"14.10.",2023-10-14,2672,"e"
"Statistik der Sterbefälle","Germany",2023,"15.10.",2023-10-15,2490,"e"
"Statistik der Sterbefälle","Germany",2023,"16.10.",2023-10-16,2602,"e"
"Statistik der Sterbefälle","Germany",2023,"17.10.",2023-10-17,2748,"e"
"Statistik der Sterbefälle","Germany",2023,"18.10.",2023-10-18,2759,"e"
"Statistik der Sterbefälle","Germany",2023,"19.10.",2023-10-19,2853,"e"
"Statistik der Sterbefälle","Germany",2023,"20.10.",2023-10-20,2988,"e"
"Statistik der Sterbefälle","Germany",2023,"21.10.",2023-10-21,2923,"e"
"Statistik der Sterbefälle","Germany",2023,"22.10.",2023-10-22,2619,"e"
"Statistik der Sterbefälle","Germany",2023,"23.10.",2023-10-23,2869,"e"
"Statistik der Sterbefälle","Germany",2023,"24.10.",2023-10-24,2864,"e"
"Statistik der Sterbefälle","Germany",2023,"25.10.",2023-10-25,2883,"e"
"Statistik der Sterbefälle","Germany",2023,"26.10.",2023-10-26,2941,"e"
"Statistik der Sterbefälle","Germany",2023,"27.10.",2023-10-27,2965,"e"
"Statistik der Sterbefälle","Germany",2023,"28.10.",2023-10-28,2882,"e"
"Statistik der Sterbefälle","Germany",2023,"29.10.",2023-10-29,2887,"e"
"Statistik der Sterbefälle","Germany",2023,"30.10.",2023-10-30,2884,"e"
"Statistik der Sterbefälle","Germany",2023,"31.10.",2023-10-31,2954,"e"
"Statistik der Sterbefälle","Germany",2023,"01.11.",2023-11-01,2921,"e"
"Statistik der Sterbefälle","Germany",2023,"02.11.",2023-11-02,3019,"e"
"Statistik der Sterbefälle","Germany",2023,"03.11.",2023-11-03,2917,"e"
"Statistik der Sterbefälle","Germany",2023,"04.11.",2023-11-04,2919,"e"
"Statistik der Sterbefälle","Germany",2023,"05.11.",2023-11-05,2778,"e"
"Statistik der Sterbefälle","Germany",2023,"06.11.",2023-11-06,2900,"e"
"Statistik der Sterbefälle","Germany",2023,"07.11.",2023-11-07,3002,"e"
"Statistik der Sterbefälle","Germany",2023,"08.11.",2023-11-08,2934,"e"
"Statistik der Sterbefälle","Germany",2023,"09.11.",2023-11-09,3029,"e"
"Statistik der Sterbefälle","Germany",2023,"10.11.",2023-11-10,3043,"e"
"Statistik der Sterbefälle","Germany",2023,"11.11.",2023-11-11,2864,"e"
"Statistik der Sterbefälle","Germany",2023,"12.11.",2023-11-12,2849,"e"
"Statistik der Sterbefälle","Germany",2023,"13.11.",2023-11-13,3026,"e"
"Statistik der Sterbefälle","Germany",2023,"14.11.",2023-11-14,2991,"e"
"Statistik der Sterbefälle","Germany",2023,"15.11.",2023-11-15,3004,"e"
"Statistik der Sterbefälle","Germany",2023,"16.11.",2023-11-16,3002,"e"
"Statistik der Sterbefälle","Germany",2023,"17.11.",2023-11-17,2939,"e"
"Statistik der Sterbefälle","Germany",2023,"18.11.",2023-11-18,2894,"e"
"Statistik der Sterbefälle","Germany",2023,"19.11.",2023-11-19,2981,"e"
"Statistik der Sterbefälle","Germany",2023,"20.11.",2023-11-20,3095,"e"
"Statistik der Sterbefälle","Germany",2023,"21.11.",2023-11-21,2906,"e"
"Statistik der Sterbefälle","Germany",2023,"22.11.",2023-11-22,2920,"e"
"Statistik der Sterbefälle","Germany",2023,"23.11.",2023-11-23,3110,"e"
"Statistik der Sterbefälle","Germany",2023,"24.11.",2023-11-24,3175,"e"
"Statistik der Sterbefälle","Germany",2023,"25.11.",2023-11-25,3027,"e"
"Statistik der Sterbefälle","Germany",2023,"26.11.",2023-11-26,2866,"e"
"Statistik der Sterbefälle","Germany",2023,"27.11.",2023-11-27,3059,"e"
"Statistik der Sterbefälle","Germany",2023,"28.11.",2023-11-28,3229,"e"
"Statistik der Sterbefälle","Germany",2023,"29.11.",2023-11-29,3126,"e"
"Statistik der Sterbefälle","Germany",2023,"30.11.",2023-11-30,3158,"e"
"Statistik der Sterbefälle","Germany",2023,"01.12.",2023-12-01,3208,"e"
"Statistik der Sterbefälle","Germany",2023,"02.12.",2023-12-02,3227,"e"
"Statistik der Sterbefälle","Germany",2023,"03.12.",2023-12-03,3051,"e"
"Statistik der Sterbefälle","Germany",2023,"04.12.",2023-12-04,3284,"e"
"Statistik der Sterbefälle","Germany",2023,"05.12.",2023-12-05,3240,"e"
"Statistik der Sterbefälle","Germany",2023,"06.12.",2023-12-06,3311,"e"
"Statistik der Sterbefälle","Germany",2023,"07.12.",2023-12-07,3389,"e"
"Statistik der Sterbefälle","Germany",2023,"08.12.",2023-12-08,3261,"e"
"Statistik der Sterbefälle","Germany",2023,"09.12.",2023-12-09,3299,"e"
"Statistik der Sterbefälle","Germany",2023,"10.12.",2023-12-10,3222,"e"
"Statistik der Sterbefälle","Germany",2023,"11.12.",2023-12-11,3375,"e"
"Statistik der Sterbefälle","Germany",2023,"12.12.",2023-12-12,3399,"e"
"Statistik der Sterbefälle","Germany",2023,"13.12.",2023-12-13,3343,"e"
"Statistik der Sterbefälle","Germany",2023,"14.12.",2023-12-14,3215,"e"
"Statistik der Sterbefälle","Germany",2023,"15.12.",2023-12-15,3163,"e"
"Statistik der Sterbefälle","Germany",2023,"16.12.",2023-12-16,3141,"e"
"Statistik der Sterbefälle","Germany",2023,"17.12.",2023-12-17,3064,"e"
"Statistik der Sterbefälle","Germany",2023,"18.12.",2023-12-18,3199,"e"
"Statistik der Sterbefälle","Germany",2023,"19.12.",2023-12-19,3279,"e"
"Statistik der Sterbefälle","Germany",2023,"20.12.",2023-12-20,3257,"e"
"Statistik der Sterbefälle","Germany",2023,"21.12.",2023-12-21,3473,"e"
"Statistik der Sterbefälle","Germany",2023,"22.12.",2023-12-22,3505,"e"
"Statistik der Sterbefälle","Germany",2023,"23.12.",2023-12-23,3231,"e"
"Statistik der Sterbefälle","Germany",2023,"24.12.",2023-12-24,3224,"e"
"Statistik der Sterbefälle","Germany",2023,"25.12.",2023-12-25,3249,"e"
"Statistik der Sterbefälle","Germany",2023,"26.12.",2023-12-26,3114,"e"
"Statistik der Sterbefälle","Germany",2023,"27.12.",2023-12-27,3175,"e"
"Statistik der Sterbefälle","Germany",2023,"28.12.",2023-12-28,3142,"e"
"Statistik der Sterbefälle","Germany",2023,"29.12.",2023-12-29,3307,"e"
"Statistik der Sterbefälle","Germany",2023,"30.12.",2023-12-30,3209,"e"
"Statistik der Sterbefälle","Germany",2023,"31.12.",2023-12-31,2934,"e"
"Statistik der Sterbefälle","Germany",2024,"01.01.",2024-01-01,3053,"e"
"Statistik der Sterbefälle","Germany",2024,"02.01.",2024-01-02,3186,"e"
"Statistik der Sterbefälle","Germany",2024,"03.01.",2024-01-03,3263,"e"
"Statistik der Sterbefälle","Germany",2024,"04.01.",2024-01-04,3158,"e"
"Statistik der Sterbefälle","Germany",2024,"05.01.",2024-01-05,3192,"e"
"Statistik der Sterbefälle","Germany",2024,"06.01.",2024-01-06,3035,"e"
"Statistik der Sterbefälle","Germany",2024,"07.01.",2024-01-07,2964,"e"
"Statistik der Sterbefälle","Germany",2024,"08.01.",2024-01-08,3104,"e"
"Statistik der Sterbefälle","Germany",2024,"09.01.",2024-01-09,2998,"e"
"Statistik der Sterbefälle","Germany",2024,"10.01.",2024-01-10,3056,"e"
"Statistik der Sterbefälle","Germany",2024,"11.01.",2024-01-11,3008,"e"
"Statistik der Sterbefälle","Germany",2024,"12.01.",2024-01-12,3201,"e"
"Statistik der Sterbefälle","Germany",2024,"13.01.",2024-01-13,3085,"e"
"Statistik der Sterbefälle","Germany",2024,"14.01.",2024-01-14,2986,"e"
"Statistik der Sterbefälle","Germany",2024,"15.01.",2024-01-15,3225,"e"
"Statistik der Sterbefälle","Germany",2024,"16.01.",2024-01-16,3262,"e"
"Statistik der Sterbefälle","Germany",2024,"17.01.",2024-01-17,3190,"e"
"Statistik der Sterbefälle","Germany",2024,"18.01.",2024-01-18,3214,"e"
"Statistik der Sterbefälle","Germany",2024,"19.01.",2024-01-19,3067,"e"
"Statistik der Sterbefälle","Germany",2024,"20.01.",2024-01-20,2983,"e"
"Statistik der Sterbefälle","Germany",2024,"21.01.",2024-01-21,2874,"e"
"Statistik der Sterbefälle","Germany",2024,"22.01.",2024-01-22,3304,"e"
"Statistik der Sterbefälle","Germany",2024,"23.01.",2024-01-23,3209,"e"
"Statistik der Sterbefälle","Germany",2024,"24.01.",2024-01-24,3255,"e"
"Statistik der Sterbefälle","Germany",2024,"25.01.",2024-01-25,3247,"e"
"Statistik der Sterbefälle","Germany",2024,"26.01.",2024-01-26,3288,"e"
"Statistik der Sterbefälle","Germany",2024,"27.01.",2024-01-27,2969,"e"
"Statistik der Sterbefälle","Germany",2024,"28.01.",2024-01-28,2859,"e"
"Statistik der Sterbefälle","Germany",2024,"29.01.",2024-01-29,3096,"e"
"Statistik der Sterbefälle","Germany",2024,"30.01.",2024-01-30,3162,"e"
"Statistik der Sterbefälle","Germany",2024,"31.01.",2024-01-31,3076,"e"
"Statistik der Sterbefälle","Germany",2024,"01.02.",2024-02-01,3204,"e"
"Statistik der Sterbefälle","Germany",2024,"02.02.",2024-02-02,3242,"e"
"Statistik der Sterbefälle","Germany",2024,"03.02.",2024-02-03,3146,"e"
"Statistik der Sterbefälle","Germany",2024,"04.02.",2024-02-04,3008,"e"
"Statistik der Sterbefälle","Germany",2024,"05.02.",2024-02-05,3211,"e"
"Statistik der Sterbefälle","Germany",2024,"06.02.",2024-02-06,3130,"e"
"Statistik der Sterbefälle","Germany",2024,"07.02.",2024-02-07,3184,"e"
"Statistik der Sterbefälle","Germany",2024,"08.02.",2024-02-08,3262,"e"
"Statistik der Sterbefälle","Germany",2024,"09.02.",2024-02-09,3282,"e"
"Statistik der Sterbefälle","Germany",2024,"10.02.",2024-02-10,3227,"e"
"Statistik der Sterbefälle","Germany",2024,"11.02.",2024-02-11,2954,"e"
"Statistik der Sterbefälle","Germany",2024,"12.02.",2024-02-12,3091,"e"
"Statistik der Sterbefälle","Germany",2024,"13.02.",2024-02-13,3084,"e"
"Statistik der Sterbefälle","Germany",2024,"14.02.",2024-02-14,3028,"e"
"Statistik der Sterbefälle","Germany",2024,"15.02.",2024-02-15,3161,"e"
"Statistik der Sterbefälle","Germany",2024,"16.02.",2024-02-16,3076,"e"
"Statistik der Sterbefälle","Germany",2024,"17.02.",2024-02-17,2908,"e"
"Statistik der Sterbefälle","Germany",2024,"18.02.",2024-02-18,2864,"e"
"Statistik der Sterbefälle","Germany",2024,"19.02.",2024-02-19,2969,"e"
"Statistik der Sterbefälle","Germany",2024,"20.02.",2024-02-20,2926,"e"
"Statistik der Sterbefälle","Germany",2024,"21.02.",2024-02-21,2882,"e"
"Statistik der Sterbefälle","Germany",2024,"22.02.",2024-02-22,3009,"e"
"Statistik der Sterbefälle","Germany",2024,"23.02.",2024-02-23,2856,"e"
"Statistik der Sterbefälle","Germany",2024,"24.02.",2024-02-24,2862,"e"
"Statistik der Sterbefälle","Germany",2024,"25.02.",2024-02-25,2721,"e"
"Statistik der Sterbefälle","Germany",2024,"26.02.",2024-02-26,2842,"e"
"Statistik der Sterbefälle","Germany",2024,"27.02.",2024-02-27,2904,"e"
"Statistik der Sterbefälle","Germany",2024,"28.02.",2024-02-28,2882,"e"
"Statistik der Sterbefälle","Germany",2024,"29.02.",2024-02-29,2801,"e"
"Statistik der Sterbefälle","Germany",2024,"01.03.",2024-03-01,2919,"e"
"Statistik der Sterbefälle","Germany",2024,"02.03.",2024-03-02,2820,"e"
"Statistik der Sterbefälle","Germany",2024,"03.03.",2024-03-03,2750,"e"
"Statistik der Sterbefälle","Germany",2024,"04.03.",2024-03-04,2774,"e"
"Statistik der Sterbefälle","Germany",2024,"05.03.",2024-03-05,2716,"e"
"Statistik der Sterbefälle","Germany",2024,"06.03.",2024-03-06,2826,"e"
"Statistik der Sterbefälle","Germany",2024,"07.03.",2024-03-07,2711,"e"
"Statistik der Sterbefälle","Germany",2024,"08.03.",2024-03-08,2770,"e"
"Statistik der Sterbefälle","Germany",2024,"09.03.",2024-03-09,2748,"e"
"Statistik der Sterbefälle","Germany",2024,"10.03.",2024-03-10,2788,"e"
"Statistik der Sterbefälle","Germany",2024,"11.03.",2024-03-11,2861,"e"
"Statistik der Sterbefälle","Germany",2024,"12.03.",2024-03-12,2822,"e"
"Statistik der Sterbefälle","Germany",2024,"13.03.",2024-03-13,2818,"e"
"Statistik der Sterbefälle","Germany",2024,"14.03.",2024-03-14,2900,"e"
"Statistik der Sterbefälle","Germany",2024,"15.03.",2024-03-15,2815,"e"
"Statistik der Sterbefälle","Germany",2024,"16.03.",2024-03-16,2675,"e"
"Statistik der Sterbefälle","Germany",2024,"17.03.",2024-03-17,2521,"e"
"Statistik der Sterbefälle","Germany",2024,"18.03.",2024-03-18,2681,"e"
"Statistik der Sterbefälle","Germany",2024,"19.03.",2024-03-19,2735,"e"
"Statistik der Sterbefälle","Germany",2024,"20.03.",2024-03-20,2702,"e"
"Statistik der Sterbefälle","Germany",2024,"21.03.",2024-03-21,2736,"e"
"Statistik der Sterbefälle","Germany",2024,"22.03.",2024-03-22,2777,"e"
"Statistik der Sterbefälle","Germany",2024,"23.03.",2024-03-23,2603,"e"
"Statistik der Sterbefälle","Germany",2024,"24.03.",2024-03-24,2519,"e"
"Statistik der Sterbefälle","Germany",2024,"25.03.",2024-03-25,2590,"e"
"Statistik der Sterbefälle","Germany",2024,"26.03.",2024-03-26,2690,"e"
"Statistik der Sterbefälle","Germany",2024,"27.03.",2024-03-27,2848,"e"
"Statistik der Sterbefälle","Germany",2024,"28.03.",2024-03-28,2924,"e"
"Statistik der Sterbefälle","Germany",2024,"29.03.",2024-03-29,2656,"e"
"Statistik der Sterbefälle","Germany",2024,"30.03.",2024-03-30,2601,"e"
"Statistik der Sterbefälle","Germany",2024,"31.03.",2024-03-31,2533,"e"
"Statistik der Sterbefälle","Germany",2024,"01.04.",2024-04-01,2646,"e"
"Statistik der Sterbefälle","Germany",2024,"02.04.",2024-04-02,2643,"e"
"Statistik der Sterbefälle","Germany",2024,"03.04.",2024-04-03,2713,"e"
"Statistik der Sterbefälle","Germany",2024,"04.04.",2024-04-04,2705,"e"
"Statistik der Sterbefälle","Germany",2024,"05.04.",2024-04-05,2838,"e"
"Statistik der Sterbefälle","Germany",2024,"06.04.",2024-04-06,2802,"e"
"Statistik der Sterbefälle","Germany",2024,"07.04.",2024-04-07,2736,"e"
"Statistik der Sterbefälle","Germany",2024,"08.04.",2024-04-08,2886,"e"
"Statistik der Sterbefälle","Germany",2024,"09.04.",2024-04-09,2729,"e"
"Statistik der Sterbefälle","Germany",2024,"10.04.",2024-04-10,2471,"e"
"Statistik der Sterbefälle","Germany",2024,"11.04.",2024-04-11,2582,"e"
"Statistik der Sterbefälle","Germany",2024,"12.04.",2024-04-12,2601,"e"
"Statistik der Sterbefälle","Germany",2024,"13.04.",2024-04-13,2613,"e"
"Statistik der Sterbefälle","Germany",2024,"14.04.",2024-04-14,2534,"e"
"Statistik der Sterbefälle","Germany",2024,"15.04.",2024-04-15,2573,"e"
"Statistik der Sterbefälle","Germany",2024,"16.04.",2024-04-16,2600,"e"
"Statistik der Sterbefälle","Germany",2024,"17.04.",2024-04-17,2595,"e"
"Statistik der Sterbefälle","Germany",2024,"18.04.",2024-04-18,2563,"e"
"Statistik der Sterbefälle","Germany",2024,"19.04.",2024-04-19,2792,"e"
"Statistik der Sterbefälle","Germany",2024,"20.04.",2024-04-20,2577,"e"
"Statistik der Sterbefälle","Germany",2024,"21.04.",2024-04-21,2461,"e"
"Statistik der Sterbefälle","Germany",2024,"22.04.",2024-04-22,2651,"e"
"Statistik der Sterbefälle","Germany",2024,"23.04.",2024-04-23,2624,"e"
"Statistik der Sterbefälle","Germany",2024,"24.04.",2024-04-24,2681,"e"
"Statistik der Sterbefälle","Germany",2024,"25.04.",2024-04-25,2692,"e"
"Statistik der Sterbefälle","Germany",2024,"26.04.",2024-04-26,2688,"e"
"Statistik der Sterbefälle","Germany",2024,"27.04.",2024-04-27,2707,"e"
"Statistik der Sterbefälle","Germany",2024,"28.04.",2024-04-28,2642,"e"
"Statistik der Sterbefälle","Germany",2024,"29.04.",2024-04-29,2781,"e"
"Statistik der Sterbefälle","Germany",2024,"30.04.",2024-04-30,2730,"e"
"Statistik der Sterbefälle","Germany",2024,"01.05.",2024-05-01,2757,"e"
"Statistik der Sterbefälle","Germany",2024,"02.05.",2024-05-02,2887,"e"
"Statistik der Sterbefälle","Germany",2024,"03.05.",2024-05-03,2794,"e"
"Statistik der Sterbefälle","Germany",2024,"04.05.",2024-05-04,2552,"e"
"Statistik der Sterbefälle","Germany",2024,"05.05.",2024-05-05,2475,"e"
"Statistik der Sterbefälle","Germany",2024,"06.05.",2024-05-06,2631,"e"
"Statistik der Sterbefälle","Germany",2024,"07.05.",2024-05-07,2680,"e"
"Statistik der Sterbefälle","Germany",2024,"08.05.",2024-05-08,2599,"e"
"Statistik der Sterbefälle","Germany",2024,"09.05.",2024-05-09,2545,"e"
"Statistik der Sterbefälle","Germany",2024,"10.05.",2024-05-10,2611,"e"
"Statistik der Sterbefälle","Germany",2024,"11.05.",2024-05-11,2561,"e"
"Statistik der Sterbefälle","Germany",2024,"12.05.",2024-05-12,2531,"e"
"Statistik der Sterbefälle","Germany",2024,"13.05.",2024-05-13,2697,"e"
"Statistik der Sterbefälle","Germany",2024,"14.05.",2024-05-14,2677,"e"
"Statistik der Sterbefälle","Germany",2024,"15.05.",2024-05-15,2745,"e"
"Statistik der Sterbefälle","Germany",2024,"16.05.",2024-05-16,2778,"e"
"Statistik der Sterbefälle","Germany",2024,"17.05.",2024-05-17,2742,"e"
"Statistik der Sterbefälle","Germany",2024,"18.05.",2024-05-18,2594,"e"
"Statistik der Sterbefälle","Germany",2024,"19.05.",2024-05-19,2509,"e"
"Statistik der Sterbefälle","Germany",2024,"20.05.",2024-05-20,2401,"e"
"Statistik der Sterbefälle","Germany",2024,"21.05.",2024-05-21,2589,"e"
"Statistik der Sterbefälle","Germany",2024,"22.05.",2024-05-22,2534,"e"
"Statistik der Sterbefälle","Germany",2024,"23.05.",2024-05-23,2523,"e"
"Statistik der Sterbefälle","Germany",2024,"24.05.",2024-05-24,2576,"e"
"Statistik der Sterbefälle","Germany",2024,"25.05.",2024-05-25,2555,"e"
"Statistik der Sterbefälle","Germany",2024,"26.05.",2024-05-26,2434,"e"
"Statistik der Sterbefälle","Germany",2024,"27.05.",2024-05-27,2571,"e"
"Statistik der Sterbefälle","Germany",2024,"28.05.",2024-05-28,2562,"e"
"Statistik der Sterbefälle","Germany",2024,"29.05.",2024-05-29,2605,"e"
"Statistik der Sterbefälle","Germany",2024,"30.05.",2024-05-30,2501,"e"
"Statistik der Sterbefälle","Germany",2024,"31.05.",2024-05-31,2487,"e"
"Statistik der Sterbefälle","Germany",2024,"01.06.",2024-06-01,2438,"e"
"Statistik der Sterbefälle","Germany",2024,"02.06.",2024-06-02,2379,"e"
"Statistik der Sterbefälle","Germany",2024,"03.06.",2024-06-03,2420,"e"
"Statistik der Sterbefälle","Germany",2024,"04.06.",2024-06-04,2496,"e"
"Statistik der Sterbefälle","Germany",2024,"05.06.",2024-06-05,2551,"e"
"Statistik der Sterbefälle","Germany",2024,"06.06.",2024-06-06,2564,"e"
"Statistik der Sterbefälle","Germany",2024,"07.06.",2024-06-07,2544,"e"
"Statistik der Sterbefälle","Germany",2024,"08.06.",2024-06-08,2545,"e"
"Statistik der Sterbefälle","Germany",2024,"09.06.",2024-06-09,2351,"e"
"Statistik der Sterbefälle","Germany",2024,"10.06.",2024-06-10,2530,"e"
"Statistik der Sterbefälle","Germany",2024,"11.06.",2024-06-11,2493,"e"
"Statistik der Sterbefälle","Germany",2024,"12.06.",2024-06-12,2536,"e"
"Statistik der Sterbefälle","Germany",2024,"13.06.",2024-06-13,2461,"e"
"Statistik der Sterbefälle","Germany",2024,"14.06.",2024-06-14,2654,"e"
"Statistik der Sterbefälle","Germany",2024,"15.06.",2024-06-15,2585,"e"
"Statistik der Sterbefälle","Germany",2024,"16.06.",2024-06-16,2568,"e"
"Statistik der Sterbefälle","Germany",2024,"17.06.",2024-06-17,2624,"e"
"Statistik der Sterbefälle","Germany",2024,"18.06.",2024-06-18,2705,"e"
"Statistik der Sterbefälle","Germany",2024,"19.06.",2024-06-19,2637,"e"
"Statistik der Sterbefälle","Germany",2024,"20.06.",2024-06-20,2606,"e"
"Statistik der Sterbefälle","Germany",2024,"21.06.",2024-06-21,2848,"e"
"Statistik der Sterbefälle","Germany",2024,"22.06.",2024-06-22,2443,"e"
"Statistik der Sterbefälle","Germany",2024,"23.06.",2024-06-23,2368,"e"
"Statistik der Sterbefälle","Germany",2024,"24.06.",2024-06-24,2646,"e"
"Statistik der Sterbefälle","Germany",2024,"25.06.",2024-06-25,2722,"e"
"Statistik der Sterbefälle","Germany",2024,"26.06.",2024-06-26,2858,"e"
"Statistik der Sterbefälle","Germany",2024,"27.06.",2024-06-27,2945,"e"
"Statistik der Sterbefälle","Germany",2024,"28.06.",2024-06-28,2865,"e"
"Statistik der Sterbefälle","Germany",2024,"29.06.",2024-06-29,2624,"e"
"Statistik der Sterbefälle","Germany",2024,"30.06.",2024-06-30,2514,"e"
"Statistik der Sterbefälle","Germany",2024,"01.07.",2024-07-01,2453,"e"
"Statistik der Sterbefälle","Germany",2024,"02.07.",2024-07-02,2401,"e"
"Statistik der Sterbefälle","Germany",2024,"03.07.",2024-07-03,2449,"e"
"Statistik der Sterbefälle","Germany",2024,"04.07.",2024-07-04,2481,"e"
"Statistik der Sterbefälle","Germany",2024,"05.07.",2024-07-05,2492,"e"
"Statistik der Sterbefälle","Germany",2024,"06.07.",2024-07-06,2553,"e"
"Statistik der Sterbefälle","Germany",2024,"07.07.",2024-07-07,2364,"e"
"Statistik der Sterbefälle","Germany",2024,"08.07.",2024-07-08,2379,"e"
"Statistik der Sterbefälle","Germany",2024,"09.07.",2024-07-09,2745,"e"
"Statistik der Sterbefälle","Germany",2024,"10.07.",2024-07-10,2741,"e"
"Statistik der Sterbefälle","Germany",2024,"11.07.",2024-07-11,2661,"e"
"Statistik der Sterbefälle","Germany",2024,"12.07.",2024-07-12,2662,"e"
"Statistik der Sterbefälle","Germany",2024,"13.07.",2024-07-13,2550,"e"
"Statistik der Sterbefälle","Germany",2024,"14.07.",2024-07-14,2386,"e"
"Statistik der Sterbefälle","Germany",2024,"15.07.",2024-07-15,2494,"e"
"Statistik der Sterbefälle","Germany",2024,"16.07.",2024-07-16,2589,"e"
"Statistik der Sterbefälle","Germany",2024,"17.07.",2024-07-17,2440,"e"
"Statistik der Sterbefälle","Germany",2024,"18.07.",2024-07-18,2550,"e"
"Statistik der Sterbefälle","Germany",2024,"19.07.",2024-07-19,2700,"e"
"Statistik der Sterbefälle","Germany",2024,"20.07.",2024-07-20,2722,"e"
"Statistik der Sterbefälle","Germany",2024,"21.07.",2024-07-21,2602,"e"
"Statistik der Sterbefälle","Germany",2024,"22.07.",2024-07-22,2546,"e"
"Statistik der Sterbefälle","Germany",2024,"23.07.",2024-07-23,2484,"e"
"Statistik der Sterbefälle","Germany",2024,"24.07.",2024-07-24,2511,"e"
"Statistik der Sterbefälle","Germany",2024,"25.07.",2024-07-25,2428,"e"
"Statistik der Sterbefälle","Germany",2024,"26.07.",2024-07-26,2479,"e"
"Statistik der Sterbefälle","Germany",2024,"27.07.",2024-07-27,2447,"e"
"Statistik der Sterbefälle","Germany",2024,"28.07.",2024-07-28,2279,"e"
"Statistik der Sterbefälle","Germany",2024,"29.07.",2024-07-29,2407,"e"
"Statistik der Sterbefälle","Germany",2024,"30.07.",2024-07-30,2446,"e"
"Statistik der Sterbefälle","Germany",2024,"31.07.",2024-07-31,2713,"e"
"Statistik der Sterbefälle","Germany",2024,"01.08.",2024-08-01,2685,"e"
"Statistik der Sterbefälle","Germany",2024,"02.08.",2024-08-02,2557,"e"
"Statistik der Sterbefälle","Germany",2024,"03.08.",2024-08-03,2498,"e"
"Statistik der Sterbefälle","Germany",2024,"04.08.",2024-08-04,2453,"e"
"Statistik der Sterbefälle","Germany",2024,"05.08.",2024-08-05,2452,"e"
"Statistik der Sterbefälle","Germany",2024,"06.08.",2024-08-06,2472,"e"
"Statistik der Sterbefälle","Germany",2024,"07.08.",2024-08-07,2601,"e"
"Statistik der Sterbefälle","Germany",2024,"08.08.",2024-08-08,2569,"e"
"Statistik der Sterbefälle","Germany",2024,"09.08.",2024-08-09,2530,"e"
"Statistik der Sterbefälle","Germany",2024,"10.08.",2024-08-10,2467,"e"
"Statistik der Sterbefälle","Germany",2024,"11.08.",2024-08-11,2365,"e"
"Statistik der Sterbefälle","Germany",2024,"12.08.",2024-08-12,2615,"e"
"Statistik der Sterbefälle","Germany",2024,"13.08.",2024-08-13,2749,"e"
"Statistik der Sterbefälle","Germany",2024,"14.08.",2024-08-14,2724,"e"
"Statistik der Sterbefälle","Germany",2024,"15.08.",2024-08-15,2696,"e"
"Statistik der Sterbefälle","Germany",2024,"16.08.",2024-08-16,2619,"e"
"Statistik der Sterbefälle","Germany",2024,"17.08.",2024-08-17,2583,"e"
"Statistik der Sterbefälle","Germany",2024,"18.08.",2024-08-18,2443,"e"
"Statistik der Sterbefälle","Germany",2024,"19.08.",2024-08-19,2430,"e"
"Statistik der Sterbefälle","Germany",2024,"20.08.",2024-08-20,2452,"e"
"Statistik der Sterbefälle","Germany",2024,"21.08.",2024-08-21,2478,"e"
"Statistik der Sterbefälle","Germany",2024,"22.08.",2024-08-22,2434,"e"
"Statistik der Sterbefälle","Germany",2024,"23.08.",2024-08-23,2512,"e"
"Statistik der Sterbefälle","Germany",2024,"24.08.",2024-08-24,2640,"e"
"Statistik der Sterbefälle","Germany",2024,"25.08.",2024-08-25,2328,"e"
"Statistik der Sterbefälle","Germany",2024,"26.08.",2024-08-26,2339,"e"
"Statistik der Sterbefälle","Germany",2024,"27.08.",2024-08-27,2475,"e"
"Statistik der Sterbefälle","Germany",2024,"28.08.",2024-08-28,2596,"e"
"Statistik der Sterbefälle","Germany",2024,"29.08.",2024-08-29,2793,"e"
"Statistik der Sterbefälle","Germany",2024,"30.08.",2024-08-30,2693,"e"
"Statistik der Sterbefälle","Germany",2024,"31.08.",2024-08-31,2495,"e"
"Statistik der Sterbefälle","Germany",2024,"01.09.",2024-09-01,2580,"e"
"Statistik der Sterbefälle","Germany",2024,"02.09.",2024-09-02,2724,"e"
"Statistik der Sterbefälle","Germany",2024,"03.09.",2024-09-03,2601,"e"
"Statistik der Sterbefälle","Germany",2024,"04.09.",2024-09-04,2667,"e"
"Statistik der Sterbefälle","Germany",2024,"05.09.",2024-09-05,2740,"e"
"Statistik der Sterbefälle","Germany",2024,"06.09.",2024-09-06,2761,"e"
"Statistik der Sterbefälle","Germany",2024,"07.09.",2024-09-07,2514,"e"
"Statistik der Sterbefälle","Germany",2024,"08.09.",2024-09-08,2519,"e"
"Statistik der Sterbefälle","Germany",2024,"09.09.",2024-09-09,2560,"e"
"Statistik der Sterbefälle","Germany",2024,"10.09.",2024-09-10,2443,"e"
"Statistik der Sterbefälle","Germany",2024,"11.09.",2024-09-11,2409,"e"
"Statistik der Sterbefälle","Germany",2024,"12.09.",2024-09-12,2550,"e"
"Statistik der Sterbefälle","Germany",2024,"13.09.",2024-09-13,2513,"e"
"Statistik der Sterbefälle","Germany",2024,"14.09.",2024-09-14,2555,"e"
"Statistik der Sterbefälle","Germany",2024,"15.09.",2024-09-15,2458,"e"
"Statistik der Sterbefälle","Germany",2024,"16.09.",2024-09-16,2620,"e"
"Statistik der Sterbefälle","Germany",2024,"17.09.",2024-09-17,2761,"e"
"Statistik der Sterbefälle","Germany",2024,"18.09.",2024-09-18,2716,"e"
"Statistik der Sterbefälle","Germany",2024,"19.09.",2024-09-19,2660,"e"
"Statistik der Sterbefälle","Germany",2024,"20.09.",2024-09-20,2726,"e"
"Statistik der Sterbefälle","Germany",2024,"21.09.",2024-09-21,2607,"e"
"Statistik der Sterbefälle","Germany",2024,"22.09.",2024-09-22,2702,"e"
"Statistik der Sterbefälle","Germany",2024,"23.09.",2024-09-23,2739,"e"
"Statistik der Sterbefälle","Germany",2024,"24.09.",2024-09-24,2702,"e"
"Statistik der Sterbefälle","Germany",2024,"25.09.",2024-09-25,2644,"e"
"Statistik der Sterbefälle","Germany",2024,"26.09.",2024-09-26,2755,"e"
"Statistik der Sterbefälle","Germany",2024,"27.09.",2024-09-27,2877,"e"
"Statistik der Sterbefälle","Germany",2024,"28.09.",2024-09-28,2554,"e"
"Statistik der Sterbefälle","Germany",2024,"29.09.",2024-09-29,2550,"e"
"Statistik der Sterbefälle","Germany",2024,"30.09.",2024-09-30,2700,"e"
"Statistik der Sterbefälle","Germany",2024,"01.10.",2024-10-01,2739,"e"
"Statistik der Sterbefälle","Germany",2024,"02.10.",2024-10-02,2857,"e"
"Statistik der Sterbefälle","Germany",2024,"03.10.",2024-10-03,2538,"e"
"Statistik der Sterbefälle","Germany",2024,"04.10.",2024-10-04,2731,"e"
"Statistik der Sterbefälle","Germany",2024,"05.10.",2024-10-05,2648,"e"
"Statistik der Sterbefälle","Germany",2024,"06.10.",2024-10-06,2618,"e"
"Statistik der Sterbefälle","Germany",2024,"07.10.",2024-10-07,2833,"e"
"Statistik der Sterbefälle","Germany",2024,"08.10.",2024-10-08,2842,"e"
"Statistik der Sterbefälle","Germany",2024,"09.10.",2024-10-09,2972,"e"
"Statistik der Sterbefälle","Germany",2024,"10.10.",2024-10-10,2920,"e"
"Statistik der Sterbefälle","Germany",2024,"11.10.",2024-10-11,2804,"e"
"Statistik der Sterbefälle","Germany",2024,"12.10.",2024-10-12,2768,"e"
"Statistik der Sterbefälle","Germany",2024,"13.10.",2024-10-13,2651,"e"
"Statistik der Sterbefälle","Germany",2024,"14.10.",2024-10-14,2837,"e"
"Statistik der Sterbefälle","Germany",2024,"15.10.",2024-10-15,2900,"e"
"Statistik der Sterbefälle","Germany",2024,"16.10.",2024-10-16,2926,"e"
"Statistik der Sterbefälle","Germany",2024,"17.10.",2024-10-17,2995,"e"
"Statistik der Sterbefälle","Germany",2024,"18.10.",2024-10-18,2951,"e"
"Statistik der Sterbefälle","Germany",2024,"19.10.",2024-10-19,2781,"e"
"Statistik der Sterbefälle","Germany",2024,"20.10.",2024-10-20,2673,"e"
"Statistik der Sterbefälle","Germany",2024,"21.10.",2024-10-21,2777,"e"
"Statistik der Sterbefälle","Germany",2024,"22.10.",2024-10-22,2904,"e"
"Statistik der Sterbefälle","Germany",2024,"23.10.",2024-10-23,2766,"e"
"Statistik der Sterbefälle","Germany",2024,"24.10.",2024-10-24,2806,"e"
"Statistik der Sterbefälle","Germany",2024,"25.10.",2024-10-25,2859,"e"
"Statistik der Sterbefälle","Germany",2024,"26.10.",2024-10-26,2845,"e"
"Statistik der Sterbefälle","Germany",2024,"27.10.",2024-10-27,2662,"e"
"Statistik der Sterbefälle","Germany",2024,"28.10.",2024-10-28,2768,"e"
"Statistik der Sterbefälle","Germany",2024,"29.10.",2024-10-29,2863,"e"
"Statistik der Sterbefälle","Germany",2024,"30.10.",2024-10-30,2821,"e"
"Statistik der Sterbefälle","Germany",2024,"31.10.",2024-10-31,2830,"e"
"Statistik der Sterbefälle","Germany",2024,"01.11.",2024-11-01,2754,"e"
"Statistik der Sterbefälle","Germany",2024,"02.11.",2024-11-02,2702,"e"
"Statistik der Sterbefälle","Germany",2024,"03.11.",2024-11-03,2548,"e"
"Statistik der Sterbefälle","Germany",2024,"04.11.",2024-11-04,2764,"e"
"Statistik der Sterbefälle","Germany",2024,"05.11.",2024-11-05,2759,"e"
"Statistik der Sterbefälle","Germany",2024,"06.11.",2024-11-06,2688,"e"
"Statistik der Sterbefälle","Germany",2024,"07.11.",2024-11-07,2847,"e"
"Statistik der Sterbefälle","Germany",2024,"08.11.",2024-11-08,2866,"e"
"Statistik der Sterbefälle","Germany",2024,"09.11.",2024-11-09,2804,"e"
"Statistik der Sterbefälle","Germany",2024,"10.11.",2024-11-10,2759,"e"
"Statistik der Sterbefälle","Germany",2024,"11.11.",2024-11-11,2893,"e"
"Statistik der Sterbefälle","Germany",2024,"12.11.",2024-11-12,2886,"e"
"Statistik der Sterbefälle","Germany",2024,"13.11.",2024-11-13,2925,"e"
"Statistik der Sterbefälle","Germany",2024,"14.11.",2024-11-14,2873,"e"
"Statistik der Sterbefälle","Germany",2024,"15.11.",2024-11-15,2985,"e"
"Statistik der Sterbefälle","Germany",2024,"16.11.",2024-11-16,2883,"e"
"Statistik der Sterbefälle","Germany",2024,"17.11.",2024-11-17,2815,"e"
"Statistik der Sterbefälle","Germany",2024,"18.11.",2024-11-18,2859,"e"
"Statistik der Sterbefälle","Germany",2024,"19.11.",2024-11-19,3033,"e"
"Statistik der Sterbefälle","Germany",2024,"20.11.",2024-11-20,3001,"e"
"Statistik der Sterbefälle","Germany",2024,"21.11.",2024-11-21,3040,"e"
"Statistik der Sterbefälle","Germany",2024,"22.11.",2024-11-22,2972,"e"
"Statistik der Sterbefälle","Germany",2024,"23.11.",2024-11-23,2877,"e"
"Statistik der Sterbefälle","Germany",2024,"24.11.",2024-11-24,2863,"e"
"Statistik der Sterbefälle","Germany",2024,"25.11.",2024-11-25,2969,"e"
"Statistik der Sterbefälle","Germany",2024,"26.11.",2024-11-26,3096,"e"
"Statistik der Sterbefälle","Germany",2024,"27.11.",2024-11-27,2999,"e"
"Statistik der Sterbefälle","Germany",2024,"28.11.",2024-11-28,3052,"e"
"Statistik der Sterbefälle","Germany",2024,"29.11.",2024-11-29,2955,"e"
"Statistik der Sterbefälle","Germany",2024,"30.11.",2024-11-30,2792,"e"
"Statistik der Sterbefälle","Germany",2024,"01.12.",2024-12-01,2871,"e"
"Statistik der Sterbefälle","Germany",2024,"02.12.",2024-12-02,2867,"e"
"Statistik der Sterbefälle","Germany",2024,"03.12.",2024-12-03,3027,"e"
"Statistik der Sterbefälle","Germany",2024,"04.12.",2024-12-04,2935,"e"
"Statistik der Sterbefälle","Germany",2024,"05.12.",2024-12-05,2978,"e"
"Statistik der Sterbefälle","Germany",2024,"06.12.",2024-12-06,3105,"e"
"Statistik der Sterbefälle","Germany",2024,"07.12.",2024-12-07,3047,"e"
"Statistik der Sterbefälle","Germany",2024,"08.12.",2024-12-08,2862,"e"
"Statistik der Sterbefälle","Germany",2024,"09.12.",2024-12-09,2866,"e"
"Statistik der Sterbefälle","Germany",2024,"10.12.",2024-12-10,2907,"e"
"Statistik der Sterbefälle","Germany",2024,"11.12.",2024-12-11,2934,"e"
"Statistik der Sterbefälle","Germany",2024,"12.12.",2024-12-12,2986,"e"
"Statistik der Sterbefälle","Germany",2024,"13.12.",2024-12-13,2926,"e"
"Statistik der Sterbefälle","Germany",2024,"14.12.",2024-12-14,2950,"e"
"Statistik der Sterbefälle","Germany",2024,"15.12.",2024-12-15,2933,"e"
"Statistik der Sterbefälle","Germany",2024,"16.12.",2024-12-16,3096,"e"
"Statistik der Sterbefälle","Germany",2024,"17.12.",2024-12-17,3077,"e"
"Statistik der Sterbefälle","Germany",2024,"18.12.",2024-12-18,3043,"e"
"Statistik der Sterbefälle","Germany",2024,"19.12.",2024-12-19,3153,"e"
"Statistik der Sterbefälle","Germany",2024,"20.12.",2024-12-20,3042,"e"
"Statistik der Sterbefälle","Germany",2024,"21.12.",2024-12-21,2889,"e"
"Statistik der Sterbefälle","Germany",2024,"22.12.",2024-12-22,2890,"e"
"Statistik der Sterbefälle","Germany",2024,"23.12.",2024-12-23,2879,"e"
"Statistik der Sterbefälle","Germany",2024,"24.12.",2024-12-24,2913,"e"
"Statistik der Sterbefälle","Germany",2024,"25.12.",2024-12-25,2820,"e"
"Statistik der Sterbefälle","Germany",2024,"26.12.",2024-12-26,2756,"e"
"Statistik der Sterbefälle","Germany",2024,"27.12.",2024-12-27,2973,"e"
"Statistik der Sterbefälle","Germany",2024,"28.12.",2024-12-28,2979,"e"
"Statistik der Sterbefälle","Germany",2024,"29.12.",2024-12-29,2903,"e"
"Statistik der Sterbefälle","Germany",2024,"30.12.",2024-12-30,3044,"e"
"Statistik der Sterbefälle","Germany",2024,"31.12.",2024-12-31,2966,"e"
"Statistik der Sterbefälle","Germany",2025,"01.01.",2025-01-01,3019,"p"
"Statistik der Sterbefälle","Germany",2025,"02.01.",2025-01-02,3142,"p"
"Statistik der Sterbefälle","Germany",2025,"03.01.",2025-01-03,3130,"p"
"Statistik der Sterbefälle","Germany",2025,"04.01.",2025-01-04,3102,"p"
"Statistik der Sterbefälle","Germany",2025,"05.01.",2025-01-05,2980,"p"
"Statistik der Sterbefälle","Germany",2025,"06.01.",2025-01-06,3187,"p"
"Statistik der Sterbefälle","Germany",2025,"07.01.",2025-01-07,3239,"p"
"Statistik der Sterbefälle","Germany",2025,"08.01.",2025-01-08,3247,"p"
"Statistik der Sterbefälle","Germany",2025,"09.01.",2025-01-09,3211,"p"
"Statistik der Sterbefälle","Germany",2025,"10.01.",2025-01-10,3205,"p"
"Statistik der Sterbefälle","Germany",2025,"11.01.",2025-01-11,3020,"p"
"Statistik der Sterbefälle","Germany",2025,"12.01.",2025-01-12,2953,"p"
"Statistik der Sterbefälle","Germany",2025,"13.01.",2025-01-13,3077,"p"
"Statistik der Sterbefälle","Germany",2025,"14.01.",2025-01-14,3031,"p"
"Statistik der Sterbefälle","Germany",2025,"15.01.",2025-01-15,3166,"p"
"Statistik der Sterbefälle","Germany",2025,"16.01.",2025-01-16,3101,"p"
"Statistik der Sterbefälle","Germany",2025,"17.01.",2025-01-17,3171,"p"
"Statistik der Sterbefälle","Germany",2025,"18.01.",2025-01-18,3066,"p"
"Statistik der Sterbefälle","Germany",2025,"19.01.",2025-01-19,3042,"p"
"Statistik der Sterbefälle","Germany",2025,"20.01.",2025-01-20,3253,"p"
"Statistik der Sterbefälle","Germany",2025,"21.01.",2025-01-21,3220,"p"
"Statistik der Sterbefälle","Germany",2025,"22.01.",2025-01-22,3387,"p"
"Statistik der Sterbefälle","Germany",2025,"23.01.",2025-01-23,3407,"p"
"Statistik der Sterbefälle","Germany",2025,"24.01.",2025-01-24,3392,"p"
"Statistik der Sterbefälle","Germany",2025,"25.01.",2025-01-25,3347,"p"
"Statistik der Sterbefälle","Germany",2025,"26.01.",2025-01-26,3137,"p"
"Statistik der Sterbefälle","Germany",2025,"27.01.",2025-01-27,3237,"p"
"Statistik der Sterbefälle","Germany",2025,"28.01.",2025-01-28,3390,"p"
"Statistik der Sterbefälle","Germany",2025,"29.01.",2025-01-29,3159,"p"
"Statistik der Sterbefälle","Germany",2025,"30.01.",2025-01-30,3266,"p"
"Statistik der Sterbefälle","Germany",2025,"31.01.",2025-01-31,3259,"p"
"Statistik der Sterbefälle","Germany",2025,"01.02.",2025-02-01,3200,"p"
"Statistik der Sterbefälle","Germany",2025,"02.02.",2025-02-02,3044,"p"
"Statistik der Sterbefälle","Germany",2025,"03.02.",2025-02-03,3195,"p"
"Statistik der Sterbefälle","Germany",2025,"04.02.",2025-02-04,3313,"p"
"Statistik der Sterbefälle","Germany",2025,"05.02.",2025-02-05,3238,"p"
"Statistik der Sterbefälle","Germany",2025,"06.02.",2025-02-06,3078,"p"
"Statistik der Sterbefälle","Germany",2025,"07.02.",2025-02-07,3343,"p"
"Statistik der Sterbefälle","Germany",2025,"08.02.",2025-02-08,3239,"p"
"Statistik der Sterbefälle","Germany",2025,"09.02.",2025-02-09,3080,"p"
"Statistik der Sterbefälle","Germany",2025,"10.02.",2025-02-10,3302,"p"
"Statistik der Sterbefälle","Germany",2025,"11.02.",2025-02-11,3299,"p"
"Statistik der Sterbefälle","Germany",2025,"12.02.",2025-02-12,3334,"p"
"Statistik der Sterbefälle","Germany",2025,"13.02.",2025-02-13,3277,"p"
"Statistik der Sterbefälle","Germany",2025,"14.02.",2025-02-14,3343,"p"
"Statistik der Sterbefälle","Germany",2025,"15.02.",2025-02-15,3114,"p"
"Statistik der Sterbefälle","Germany",2025,"16.02.",2025-02-16,3125,"p"
"Statistik der Sterbefälle","Germany",2025,"17.02.",2025-02-17,3299,"p"
"Statistik der Sterbefälle","Germany",2025,"18.02.",2025-02-18,3329,"p"
"Statistik der Sterbefälle","Germany",2025,"19.02.",2025-02-19,3312,"p"
"Statistik der Sterbefälle","Germany",2025,"20.02.",2025-02-20,3404,"p"
"Statistik der Sterbefälle","Germany",2025,"21.02.",2025-02-21,3536,"p"
"Statistik der Sterbefälle","Germany",2025,"22.02.",2025-02-22,3369,"p"
"Statistik der Sterbefälle","Germany",2025,"23.02.",2025-02-23,3181,"p"
"Statistik der Sterbefälle","Germany",2025,"24.02.",2025-02-24,3343,"p"
"Statistik der Sterbefälle","Germany",2025,"25.02.",2025-02-25,3466,"p"
"Statistik der Sterbefälle","Germany",2025,"26.02.",2025-02-26,3297,"p"
"Statistik der Sterbefälle","Germany",2025,"27.02.",2025-02-27,3171,"p"
"Statistik der Sterbefälle","Germany",2025,"28.02.",2025-02-28,3329,"p"
"Statistik der Sterbefälle","Germany",2025,"01.03.",2025-03-01,3125,"p"
"Statistik der Sterbefälle","Germany",2025,"02.03.",2025-03-02,3026,"p"
"Statistik der Sterbefälle","Germany",2025,"03.03.",2025-03-03,3192,"p"
"Statistik der Sterbefälle","Germany",2025,"04.03.",2025-03-04,3136,"p"
"Statistik der Sterbefälle","Germany",2025,"05.03.",2025-03-05,3168,"p"
"Statistik der Sterbefälle","Germany",2025,"06.03.",2025-03-06,3250,"p"
"Statistik der Sterbefälle","Germany",2025,"07.03.",2025-03-07,3257,"p"
"Statistik der Sterbefälle","Germany",2025,"08.03.",2025-03-08,3074,"p"
"Statistik der Sterbefälle","Germany",2025,"09.03.",2025-03-09,3005,"p"
"Statistik der Sterbefälle","Germany",2025,"10.03.",2025-03-10,3199,"p"
"Statistik der Sterbefälle","Germany",2025,"11.03.",2025-03-11,3243,"p"
"Statistik der Sterbefälle","Germany",2025,"12.03.",2025-03-12,3150,"p"
"Statistik der Sterbefälle","Germany",2025,"13.03.",2025-03-13,3105,"p"
"Statistik der Sterbefälle","Germany",2025,"14.03.",2025-03-14,3193,"p"
"Statistik der Sterbefälle","Germany",2025,"15.03.",2025-03-15,2902,"p"
"Statistik der Sterbefälle","Germany",2025,"16.03.",2025-03-16,2882,"p"
"Statistik der Sterbefälle","Germany",2025,"17.03.",2025-03-17,2990,"p"
"Statistik der Sterbefälle","Germany",2025,"18.03.",2025-03-18,3037,"p"
"Statistik der Sterbefälle","Germany",2025,"19.03.",2025-03-19,2969,"p"
"Statistik der Sterbefälle","Germany",2025,"20.03.",2025-03-20,3062,"p"
"Statistik der Sterbefälle","Germany",2025,"21.03.",2025-03-21,3162,"p"
"Statistik der Sterbefälle","Germany",2025,"22.03.",2025-03-22,3142,"p"
"Statistik der Sterbefälle","Germany",2025,"23.03.",2025-03-23,2907,"p"
"Statistik der Sterbefälle","Germany",2025,"24.03.",2025-03-24,3059,"p"
"Statistik der Sterbefälle","Germany",2025,"25.03.",2025-03-25,3022,"p"
"Statistik der Sterbefälle","Germany",2025,"26.03.",2025-03-26,2848,"p"
"Statistik der Sterbefälle","Germany",2025,"27.03.",2025-03-27,2910,"p"
"Statistik der Sterbefälle","Germany",2025,"28.03.",2025-03-28,3077,"p"
"Statistik der Sterbefälle","Germany",2025,"29.03.",2025-03-29,2930,"p"
"Statistik der Sterbefälle","Germany",2025,"30.03.",2025-03-30,2622,"p"
"Statistik der Sterbefälle","Germany",2025,"31.03.",2025-03-31,2857,"p"
"Statistik der Sterbefälle","Germany",2025,"01.04.",2025-04-01,2777,"p"
"Statistik der Sterbefälle","Germany",2025,"02.04.",2025-04-02,2872,"p"
"Statistik der Sterbefälle","Germany",2025,"03.04.",2025-04-03,3050,"p"
"Statistik der Sterbefälle","Germany",2025,"04.04.",2025-04-04,2870,"p"
"Statistik der Sterbefälle","Germany",2025,"05.04.",2025-04-05,2888,"p"
"Statistik der Sterbefälle","Germany",2025,"06.04.",2025-04-06,2580,"p"
"Statistik der Sterbefälle","Germany",2025,"07.04.",2025-04-07,2795,"p"
"Statistik der Sterbefälle","Germany",2025,"08.04.",2025-04-08,2804,"p"
"Statistik der Sterbefälle","Germany",2025,"09.04.",2025-04-09,2845,"p"
"Statistik der Sterbefälle","Germany",2025,"10.04.",2025-04-10,2823,"p"
"Statistik der Sterbefälle","Germany",2025,"11.04.",2025-04-11,2862,"p"
"Statistik der Sterbefälle","Germany",2025,"12.04.",2025-04-12,2770,"p"
"Statistik der Sterbefälle","Germany",2025,"13.04.",2025-04-13,2808,"p"
"Statistik der Sterbefälle","Germany",2025,"14.04.",2025-04-14,2790,"p"
"Statistik der Sterbefälle","Germany",2025,"15.04.",2025-04-15,2864,"p"
"Statistik der Sterbefälle","Germany",2025,"16.04.",2025-04-16,2956,"p"
"Statistik der Sterbefälle","Germany",2025,"17.04.",2025-04-17,2797,"p"
"Statistik der Sterbefälle","Germany",2025,"18.04.",2025-04-18,2568,"p"
"Statistik der Sterbefälle","Germany",2025,"19.04.",2025-04-19,2750,"p"
"Statistik der Sterbefälle","Germany",2025,"20.04.",2025-04-20,2641,"p"
"Statistik der Sterbefälle","Germany",2025,"21.04.",2025-04-21,2458,"p"
"Statistik der Sterbefälle","Germany",2025,"22.04.",2025-04-22,2631,"p"
"Statistik der Sterbefälle","Germany",2025,"23.04.",2025-04-23,2599,"p"
"Statistik der Sterbefälle","Germany",2025,"24.04.",2025-04-24,2609,"p"
"Statistik der Sterbefälle","Germany",2025,"25.04.",2025-04-25,2676,"p"
"Statistik der Sterbefälle","Germany",2025,"26.04.",2025-04-26,2567,"p"
"Statistik der Sterbefälle","Germany",2025,"27.04.",2025-04-27,2490,"p"
"Statistik der Sterbefälle","Germany",2025,"28.04.",2025-04-28,2705,"p"
"Statistik der Sterbefälle","Germany",2025,"29.04.",2025-04-29,2719,"p"
"Statistik der Sterbefälle","Germany",2025,"30.04.",2025-04-30,2761,"p"
"Statistik der Sterbefälle","Germany",2025,"01.05.",2025-05-01,2703,"p"
"Statistik der Sterbefälle","Germany",2025,"02.05.",2025-05-02,2727,"p"
"Statistik der Sterbefälle","Germany",2025,"03.05.",2025-05-03,2718,"p"
"Statistik der Sterbefälle","Germany",2025,"04.05.",2025-05-04,2463,"p"
"Statistik der Sterbefälle","Germany",2025,"05.05.",2025-05-05,2503,"p"
"Statistik der Sterbefälle","Germany",2025,"06.05.",2025-05-06,2544,"p"
"Statistik der Sterbefälle","Germany",2025,"07.05.",2025-05-07,2521,"p"
"Statistik der Sterbefälle","Germany",2025,"08.05.",2025-05-08,2527,"p"
"Statistik der Sterbefälle","Germany",2025,"09.05.",2025-05-09,2578,"p"
"Statistik der Sterbefälle","Germany",2025,"10.05.",2025-05-10,2451,"p"
"Statistik der Sterbefälle","Germany",2025,"11.05.",2025-05-11,2564,"p"
"Statistik der Sterbefälle","Germany",2025,"12.05.",2025-05-12,2667,"p"
"Statistik der Sterbefälle","Germany",2025,"13.05.",2025-05-13,2649,"p"
"Statistik der Sterbefälle","Germany",2025,"14.05.",2025-05-14,2507,"p"
"Statistik der Sterbefälle","Germany",2025,"15.05.",2025-05-15,2604,"p"
"Statistik der Sterbefälle","Germany",2025,"16.05.",2025-05-16,2580,"p"
"Statistik der Sterbefälle","Germany",2025,"17.05.",2025-05-17,2545,"p"
"Statistik der Sterbefälle","Germany",2025,"18.05.",2025-05-18,2437,"p"
"Statistik der Sterbefälle","Germany",2025,"19.05.",2025-05-19,2493,"p"
"Statistik der Sterbefälle","Germany",2025,"20.05.",2025-05-20,2600,"p"
"Statistik der Sterbefälle","Germany",2025,"21.05.",2025-05-21,2565,"p"
"Statistik der Sterbefälle","Germany",2025,"22.05.",2025-05-22,2479,"p"
"Statistik der Sterbefälle","Germany",2025,"23.05.",2025-05-23,2514,"p"
"Statistik der Sterbefälle","Germany",2025,"24.05.",2025-05-24,2426,"p"
"Statistik der Sterbefälle","Germany",2025,"25.05.",2025-05-25,2476,"p"
"Statistik der Sterbefälle","Germany",2025,"26.05.",2025-05-26,2582,"p"
"Statistik der Sterbefälle","Germany",2025,"27.05.",2025-05-27,2566,"p"
"Statistik der Sterbefälle","Germany",2025,"28.05.",2025-05-28,2723,"p"
"Statistik der Sterbefälle","Germany",2025,"29.05.",2025-05-29,2513,"p"
"Statistik der Sterbefälle","Germany",2025,"30.05.",2025-05-30,2745,"p"
"Statistik der Sterbefälle","Germany",2025,"31.05.",2025-05-31,2608,"p"
"Statistik der Sterbefälle","Germany",2025,"01.06.",2025-06-01,2579,"p"
"Statistik der Sterbefälle","Germany",2025,"02.06.",2025-06-02,2557,"p"
"Statistik der Sterbefälle","Germany",2025,"03.06.",2025-06-03,2551,"p"
"Statistik der Sterbefälle","Germany",2025,"04.06.",2025-06-04,2574,"p"
"Statistik der Sterbefälle","Germany",2025,"05.06.",2025-06-05,2621,"p"
"Statistik der Sterbefälle","Germany",2025,"06.06.",2025-06-06,2651,"p"
"Statistik der Sterbefälle","Germany",2025,"07.06.",2025-06-07,2442,"p"
"Statistik der Sterbefälle","Germany",2025,"08.06.",2025-06-08,2324,"p"
"Statistik der Sterbefälle","Germany",2025,"09.06.",2025-06-09,2257,"p"
"Statistik der Sterbefälle","Germany",2025,"10.06.",2025-06-10,2428,"p"
"Statistik der Sterbefälle","Germany",2025,"11.06.",2025-06-11,2542,"p"
"Statistik der Sterbefälle","Germany",2025,"12.06.",2025-06-12,2492,"p"
"Statistik der Sterbefälle","Germany",2025,"13.06.",2025-06-13,2570,"p"
"Statistik der Sterbefälle","Germany",2025,"14.06.",2025-06-14,2569,"p"
"Statistik der Sterbefälle","Germany",2025,"15.06.",2025-06-15,2563,"p"
"Statistik der Sterbefälle","Germany",2025,"16.06.",2025-06-16,2478,"p"
"Statistik der Sterbefälle","Germany",2025,"17.06.",2025-06-17,2531,"p"
"Statistik der Sterbefälle","Germany",2025,"18.06.",2025-06-18,2565,"p"
"Statistik der Sterbefälle","Germany",2025,"19.06.",2025-06-19,2467,"p"
"Statistik der Sterbefälle","Germany",2025,"20.06.",2025-06-20,2455,"p"
"Statistik der Sterbefälle","Germany",2025,"21.06.",2025-06-21,2410,"p"
"Statistik der Sterbefälle","Germany",2025,"22.06.",2025-06-22,2501,"p"
"Statistik der Sterbefälle","Germany",2025,"23.06.",2025-06-23,2565,"p"
"Statistik der Sterbefälle","Germany",2025,"24.06.",2025-06-24,2444,"p"
"Statistik der Sterbefälle","Germany",2025,"25.06.",2025-06-25,2578,"p"
"Statistik der Sterbefälle","Germany",2025,"26.06.",2025-06-26,2698,"p"
"Statistik der Sterbefälle","Germany",2025,"27.06.",2025-06-27,2506,"p"
"Statistik der Sterbefälle","Germany",2025,"28.06.",2025-06-28,2478,"p"
"Statistik der Sterbefälle","Germany",2025,"29.06.",2025-06-29,2487,"p"
"Statistik der Sterbefälle","Germany",2025,"30.06.",2025-06-30,2512,"p"
"Statistik der Sterbefälle","Germany",2025,"01.07.",2025-07-01,2618,"p"
"Statistik der Sterbefälle","Germany",2025,"02.07.",2025-07-02,2843,"p"
"Statistik der Sterbefälle","Germany",2025,"03.07.",2025-07-03,2793,"p"
"Statistik der Sterbefälle","Germany",2025,"04.07.",2025-07-04,2471,"p"
"Statistik der Sterbefälle","Germany",2025,"05.07.",2025-07-05,2446,"p"
"Statistik der Sterbefälle","Germany",2025,"06.07.",2025-07-06,2399,"p"
"Statistik der Sterbefälle","Germany",2025,"07.07.",2025-07-07,2549,"p"
"Statistik der Sterbefälle","Germany",2025,"08.07.",2025-07-08,2362,"p"
"Statistik der Sterbefälle","Germany",2025,"09.07.",2025-07-09,2355,"p"
"Statistik der Sterbefälle","Germany",2025,"10.07.",2025-07-10,2349,"p"
"Statistik der Sterbefälle","Germany",2025,"11.07.",2025-07-11,2510,"p"
"Statistik der Sterbefälle","Germany",2025,"12.07.",2025-07-12,2438,"p"
"Statistik der Sterbefälle","Germany",2025,"13.07.",2025-07-13,2427,"p"
"Statistik der Sterbefälle","Germany",2025,"14.07.",2025-07-14,2513,"p"
"Statistik der Sterbefälle","Germany",2025,"15.07.",2025-07-15,2511,"p"
"Statistik der Sterbefälle","Germany",2025,"16.07.",2025-07-16,2329,"p"
"Statistik der Sterbefälle","Germany",2025,"17.07.",2025-07-17,2465,"p"
"Statistik der Sterbefälle","Germany",2025,"18.07.",2025-07-18,2602,"p"
"Statistik der Sterbefälle","Germany",2025,"19.07.",2025-07-19,2538,"p"
"Statistik der Sterbefälle","Germany",2025,"20.07.",2025-07-20,2598,"p"
"Statistik der Sterbefälle","Germany",2025,"21.07.",2025-07-21,2542,"p"
"Statistik der Sterbefälle","Germany",2025,"22.07.",2025-07-22,2346,"p"
"Statistik der Sterbefälle","Germany",2025,"23.07.",2025-07-23,2499,"p"
"Statistik der Sterbefälle","Germany",2025,"24.07.",2025-07-24,2494,"p"
"Statistik der Sterbefälle","Germany",2025,"25.07.",2025-07-25,2528,"p"
"Statistik der Sterbefälle","Germany",2025,"26.07.",2025-07-26,2344,"p"
"Statistik der Sterbefälle","Germany",2025,"27.07.",2025-07-27,2363,"p"
"Statistik der Sterbefälle","Germany",2025,"28.07.",2025-07-28,2351,"p"
"Statistik der Sterbefälle","Germany",2025,"29.07.",2025-07-29,2386,"p"
"Statistik der Sterbefälle","Germany",2025,"30.07.",2025-07-30,2418,"p"
"Statistik der Sterbefälle","Germany",2025,"31.07.",2025-07-31,2447,"p"
"Statistik der Sterbefälle","Germany",2025,"01.08.",2025-08-01,2453,"p"
"Statistik der Sterbefälle","Germany",2025,"02.08.",2025-08-02,2377,"p"
"Statistik der Sterbefälle","Germany",2025,"03.08.",2025-08-03,2177,"p"
"Statistik der Sterbefälle","Germany",2025,"04.08.",2025-08-04,2383,"p"
"Statistik der Sterbefälle","Germany",2025,"05.08.",2025-08-05,2538,"p"
"Statistik der Sterbefälle","Germany",2025,"06.08.",2025-08-06,2420,"p"
"Statistik der Sterbefälle","Germany",2025,"07.08.",2025-08-07,2462,"p"
"Statistik der Sterbefälle","Germany",2025,"08.08.",2025-08-08,2555,"p"
"Statistik der Sterbefälle","Germany",2025,"09.08.",2025-08-09,2587,"p"
"Statistik der Sterbefälle","Germany",2025,"10.08.",2025-08-10,2431,"p"
"Statistik der Sterbefälle","Germany",2025,"11.08.",2025-08-11,2519,"p"
"Statistik der Sterbefälle","Germany",2025,"12.08.",2025-08-12,2525,"p"
"Statistik der Sterbefälle","Germany",2025,"13.08.",2025-08-13,2630,"p"
"Statistik der Sterbefälle","Germany",2025,"14.08.",2025-08-14,2850,"p"
"Statistik der Sterbefälle","Germany",2025,"15.08.",2025-08-15,2934,"p"
"Statistik der Sterbefälle","Germany",2025,"16.08.",2025-08-16,2661,"p"
"Statistik der Sterbefälle","Germany",2025,"17.08.",2025-08-17,2230,"p"
"Statistik der Sterbefälle","Germany",2025,"18.08.",2025-08-18,2470,"p"
"Statistik der Sterbefälle","Germany",2025,"19.08.",2025-08-19,2505,"p"
"Statistik der Sterbefälle","Germany",2025,"20.08.",2025-08-20,2535,"p"
"Statistik der Sterbefälle","Germany",2025,"21.08.",2025-08-21,2430,"p"
"Statistik der Sterbefälle","Germany",2025,"22.08.",2025-08-22,2416,"p"
"Statistik der Sterbefälle","Germany",2025,"23.08.",2025-08-23,2290,"p"
"Statistik der Sterbefälle","Germany",2025,"24.08.",2025-08-24,2244,"p"
"Statistik der Sterbefälle","Germany",2025,"25.08.",2025-08-25,2413,"p"
"Statistik der Sterbefälle","Germany",2025,"26.08.",2025-08-26,2482,"p"
"Statistik der Sterbefälle","Germany",2025,"27.08.",2025-08-27,2575,"p"
"Statistik der Sterbefälle","Germany",2025,"28.08.",2025-08-28,2632,"p"
"Statistik der Sterbefälle","Germany",2025,"29.08.",2025-08-29,2496,"p"
"Statistik der Sterbefälle","Germany",2025,"30.08.",2025-08-30,2386,"p"
"Statistik der Sterbefälle","Germany",2025,"31.08.",2025-08-31,2405,"p"
"Statistik der Sterbefälle","Germany",2025,"01.09.",2025-09-01,2509,"p"
"Statistik der Sterbefälle","Germany",2025,"02.09.",2025-09-02,2462,"p"
"Statistik der Sterbefälle","Germany",2025,"03.09.",2025-09-03,2495,"p"
"Statistik der Sterbefälle","Germany",2025,"04.09.",2025-09-04,2508,"p"
"Statistik der Sterbefälle","Germany",2025,"05.09.",2025-09-05,2492,"p"
"Statistik der Sterbefälle","Germany",2025,"06.09.",2025-09-06,2366,"p"
"Statistik der Sterbefälle","Germany",2025,"07.09.",2025-09-07,2258,"p"
"Statistik der Sterbefälle","Germany",2025,"08.09.",2025-09-08,2441,"p"
"Statistik der Sterbefälle","Germany",2025,"09.09.",2025-09-09,2453,"p"
"Statistik der Sterbefälle","Germany",2025,"10.09.",2025-09-10,2423,"p"
"Statistik der Sterbefälle","Germany",2025,"11.09.",2025-09-11,2399,"p"
"Statistik der Sterbefälle","Germany",2025,"12.09.",2025-09-12,2358,"p"
"Statistik der Sterbefälle","Germany",2025,"13.09.",2025-09-13,2399,"p"
"Statistik der Sterbefälle","Germany",2025,"14.09.",2025-09-14,2365,"p"
"Statistik der Sterbefälle","Germany",2025,"15.09.",2025-09-15,2462,"p"
"Statistik der Sterbefälle","Germany",2025,"16.09.",2025-09-16,2557,"p"
"Statistik der Sterbefälle","Germany",2025,"17.09.",2025-09-17,2480,"p"
"Statistik der Sterbefälle","Germany",2025,"18.09.",2025-09-18,2616,"p"
"Statistik der Sterbefälle","Germany",2025,"19.09.",2025-09-19,2594,"p"
"Statistik der Sterbefälle","Germany",2025,"20.09.",2025-09-20,2690,"p"
"Statistik der Sterbefälle","Germany",2025,"21.09.",2025-09-21,2436,"p"
"Statistik der Sterbefälle","Germany",2025,"22.09.",2025-09-22,2452,"p"
"Statistik der Sterbefälle","Germany",2025,"23.09.",2025-09-23,2394,"p"
"Statistik der Sterbefälle","Germany",2025,"24.09.",2025-09-24,2431,"p"
"Statistik der Sterbefälle","Germany",2025,"25.09.",2025-09-25,2521,"p"
"Statistik der Sterbefälle","Germany",2025,"26.09.",2025-09-26,2558,"p"
"Statistik der Sterbefälle","Germany",2025,"27.09.",2025-09-27,2543,"p"
"Statistik der Sterbefälle","Germany",2025,"28.09.",2025-09-28,2487,"p"
"Statistik der Sterbefälle","Germany",2025,"29.09.",2025-09-29,2516,"p"
"Statistik der Sterbefälle","Germany",2025,"30.09.",2025-09-30,2583,"p"
"Statistik der Sterbefälle","Germany",2025,"01.10.",2025-10-01,2538,"p"
"Statistik der Sterbefälle","Germany",2025,"02.10.",2025-10-02,2629,"p"
"Statistik der Sterbefälle","Germany",2025,"03.10.",2025-10-03,2651,"p"
"Statistik der Sterbefälle","Germany",2025,"04.10.",2025-10-04,2645,"p"
"Statistik der Sterbefälle","Germany",2025,"05.10.",2025-10-05,2507,"p"
"Statistik der Sterbefälle","Germany",2025,"06.10.",2025-10-06,2567,"p"
"Statistik der Sterbefälle","Germany",2025,"07.10.",2025-10-07,2703,"p"
"Statistik der Sterbefälle","Germany",2025,"08.10.",2025-10-08,2827,"p"
"Statistik der Sterbefälle","Germany",2025,"09.10.",2025-10-09,2741,"p"
"Statistik der Sterbefälle","Germany",2025,"10.10.",2025-10-10,2688,"p"
"Statistik der Sterbefälle","Germany",2025,"11.10.",2025-10-11,2612,"p"
"Statistik der Sterbefälle","Germany",2025,"12.10.",2025-10-12,2556,"p"
"Statistik der Sterbefälle","Germany",2025,"13.10.",2025-10-13,2620,"p"
"Statistik der Sterbefälle","Germany",2025,"14.10.",2025-10-14,2589,"p"
"Statistik der Sterbefälle","Germany",2025,"15.10.",2025-10-15,2622,"p"
"Statistik der Sterbefälle","Germany",2025,"16.10.",2025-10-16,2744,"p"
"Statistik der Sterbefälle","Germany",2025,"17.10.",2025-10-17,2652,"p"
"Statistik der Sterbefälle","Germany",2025,"18.10.",2025-10-18,2615,"p"
"Statistik der Sterbefälle","Germany",2025,"19.10.",2025-10-19,2467,"p"
"Statistik der Sterbefälle","Germany",2025,"20.10.",2025-10-20,2803,"p"
"Statistik der Sterbefälle","Germany",2025,"21.10.",2025-10-21,2850,"p"
"Statistik der Sterbefälle","Germany",2025,"22.10.",2025-10-22,2816,"p"
"Statistik der Sterbefälle","Germany",2025,"23.10.",2025-10-23,2844,"p"
"Statistik der Sterbefälle","Germany",2025,"24.10.",2025-10-24,2751,"p"
"Statistik der Sterbefälle","Germany",2025,"25.10.",2025-10-25,2711,"p"
"Statistik der Sterbefälle","Germany",2025,"26.10.",2025-10-26,2679,"p"
"Statistik der Sterbefälle","Germany",2025,"27.10.",2025-10-27,2730,"p"
"Statistik der Sterbefälle","Germany",2025,"28.10.",2025-10-28,2705,"p"
"Statistik der Sterbefälle","Germany",2025,"29.10.",2025-10-29,2763,"p"
"Statistik der Sterbefälle","Germany",2025,"30.10.",2025-10-30,2740,"p"
"Statistik der Sterbefälle","Germany",2025,"31.10.",2025-10-31,2729,"p"
"Statistik der Sterbefälle","Germany",2025,"01.11.",2025-11-01,2711,"p"
"Statistik der Sterbefälle","Germany",2025,"02.11.",2025-11-02,2683,"p"
"Statistik der Sterbefälle","Germany",2025,"03.11.",2025-11-03,2738,"p"
"Statistik der Sterbefälle","Germany",2025,"04.11.",2025-11-04,2742,"p"
"Statistik der Sterbefälle","Germany",2025,"05.11.",2025-11-05,2793,"p"
"Statistik der Sterbefälle","Germany",2025,"06.11.",2025-11-06,2804,"p"
"Statistik der Sterbefälle","Germany",2025,"07.11.",2025-11-07,2730,"p"
"Statistik der Sterbefälle","Germany",2025,"08.11.",2025-11-08,2612,"p"
"Statistik der Sterbefälle","Germany",2025,"09.11.",2025-11-09,2567,"p"
"Statistik der Sterbefälle","Germany",2025,"10.11.",2025-11-10,2655,"p"
"Statistik der Sterbefälle","Germany",2025,"11.11.",2025-11-11,2699,"p"
"Statistik der Sterbefälle","Germany",2025,"12.11.",2025-11-12,2740,"p"
"Statistik der Sterbefälle","Germany",2025,"13.11.",2025-11-13,2807,"p"
"Statistik der Sterbefälle","Germany",2025,"14.11.",2025-11-14,2788,"p"
"Statistik der Sterbefälle","Germany",2025,"15.11.",2025-11-15,2720,"p"
"Statistik der Sterbefälle","Germany",2025,"16.11.",2025-11-16,2571,"p"
"Statistik der Sterbefälle","Germany",2025,"17.11.",2025-11-17,2640,"p"
"Statistik der Sterbefälle","Germany",2025,"18.11.",2025-11-18,2721,"p"
"Statistik der Sterbefälle","Germany",2025,"19.11.",2025-11-19,2666,"p"
"Statistik der Sterbefälle","Germany",2025,"20.11.",2025-11-20,2752,"p"
"Statistik der Sterbefälle","Germany",2025,"21.11.",2025-11-21,2734,"p"
"Statistik der Sterbefälle","Germany",2025,"22.11.",2025-11-22,2690,"p"
"Statistik der Sterbefälle","Germany",2025,"23.11.",2025-11-23,2654,"p"
"Statistik der Sterbefälle","Germany",2025,"24.11.",2025-11-24,2889,"p"
"Statistik der Sterbefälle","Germany",2025,"25.11.",2025-11-25,2842,"p"
"Statistik der Sterbefälle","Germany",2025,"26.11.",2025-11-26,2773,"p"
"Statistik der Sterbefälle","Germany",2025,"27.11.",2025-11-27,2844,"p"
"Statistik der Sterbefälle","Germany",2025,"28.11.",2025-11-28,2862,"p"
"Statistik der Sterbefälle","Germany",2025,"29.11.",2025-11-29,2917,"p"
"Statistik der Sterbefälle","Germany",2025,"30.11.",2025-11-30,2714,"p"
"Statistik der Sterbefälle","Germany",2025,"01.12.",2025-12-01,2799,"p"
"Statistik der Sterbefälle","Germany",2025,"02.12.",2025-12-02,2821,"p"
"Statistik der Sterbefälle","Germany",2025,"03.12.",2025-12-03,2849,"p"
"Statistik der Sterbefälle","Germany",2025,"04.12.",2025-12-04,2867,"p"
"Statistik der Sterbefälle","Germany",2025,"05.12.",2025-12-05,2923,"p"
"Statistik der Sterbefälle","Germany",2025,"06.12.",2025-12-06,2853,"p"
"Statistik der Sterbefälle","Germany",2025,"07.12.",2025-12-07,2644,"p"
"Statistik der Sterbefälle","Germany",2025,"08.12.",2025-12-08,2894,"p"
"Statistik der Sterbefälle","Germany",2025,"09.12.",2025-12-09,2846,"p"
"Statistik der Sterbefälle","Germany",2025,"10.12.",2025-12-10,2909,"p"
"Statistik der Sterbefälle","Germany",2025,"11.12.",2025-12-11,2827,"p"
"Statistik der Sterbefälle","Germany",2025,"12.12.",2025-12-12,2812,"p"
"Statistik der Sterbefälle","Germany",2025,"13.12.",2025-12-13,2685,"p"
"Statistik der Sterbefälle","Germany",2025,"14.12.",2025-12-14,2564,"p"
"Statistik der Sterbefälle","Germany",2025,"15.12.",2025-12-15,2842,"p"
"Statistik der Sterbefälle","Germany",2025,"16.12.",2025-12-16,2729,"p"
"Statistik der Sterbefälle","Germany",2025,"17.12.",2025-12-17,2815,"p"
"Statistik der Sterbefälle","Germany",2025,"18.12.",2025-12-18,2882,"p"
"Statistik der Sterbefälle","Germany",2025,"19.12.",2025-12-19,2897,"p"
"Statistik der Sterbefälle","Germany",2025,"20.12.",2025-12-20,2845,"p"
"Statistik der Sterbefälle","Germany",2025,"21.12.",2025-12-21,2769,"p"
"Statistik der Sterbefälle","Germany",2025,"22.12.",2025-12-22,2857,"p"
"Statistik der Sterbefälle","Germany",2025,"23.12.",2025-12-23,2856,"p"
"Statistik der Sterbefälle","Germany",2025,"24.12.",2025-12-24,2680,"p"
"Statistik der Sterbefälle","Germany",2025,"25.12.",2025-12-25,2644,"p"
"Statistik der Sterbefälle","Germany",2025,"26.12.",2025-12-26,2720,"p"
"Statistik der Sterbefälle","Germany",2025,"27.12.",2025-12-27,2829,"p"
"Statistik der Sterbefälle","Germany",2025,"28.12.",2025-12-28,2830,"p"
"Statistik der Sterbefälle","Germany",2025,"29.12.",2025-12-29,2956,"p"
"Statistik der Sterbefälle","Germany",2025,"30.12.",2025-12-30,2999,"p"
"Statistik der Sterbefälle","Germany",2025,"31.12.",2025-12-31,2947,"p"
"Statistik der Sterbefälle","Germany",2026,"01.01.",2026-01-01,2901,"p"
"Statistik der Sterbefälle","Germany",2026,"02.01.",2026-01-02,3143,"p"
"Statistik der Sterbefälle","Germany",2026,"03.01.",2026-01-03,3006,"p"
"Statistik der Sterbefälle","Germany",2026,"04.01.",2026-01-04,2971,"p"
"Statistik der Sterbefälle","Germany",2026,"05.01.",2026-01-05,3165,"p"
"Statistik der Sterbefälle","Germany",2026,"06.01.",2026-01-06,3062,"p"
"Statistik der Sterbefälle","Germany",2026,"07.01.",2026-01-07,3359,"p"
"Statistik der Sterbefälle","Germany",2026,"08.01.",2026-01-08,3085,"p"
"Statistik der Sterbefälle","Germany",2026,"09.01.",2026-01-09,3349,"p"
"Statistik der Sterbefälle","Germany",2026,"10.01.",2026-01-10,3056,"p"
"Statistik der Sterbefälle","Germany",2026,"11.01.",2026-01-11,2835,"p"
